Number,Name,Ht,Wt,Yr,G,%Min,ORtg,%Poss,%Shots,eFG%,TS%,OR%,DR%,ARate,TORate,Blk%,Stl%,FC/40,FD/40,FTRate,FTM-A,Pct,2PM-A,Player.2Pt%,3PM-A,Player.3Pt%,KenPomPlayerURL,Game -1,Game -2,Game -3,Game -4,Game -5,Game -6,Team,Team.Conference,Team.AdjTempo,Team.AdjTempo.Rank,Team.AdjOE,Team.AdjOE.Rank,Team.Off-eFG%,Team.Off-eFG%.Rank,Team.Off-TO%,Team.Off-TO%.Rank,Team.Off-OR%,Team.Off-OR%.Rank,Team.Off-FTRate,Team.Off-FTRate.Rank,Team.AdjDE,Team.AdjDE.Rank,Team.Def-eFG%,Team.Def-eFG%.Rank,Team.Def-TO%,Team.Def-TO%.Rank,Team.Def-OR%,Team.Def-OR%.Rank,Team.Def-FTRate,Team.Def-FTRate.Rank,Team.3P%,Team.3P%.Rank,Team.2P%,Team.2P%.Rank,Team.FT%,Team.FT%.Rank,Team.Blk%,Team.Blk%.Rank,Team.Stl%,Team.Stl%.Rank,Team.NST%,Team.NST%.Rank,Team.2P Dist,Team.2P Dist.Rank,Team.A%,Team.A%.Rank,Team.3PA%,Team.3PA%.Rank,Team.Off-FT,Team.Off-FT.Rank,Team.Off-2P,Team.Off-2P.Rank,Team.Off-3P,Team.Off-3P.Rank,Team.Def-FT,Team.Def-FT.Rank,Team.Def-2P,Team.Def-2P.Rank,Team.Def-3P,Team.Def-3P.Rank,Team.Def.Conference,Team.Def.3P%,Team.Def.3P%.Rank,Team.Def.2P%,Team.Def.2P%.Rank,Team.Def.FT%,Team.Def.FT%.Rank,Team.Def.Blk%,Team.Def.Blk%.Rank,Team.Def.Stl%,Team.Def.Stl%.Rank,Team.Def.NST%,Team.Def.NST%.Rank,Team.Def.2P Dist,Team.Def.2P Dist.Rank,Team.Def.A%,Team.Def.A%.Rank,Team.Def.3PA%,Team.Def.3PA%.Rank,Team.Def.AdjDE,Team.Def.AdjDE.Rank,NextOpponent,KenPomResult,Opponent.Conference,Opponent.AdjTempo,Opponent.AdjTempo.Rank,Opponent.AdjOE,Opponent.AdjOE.Rank,Opponent.Off-eFG%,Opponent.Off-eFG%.Rank,Opponent.Off-TO%,Opponent.Off-TO%.Rank,Opponent.Off-OR%,Opponent.Off-OR%.Rank,Opponent.Off-FTRate,Opponent.Off-FTRate.Rank,Opponent.AdjDE,Opponent.AdjDE.Rank,Opponent.Def-eFG%,Opponent.Def-eFG%.Rank,Opponent.Def-TO%,Opponent.Def-TO%.Rank,Opponent.Def-OR%,Opponent.Def-OR%.Rank,Opponent.Def-FTRate,Opponent.Def-FTRate.Rank,Opponent.3P%,Opponent.3P%.Rank,Opponent.2P%,Opponent.2P%.Rank,Opponent.FT%,Opponent.FT%.Rank,Opponent.Blk%,Opponent.Blk%.Rank,Opponent.Stl%,Opponent.Stl%.Rank,Opponent.NST%,Opponent.NST%.Rank,Opponent.2P Dist,Opponent.2P Dist.Rank,Opponent.A%,Opponent.A%.Rank,Opponent.3PA%,Opponent.3PA%.Rank,Opponent.Off-FT,Opponent.Off-FT.Rank,Opponent.Off-2P,Opponent.Off-2P.Rank,Opponent.Off-3P,Opponent.Off-3P.Rank,Opponent.Def-FT,Opponent.Def-FT.Rank,Opponent.Def-2P,Opponent.Def-2P.Rank,Opponent.Def-3P,Opponent.Def-3P.Rank,Opponent.Def.Conference,Opponent.Def.3P%,Opponent.Def.3P%.Rank,Opponent.Def.2P%,Opponent.Def.2P%.Rank,Opponent.Def.FT%,Opponent.Def.FT%.Rank,Opponent.Def.Blk%,Opponent.Def.Blk%.Rank,Opponent.Def.Stl%,Opponent.Def.Stl%.Rank,Opponent.Def.NST%,Opponent.Def.NST%.Rank,Opponent.Def.2P Dist,Opponent.Def.2P Dist.Rank,Opponent.Def.A%,Opponent.Def.A%.Rank,Opponent.Def.3PA%,Opponent.Def.3PA%.Rank,Opponent.Def.AdjDE,Opponent.Def.AdjDE.Rank,Game Fouls -1,Game Fouls -2,Game Fouls -3,Game Fouls -4,Game Fouls -5,Game Fouls -6,Last3AvgMins,Last3MinutesDetail,Last5AvgMins,Last3MinsStdDev,Last5MinsStdDev,Last5FoulsDetail,MinsProj,MinsProjConfidence,MinsProjInjurySummary,MinsProjConfidenceJustification
2.0,Aden Holloway,6-1,180.0,Jr,28.0,60.0,130.9,23.0,24.1,59.9,64.3,1.1,8.2,23.7,12.0,0.0,1.1,2.5,4.4,35.0,95-110,0.864,77-145,0.531,74-169,0.438,https://kenpom.com/player.php?p=54246,0.0,26.0,28.0,31.0,29.0,29.0,Alabama,SEC,73.2,4.0,129.3,3.0,55.4,30.0,13.1,7.0,32.2,118.0,36.9,132.0,103.1,66.0,49.2,73.0,12.8,359.0,32.7,288.0,31.9,102.0,35.7,73.0,57.5,25.0,76.5,42.0,12.0,342.0,8.5,75.0,4.5,2.0,5.0,42.0,53.4,154.0,53.7,1.0,20.3,153.0,38.3,363.0,41.4,11.0,18.4,255.0,52.0,64.0,29.6,256.0,SEC,33.9,173.0,48.3,46.0,69.7,39.0,11.4,69.0,8.6,249.0,4.2,365.0,6.7,35.0,46.6,44.0,35.0,49.0,103.1,66.0,Texas Tech,"W, 86-85",B12,66.1,253.0,125.8,10.0,56.7,13.0,15.8,125.0,33.3,83.0,27.3,350.0,99.9,33.0,49.4,79.0,14.7,310.0,30.1,168.0,31.7,99.0,39.7,3.0,54.1,83.0,71.2,232.0,7.4,29.0,8.8,102.0,7.0,165.0,6.2,225.0,55.3,105.0,47.8,28.0,14.6,362.0,42.6,336.0,42.8,3.0,18.3,262.0,54.5,16.0,27.2,319.0,B12,31.3,42.0,50.7,124.0,69.7,45.0,9.6,161.0,8.6,244.0,6.1,324.0,6.8,25.0,41.7,6.0,35.0,46.0,99.9,33.0,0.0,1.6,1.8,1.9,1.8,1.8,18.0,"[28, 26, 0]",22.8,12.754084313139327,11.513470371699404,"[1.8, 1.9, 1.8, 1.6, 0]",,,,
22.0,Aiden Sherrell,6-11,255.0,So,32.0,57.4,128.6,19.7,18.1,59.3,62.6,10.9,15.6,7.8,11.1,8.7,1.1,3.4,4.9,56.6,91-128,0.711,98-152,0.645,24-74,0.324,https://kenpom.com/player.php?p=56025,30.0,31.0,23.0,27.0,33.0,25.0,Alabama,SEC,73.2,4.0,129.3,3.0,55.4,30.0,13.1,7.0,32.2,118.0,36.9,132.0,103.1,66.0,49.2,73.0,12.8,359.0,32.7,288.0,31.9,102.0,35.7,73.0,57.5,25.0,76.5,42.0,12.0,342.0,8.5,75.0,4.5,2.0,5.0,42.0,53.4,154.0,53.7,1.0,20.3,153.0,38.3,363.0,41.4,11.0,18.4,255.0,52.0,64.0,29.6,256.0,SEC,33.9,173.0,48.3,46.0,69.7,39.0,11.4,69.0,8.6,249.0,4.2,365.0,6.7,35.0,46.6,44.0,35.0,49.0,103.1,66.0,Texas Tech,"W, 86-85",B12,66.1,253.0,125.8,10.0,56.7,13.0,15.8,125.0,33.3,83.0,27.3,350.0,99.9,33.0,49.4,79.0,14.7,310.0,30.1,168.0,31.7,99.0,39.7,3.0,54.1,83.0,71.2,232.0,7.4,29.0,8.8,102.0,7.0,165.0,6.2,225.0,55.3,105.0,47.8,28.0,14.6,362.0,42.6,336.0,42.8,3.0,18.3,262.0,54.5,16.0,27.2,319.0,B12,31.3,42.0,50.7,124.0,69.7,45.0,9.6,161.0,8.6,244.0,6.1,324.0,6.8,25.0,41.7,6.0,35.0,46.0,99.9,33.0,2.6,2.6,2.0,2.3,2.8,2.1,28.0,"[23, 31, 30]",28.8,3.559026084010437,3.4871191548325386,"[2.8, 2.3, 2, 2.6, 2.6]",,,,
5.0,Amari Allen,6-8,205.0,Fr,30.0,64.0,123.5,19.1,18.1,55.0,58.5,6.0,18.3,17.8,13.6,2.1,2.0,4.1,3.8,38.9,72-98,0.735,68-122,0.557,47-130,0.362,https://kenpom.com/player.php?p=57933,32.0,25.0,24.0,21.0,26.0,26.0,Alabama,SEC,73.2,4.0,129.3,3.0,55.4,30.0,13.1,7.0,32.2,118.0,36.9,132.0,103.1,66.0,49.2,73.0,12.8,359.0,32.7,288.0,31.9,102.0,35.7,73.0,57.5,25.0,76.5,42.0,12.0,342.0,8.5,75.0,4.5,2.0,5.0,42.0,53.4,154.0,53.7,1.0,20.3,153.0,38.3,363.0,41.4,11.0,18.4,255.0,52.0,64.0,29.6,256.0,SEC,33.9,173.0,48.3,46.0,69.7,39.0,11.4,69.0,8.6,249.0,4.2,365.0,6.7,35.0,46.6,44.0,35.0,49.0,103.1,66.0,Texas Tech,"W, 86-85",B12,66.1,253.0,125.8,10.0,56.7,13.0,15.8,125.0,33.3,83.0,27.3,350.0,99.9,33.0,49.4,79.0,14.7,310.0,30.1,168.0,31.7,99.0,39.7,3.0,54.1,83.0,71.2,232.0,7.4,29.0,8.8,102.0,7.0,165.0,6.2,225.0,55.3,105.0,47.8,28.0,14.6,362.0,42.6,336.0,42.8,3.0,18.3,262.0,54.5,16.0,27.2,319.0,B12,31.3,42.0,50.7,124.0,69.7,45.0,9.6,161.0,8.6,244.0,6.1,324.0,6.8,25.0,41.7,6.0,35.0,46.0,99.9,33.0,3.3,2.6,2.5,2.2,2.7,2.7,27.0,"[24, 25, 32]",25.6,3.559026084010437,3.6110940170535573,"[2.7, 2.2, 2.5, 2.6, 3.3]",,,,
14.0,Charles Bediako,7-0,225.0,Sr,5.0,8.1,139.3,15.8,12.5,77.3,75.9,8.8,12.4,1.6,12.6,5.8,2.0,4.4,5.8,104.5,16-23,0.696,17-21,0.81,0-1,0.0,https://kenpom.com/player.php?p=50772,0.0,0.0,0.0,0.0,0.0,0.0,Alabama,SEC,73.2,4.0,129.3,3.0,55.4,30.0,13.1,7.0,32.2,118.0,36.9,132.0,103.1,66.0,49.2,73.0,12.8,359.0,32.7,288.0,31.9,102.0,35.7,73.0,57.5,25.0,76.5,42.0,12.0,342.0,8.5,75.0,4.5,2.0,5.0,42.0,53.4,154.0,53.7,1.0,20.3,153.0,38.3,363.0,41.4,11.0,18.4,255.0,52.0,64.0,29.6,256.0,SEC,33.9,173.0,48.3,46.0,69.7,39.0,11.4,69.0,8.6,249.0,4.2,365.0,6.7,35.0,46.6,44.0,35.0,49.0,103.1,66.0,Texas Tech,"W, 86-85",B12,66.1,253.0,125.8,10.0,56.7,13.0,15.8,125.0,33.3,83.0,27.3,350.0,99.9,33.0,49.4,79.0,14.7,310.0,30.1,168.0,31.7,99.0,39.7,3.0,54.1,83.0,71.2,232.0,7.4,29.0,8.8,102.0,7.0,165.0,6.2,225.0,55.3,105.0,47.8,28.0,14.6,362.0,42.6,336.0,42.8,3.0,18.3,262.0,54.5,16.0,27.2,319.0,B12,31.3,42.0,50.7,124.0,69.7,45.0,9.6,161.0,8.6,244.0,6.1,324.0,6.8,25.0,41.7,6.0,35.0,46.0,99.9,33.0,0.0,0.0,0.0,0.0,0.0,0.0,0.0,"[0, 0, 0]",0.0,0.0,0.0,"[0, 0, 0, 0, 0]",,,,
4.0,Davion Hannah,6-6,190.0,Fr,10.0,9.6,96.3,14.8,12.4,53.9,55.4,3.3,11.2,9.5,28.4,1.4,2.9,2.8,2.5,30.8,5-8,0.625,8-15,0.533,4-11,0.364,https://kenpom.com/player.php?p=57934,0.0,0.0,0.0,0.0,0.0,0.0,Alabama,SEC,73.2,4.0,129.3,3.0,55.4,30.0,13.1,7.0,32.2,118.0,36.9,132.0,103.1,66.0,49.2,73.0,12.8,359.0,32.7,288.0,31.9,102.0,35.7,73.0,57.5,25.0,76.5,42.0,12.0,342.0,8.5,75.0,4.5,2.0,5.0,42.0,53.4,154.0,53.7,1.0,20.3,153.0,38.3,363.0,41.4,11.0,18.4,255.0,52.0,64.0,29.6,256.0,SEC,33.9,173.0,48.3,46.0,69.7,39.0,11.4,69.0,8.6,249.0,4.2,365.0,6.7,35.0,46.6,44.0,35.0,49.0,103.1,66.0,Texas Tech,"W, 86-85",B12,66.1,253.0,125.8,10.0,56.7,13.0,15.8,125.0,33.3,83.0,27.3,350.0,99.9,33.0,49.4,79.0,14.7,310.0,30.1,168.0,31.7,99.0,39.7,3.0,54.1,83.0,71.2,232.0,7.4,29.0,8.8,102.0,7.0,165.0,6.2,225.0,55.3,105.0,47.8,28.0,14.6,362.0,42.6,336.0,42.8,3.0,18.3,262.0,54.5,16.0,27.2,319.0,B12,31.3,42.0,50.7,124.0,69.7,45.0,9.6,161.0,8.6,244.0,6.1,324.0,6.8,25.0,41.7,6.0,35.0,46.0,99.9,33.0,0.0,0.0,0.0,0.0,0.0,0.0,0.0,"[0, 0, 0]",0.0,0.0,0.0,"[0, 0, 0, 0, 0]",,,,
95.0,Houston Mallette,6-5,202.0,Sr,33.0,57.6,128.5,12.3,13.9,52.0,55.6,7.1,11.6,7.1,8.0,0.0,1.5,3.2,2.0,20.1,31-35,0.886,11-20,0.55,53-154,0.344,https://kenpom.com/player.php?p=51769,20.0,25.0,20.0,23.0,19.0,21.0,Alabama,SEC,73.2,4.0,129.3,3.0,55.4,30.0,13.1,7.0,32.2,118.0,36.9,132.0,103.1,66.0,49.2,73.0,12.8,359.0,32.7,288.0,31.9,102.0,35.7,73.0,57.5,25.0,76.5,42.0,12.0,342.0,8.5,75.0,4.5,2.0,5.0,42.0,53.4,154.0,53.7,1.0,20.3,153.0,38.3,363.0,41.4,11.0,18.4,255.0,52.0,64.0,29.6,256.0,SEC,33.9,173.0,48.3,46.0,69.7,39.0,11.4,69.0,8.6,249.0,4.2,365.0,6.7,35.0,46.6,44.0,35.0,49.0,103.1,66.0,Texas Tech,"W, 86-85",B12,66.1,253.0,125.8,10.0,56.7,13.0,15.8,125.0,33.3,83.0,27.3,350.0,99.9,33.0,49.4,79.0,14.7,310.0,30.1,168.0,31.7,99.0,39.7,3.0,54.1,83.0,71.2,232.0,7.4,29.0,8.8,102.0,7.0,165.0,6.2,225.0,55.3,105.0,47.8,28.0,14.6,362.0,42.6,336.0,42.8,3.0,18.3,262.0,54.5,16.0,27.2,319.0,B12,31.3,42.0,50.7,124.0,69.7,45.0,9.6,161.0,8.6,244.0,6.1,324.0,6.8,25.0,41.7,6.0,35.0,46.0,99.9,33.0,1.6,2.0,1.6,1.8,1.5,1.7,21.666666666666668,"[20, 25, 20]",21.4,2.3570226039551585,2.244994432064365,"[1.5, 1.8, 1.6, 2, 1.6]",,,,
1.0,Jalil Bethea,6-5,190.0,So,24.0,15.2,117.0,22.3,23.0,50.0,55.7,5.7,13.2,11.5,11.9,0.9,1.1,3.6,4.7,40.8,25-31,0.806,14-27,0.519,16-49,0.327,https://kenpom.com/player.php?p=56115,5.0,2.0,9.0,4.0,1.0,20.0,Alabama,SEC,73.2,4.0,129.3,3.0,55.4,30.0,13.1,7.0,32.2,118.0,36.9,132.0,103.1,66.0,49.2,73.0,12.8,359.0,32.7,288.0,31.9,102.0,35.7,73.0,57.5,25.0,76.5,42.0,12.0,342.0,8.5,75.0,4.5,2.0,5.0,42.0,53.4,154.0,53.7,1.0,20.3,153.0,38.3,363.0,41.4,11.0,18.4,255.0,52.0,64.0,29.6,256.0,SEC,33.9,173.0,48.3,46.0,69.7,39.0,11.4,69.0,8.6,249.0,4.2,365.0,6.7,35.0,46.6,44.0,35.0,49.0,103.1,66.0,Texas Tech,"W, 86-85",B12,66.1,253.0,125.8,10.0,56.7,13.0,15.8,125.0,33.3,83.0,27.3,350.0,99.9,33.0,49.4,79.0,14.7,310.0,30.1,168.0,31.7,99.0,39.7,3.0,54.1,83.0,71.2,232.0,7.4,29.0,8.8,102.0,7.0,165.0,6.2,225.0,55.3,105.0,47.8,28.0,14.6,362.0,42.6,336.0,42.8,3.0,18.3,262.0,54.5,16.0,27.2,319.0,B12,31.3,42.0,50.7,124.0,69.7,45.0,9.6,161.0,8.6,244.0,6.1,324.0,6.8,25.0,41.7,6.0,35.0,46.0,99.9,33.0,0.4,0.2,0.8,0.4,0.1,1.8,5.333333333333333,"[9, 2, 5]",4.2,2.8674417556808756,2.7856776554368237,"[0.1, 0.4, 0.8, 0.2, 0.4]",,,,
10.0,Keitenn Bristow,6-10,205.0,So,10.0,9.5,99.4,18.7,16.0,37.9,44.9,12.5,18.9,6.1,18.2,4.3,2.6,8.9,3.8,45.5,11-15,0.733,11-24,0.458,1-9,0.111,https://kenpom.com/player.php?p=57650,0.0,0.0,0.0,0.0,0.0,0.0,Alabama,SEC,73.2,4.0,129.3,3.0,55.4,30.0,13.1,7.0,32.2,118.0,36.9,132.0,103.1,66.0,49.2,73.0,12.8,359.0,32.7,288.0,31.9,102.0,35.7,73.0,57.5,25.0,76.5,42.0,12.0,342.0,8.5,75.0,4.5,2.0,5.0,42.0,53.4,154.0,53.7,1.0,20.3,153.0,38.3,363.0,41.4,11.0,18.4,255.0,52.0,64.0,29.6,256.0,SEC,33.9,173.0,48.3,46.0,69.7,39.0,11.4,69.0,8.6,249.0,4.2,365.0,6.7,35.0,46.6,44.0,35.0,49.0,103.1,66.0,Texas Tech,"W, 86-85",B12,66.1,253.0,125.8,10.0,56.7,13.0,15.8,125.0,33.3,83.0,27.3,350.0,99.9,33.0,49.4,79.0,14.7,310.0,30.1,168.0,31.7,99.0,39.7,3.0,54.1,83.0,71.2,232.0,7.4,29.0,8.8,102.0,7.0,165.0,6.2,225.0,55.3,105.0,47.8,28.0,14.6,362.0,42.6,336.0,42.8,3.0,18.3,262.0,54.5,16.0,27.2,319.0,B12,31.3,42.0,50.7,124.0,69.7,45.0,9.6,161.0,8.6,244.0,6.1,324.0,6.8,25.0,41.7,6.0,35.0,46.0,99.9,33.0,0.0,0.0,0.0,0.0,0.0,0.0,0.0,"[0, 0, 0]",0.0,0.0,0.0,"[0, 0, 0, 0, 0]",,,,
0.0,Labaron Philon,6-4,185.0,So,31.0,71.1,124.2,30.0,29.2,59.2,63.1,1.9,8.8,31.2,15.0,0.6,2.1,2.1,5.9,40.9,146-185,0.789,158-271,0.583,73-181,0.403,https://kenpom.com/player.php?p=56059,36.0,34.0,29.0,34.0,28.0,0.0,Alabama,SEC,73.2,4.0,129.3,3.0,55.4,30.0,13.1,7.0,32.2,118.0,36.9,132.0,103.1,66.0,49.2,73.0,12.8,359.0,32.7,288.0,31.9,102.0,35.7,73.0,57.5,25.0,76.5,42.0,12.0,342.0,8.5,75.0,4.5,2.0,5.0,42.0,53.4,154.0,53.7,1.0,20.3,153.0,38.3,363.0,41.4,11.0,18.4,255.0,52.0,64.0,29.6,256.0,SEC,33.9,173.0,48.3,46.0,69.7,39.0,11.4,69.0,8.6,249.0,4.2,365.0,6.7,35.0,46.6,44.0,35.0,49.0,103.1,66.0,Texas Tech,"W, 86-85",B12,66.1,253.0,125.8,10.0,56.7,13.0,15.8,125.0,33.3,83.0,27.3,350.0,99.9,33.0,49.4,79.0,14.7,310.0,30.1,168.0,31.7,99.0,39.7,3.0,54.1,83.0,71.2,232.0,7.4,29.0,8.8,102.0,7.0,165.0,6.2,225.0,55.3,105.0,47.8,28.0,14.6,362.0,42.6,336.0,42.8,3.0,18.3,262.0,54.5,16.0,27.2,319.0,B12,31.3,42.0,50.7,124.0,69.7,45.0,9.6,161.0,8.6,244.0,6.1,324.0,6.8,25.0,41.7,6.0,35.0,46.0,99.9,33.0,1.9,1.8,1.5,1.8,1.5,0.0,33.0,"[29, 34, 36]",32.2,2.943920288775949,3.1240998703626617,"[1.5, 1.8, 1.5, 1.8, 1.9]",,,,
3.0,Latrell Wrightsell,6-3,195.0,Sr,25.0,50.5,118.3,19.5,24.1,52.3,54.9,1.6,9.7,12.3,8.2,0.1,2.0,3.0,2.9,18.9,40-50,0.8,38-75,0.507,67-190,0.353,https://kenpom.com/player.php?p=49500,29.0,23.0,26.0,24.0,30.0,29.0,Alabama,SEC,73.2,4.0,129.3,3.0,55.4,30.0,13.1,7.0,32.2,118.0,36.9,132.0,103.1,66.0,49.2,73.0,12.8,359.0,32.7,288.0,31.9,102.0,35.7,73.0,57.5,25.0,76.5,42.0,12.0,342.0,8.5,75.0,4.5,2.0,5.0,42.0,53.4,154.0,53.7,1.0,20.3,153.0,38.3,363.0,41.4,11.0,18.4,255.0,52.0,64.0,29.6,256.0,SEC,33.9,173.0,48.3,46.0,69.7,39.0,11.4,69.0,8.6,249.0,4.2,365.0,6.7,35.0,46.6,44.0,35.0,49.0,103.1,66.0,Texas Tech,"W, 86-85",B12,66.1,253.0,125.8,10.0,56.7,13.0,15.8,125.0,33.3,83.0,27.3,350.0,99.9,33.0,49.4,79.0,14.7,310.0,30.1,168.0,31.7,99.0,39.7,3.0,54.1,83.0,71.2,232.0,7.4,29.0,8.8,102.0,7.0,165.0,6.2,225.0,55.3,105.0,47.8,28.0,14.6,362.0,42.6,336.0,42.8,3.0,18.3,262.0,54.5,16.0,27.2,319.0,B12,31.3,42.0,50.7,124.0,69.7,45.0,9.6,161.0,8.6,244.0,6.1,324.0,6.8,25.0,41.7,6.0,35.0,46.0,99.9,33.0,2.2,1.7,2.0,1.8,2.2,2.2,26.0,"[26, 23, 29]",26.4,2.449489742783178,2.727636339397171,"[2.2, 1.8, 2, 1.7, 2.2]",,,,
6.0,London Jemison,6-8,205.0,Fr,31.0,35.4,114.6,17.6,19.1,54.4,55.8,6.9,15.0,3.8,11.0,1.9,2.4,5.0,3.6,34.7,31-51,0.608,38-65,0.585,28-82,0.341,https://kenpom.com/player.php?p=57935,21.0,8.0,13.0,15.0,14.0,23.0,Alabama,SEC,73.2,4.0,129.3,3.0,55.4,30.0,13.1,7.0,32.2,118.0,36.9,132.0,103.1,66.0,49.2,73.0,12.8,359.0,32.7,288.0,31.9,102.0,35.7,73.0,57.5,25.0,76.5,42.0,12.0,342.0,8.5,75.0,4.5,2.0,5.0,42.0,53.4,154.0,53.7,1.0,20.3,153.0,38.3,363.0,41.4,11.0,18.4,255.0,52.0,64.0,29.6,256.0,SEC,33.9,173.0,48.3,46.0,69.7,39.0,11.4,69.0,8.6,249.0,4.2,365.0,6.7,35.0,46.6,44.0,35.0,49.0,103.1,66.0,Texas Tech,"W, 86-85",B12,66.1,253.0,125.8,10.0,56.7,13.0,15.8,125.0,33.3,83.0,27.3,350.0,99.9,33.0,49.4,79.0,14.7,310.0,30.1,168.0,31.7,99.0,39.7,3.0,54.1,83.0,71.2,232.0,7.4,29.0,8.8,102.0,7.0,165.0,6.2,225.0,55.3,105.0,47.8,28.0,14.6,362.0,42.6,336.0,42.8,3.0,18.3,262.0,54.5,16.0,27.2,319.0,B12,31.3,42.0,50.7,124.0,69.7,45.0,9.6,161.0,8.6,244.0,6.1,324.0,6.8,25.0,41.7,6.0,35.0,46.0,99.9,33.0,2.6,1.0,1.6,1.9,1.8,2.9,14.0,"[13, 8, 21]",14.2,5.354126134736337,4.166533331199932,"[1.8, 1.9, 1.6, 1, 2.6]",,,,
15.0,Noah Williamson,7-0,255.0,Sr,31.0,19.1,82.5,13.1,10.6,30.7,35.5,9.1,9.4,5.0,25.8,3.2,2.1,8.5,2.2,31.8,9-14,0.643,9-17,0.529,3-27,0.111,https://kenpom.com/player.php?p=52450,4.0,5.0,10.0,9.0,7.0,9.0,Alabama,SEC,73.2,4.0,129.3,3.0,55.4,30.0,13.1,7.0,32.2,118.0,36.9,132.0,103.1,66.0,49.2,73.0,12.8,359.0,32.7,288.0,31.9,102.0,35.7,73.0,57.5,25.0,76.5,42.0,12.0,342.0,8.5,75.0,4.5,2.0,5.0,42.0,53.4,154.0,53.7,1.0,20.3,153.0,38.3,363.0,41.4,11.0,18.4,255.0,52.0,64.0,29.6,256.0,SEC,33.9,173.0,48.3,46.0,69.7,39.0,11.4,69.0,8.6,249.0,4.2,365.0,6.7,35.0,46.6,44.0,35.0,49.0,103.1,66.0,Texas Tech,"W, 86-85",B12,66.1,253.0,125.8,10.0,56.7,13.0,15.8,125.0,33.3,83.0,27.3,350.0,99.9,33.0,49.4,79.0,14.7,310.0,30.1,168.0,31.7,99.0,39.7,3.0,54.1,83.0,71.2,232.0,7.4,29.0,8.8,102.0,7.0,165.0,6.2,225.0,55.3,105.0,47.8,28.0,14.6,362.0,42.6,336.0,42.8,3.0,18.3,262.0,54.5,16.0,27.2,319.0,B12,31.3,42.0,50.7,124.0,69.7,45.0,9.6,161.0,8.6,244.0,6.1,324.0,6.8,25.0,41.7,6.0,35.0,46.0,99.9,33.0,0.8,1.1,2.1,1.9,1.5,1.9,6.333333333333333,"[10, 5, 4]",7.0,2.6246692913372702,2.280350850198276,"[1.5, 1.9, 2.1, 1.1, 0.8]",,,,
7.0,Taylor Bol Bowen,6-10,202.0,Jr,28.0,39.5,116.0,15.3,16.3,51.1,55.7,6.2,15.8,3.6,12.0,4.8,1.1,4.1,3.1,35.0,39-49,0.796,31-51,0.608,27-89,0.303,https://kenpom.com/player.php?p=54504,21.0,21.0,17.0,12.0,13.0,19.0,Alabama,SEC,73.2,4.0,129.3,3.0,55.4,30.0,13.1,7.0,32.2,118.0,36.9,132.0,103.1,66.0,49.2,73.0,12.8,359.0,32.7,288.0,31.9,102.0,35.7,73.0,57.5,25.0,76.5,42.0,12.0,342.0,8.5,75.0,4.5,2.0,5.0,42.0,53.4,154.0,53.7,1.0,20.3,153.0,38.3,363.0,41.4,11.0,18.4,255.0,52.0,64.0,29.6,256.0,SEC,33.9,173.0,48.3,46.0,69.7,39.0,11.4,69.0,8.6,249.0,4.2,365.0,6.7,35.0,46.6,44.0,35.0,49.0,103.1,66.0,Texas Tech,"W, 86-85",B12,66.1,253.0,125.8,10.0,56.7,13.0,15.8,125.0,33.3,83.0,27.3,350.0,99.9,33.0,49.4,79.0,14.7,310.0,30.1,168.0,31.7,99.0,39.7,3.0,54.1,83.0,71.2,232.0,7.4,29.0,8.8,102.0,7.0,165.0,6.2,225.0,55.3,105.0,47.8,28.0,14.6,362.0,42.6,336.0,42.8,3.0,18.3,262.0,54.5,16.0,27.2,319.0,B12,31.3,42.0,50.7,124.0,69.7,45.0,9.6,161.0,8.6,244.0,6.1,324.0,6.8,25.0,41.7,6.0,35.0,46.0,99.9,33.0,2.2,2.2,1.7,1.2,1.3,1.9,19.666666666666668,"[17, 21, 21]",16.8,1.8856180831641267,3.8157568056677826,"[1.3, 1.2, 1.7, 2.2, 2.2]",,,,
4.0,Christian Anderson,6-3,178.0,So,32.0,92.8,124.3,25.4,22.6,60.7,63.4,1.9,8.7,35.6,20.2,0.7,2.1,2.0,3.7,27.6,93-116,0.802,95-168,0.565,107-253,0.423,https://kenpom.com/player.php?p=56143,39.0,31.0,40.0,40.0,32.0,40.0,Texas+Tech,B12,66.1,253.0,125.8,10.0,56.7,13.0,15.8,125.0,33.3,83.0,27.3,350.0,99.9,33.0,49.4,79.0,14.7,310.0,30.1,168.0,31.7,99.0,39.7,3.0,54.1,83.0,71.2,232.0,7.4,29.0,8.8,102.0,7.0,165.0,6.2,225.0,55.3,105.0,47.8,28.0,14.6,362.0,42.6,336.0,42.8,3.0,18.3,262.0,54.5,16.0,27.2,319.0,B12,31.3,42.0,50.7,124.0,69.7,45.0,9.6,161.0,8.6,244.0,6.1,324.0,6.8,25.0,41.7,6.0,35.0,46.0,99.9,33.0,Alabama,"L, 86-85",SEC,73.2,4.0,129.3,3.0,55.4,30.0,13.1,7.0,32.2,118.0,36.9,132.0,103.1,66.0,49.2,73.0,12.8,359.0,32.7,288.0,31.9,102.0,35.7,73.0,57.5,25.0,76.5,42.0,12.0,342.0,8.5,75.0,4.5,2.0,5.0,42.0,53.4,154.0,53.7,1.0,20.3,153.0,38.3,363.0,41.4,11.0,18.4,255.0,52.0,64.0,29.6,256.0,SEC,33.9,173.0,48.3,46.0,69.7,39.0,11.4,69.0,8.6,249.0,4.2,365.0,6.7,35.0,46.6,44.0,35.0,49.0,103.1,66.0,2.0,1.6,2.0,2.0,1.6,2.0,36.666666666666664,"[40, 31, 39]",36.4,4.027681991198191,4.029888335921977,"[1.6, 2, 2, 1.6, 2]",,,,
12.0,Donovan Atwell,6-5,200.0,Sr,33.0,86.6,141.4,13.1,17.8,67.0,68.1,2.4,8.1,4.0,5.5,0.4,1.9,2.6,1.9,12.9,33-40,0.825,15-30,0.5,128-279,0.459,https://kenpom.com/player.php?p=53696,35.0,33.0,40.0,36.0,38.0,38.0,Texas+Tech,B12,66.1,253.0,125.8,10.0,56.7,13.0,15.8,125.0,33.3,83.0,27.3,350.0,99.9,33.0,49.4,79.0,14.7,310.0,30.1,168.0,31.7,99.0,39.7,3.0,54.1,83.0,71.2,232.0,7.4,29.0,8.8,102.0,7.0,165.0,6.2,225.0,55.3,105.0,47.8,28.0,14.6,362.0,42.6,336.0,42.8,3.0,18.3,262.0,54.5,16.0,27.2,319.0,B12,31.3,42.0,50.7,124.0,69.7,45.0,9.6,161.0,8.6,244.0,6.1,324.0,6.8,25.0,41.7,6.0,35.0,46.0,99.9,33.0,Alabama,"L, 86-85",SEC,73.2,4.0,129.3,3.0,55.4,30.0,13.1,7.0,32.2,118.0,36.9,132.0,103.1,66.0,49.2,73.0,12.8,359.0,32.7,288.0,31.9,102.0,35.7,73.0,57.5,25.0,76.5,42.0,12.0,342.0,8.5,75.0,4.5,2.0,5.0,42.0,53.4,154.0,53.7,1.0,20.3,153.0,38.3,363.0,41.4,11.0,18.4,255.0,52.0,64.0,29.6,256.0,SEC,33.9,173.0,48.3,46.0,69.7,39.0,11.4,69.0,8.6,249.0,4.2,365.0,6.7,35.0,46.6,44.0,35.0,49.0,103.1,66.0,2.3,2.1,2.6,2.3,2.5,2.5,36.0,"[40, 33, 35]",36.4,2.943920288775949,2.4166091947189146,"[2.5, 2.3, 2.6, 2.1, 2.3]",,,,
15.0,JT Toppin,6-9,230.0,Jr,25.0,65.5,115.0,30.7,32.5,56.7,57.1,14.2,21.1,13.7,13.7,5.1,2.3,3.3,4.5,25.1,62-107,0.579,218-370,0.589,16-57,0.281,https://kenpom.com/player.php?p=54635,0.0,0.0,0.0,0.0,0.0,0.0,Texas+Tech,B12,66.1,253.0,125.8,10.0,56.7,13.0,15.8,125.0,33.3,83.0,27.3,350.0,99.9,33.0,49.4,79.0,14.7,310.0,30.1,168.0,31.7,99.0,39.7,3.0,54.1,83.0,71.2,232.0,7.4,29.0,8.8,102.0,7.0,165.0,6.2,225.0,55.3,105.0,47.8,28.0,14.6,362.0,42.6,336.0,42.8,3.0,18.3,262.0,54.5,16.0,27.2,319.0,B12,31.3,42.0,50.7,124.0,69.7,45.0,9.6,161.0,8.6,244.0,6.1,324.0,6.8,25.0,41.7,6.0,35.0,46.0,99.9,33.0,Alabama,"L, 86-85",SEC,73.2,4.0,129.3,3.0,55.4,30.0,13.1,7.0,32.2,118.0,36.9,132.0,103.1,66.0,49.2,73.0,12.8,359.0,32.7,288.0,31.9,102.0,35.7,73.0,57.5,25.0,76.5,42.0,12.0,342.0,8.5,75.0,4.5,2.0,5.0,42.0,53.4,154.0,53.7,1.0,20.3,153.0,38.3,363.0,41.4,11.0,18.4,255.0,52.0,64.0,29.6,256.0,SEC,33.9,173.0,48.3,46.0,69.7,39.0,11.4,69.0,8.6,249.0,4.2,365.0,6.7,35.0,46.6,44.0,35.0,49.0,103.1,66.0,0.0,0.0,0.0,0.0,0.0,0.0,0.0,"[0, 0, 0]",0.0,0.0,0.0,"[0, 0, 0, 0, 0]",,,,
11.0,Jaylen Petty,6-1,168.0,Fr,32.0,73.1,120.8,15.5,17.7,54.6,56.6,2.4,11.9,12.1,11.8,0.1,1.2,3.3,2.2,17.0,34-44,0.773,38-80,0.475,69-179,0.385,https://kenpom.com/player.php?p=59483,38.0,38.0,35.0,36.0,34.0,33.0,Texas+Tech,B12,66.1,253.0,125.8,10.0,56.7,13.0,15.8,125.0,33.3,83.0,27.3,350.0,99.9,33.0,49.4,79.0,14.7,310.0,30.1,168.0,31.7,99.0,39.7,3.0,54.1,83.0,71.2,232.0,7.4,29.0,8.8,102.0,7.0,165.0,6.2,225.0,55.3,105.0,47.8,28.0,14.6,362.0,42.6,336.0,42.8,3.0,18.3,262.0,54.5,16.0,27.2,319.0,B12,31.3,42.0,50.7,124.0,69.7,45.0,9.6,161.0,8.6,244.0,6.1,324.0,6.8,25.0,41.7,6.0,35.0,46.0,99.9,33.0,Alabama,"L, 86-85",SEC,73.2,4.0,129.3,3.0,55.4,30.0,13.1,7.0,32.2,118.0,36.9,132.0,103.1,66.0,49.2,73.0,12.8,359.0,32.7,288.0,31.9,102.0,35.7,73.0,57.5,25.0,76.5,42.0,12.0,342.0,8.5,75.0,4.5,2.0,5.0,42.0,53.4,154.0,53.7,1.0,20.3,153.0,38.3,363.0,41.4,11.0,18.4,255.0,52.0,64.0,29.6,256.0,SEC,33.9,173.0,48.3,46.0,69.7,39.0,11.4,69.0,8.6,249.0,4.2,365.0,6.7,35.0,46.6,44.0,35.0,49.0,103.1,66.0,3.1,3.1,2.9,3.0,2.8,2.7,37.0,"[35, 38, 38]",36.2,1.4142135623730951,1.5999999999999999,"[2.8, 3, 2.9, 3.1, 3.1]",,,,
5.0,Josiah Moseley,6-8,225.0,So,13.0,13.4,133.2,16.0,17.1,72.8,69.3,10.5,19.9,7.3,12.4,8.1,1.3,3.6,2.6,23.9,4-11,0.364,29-41,0.707,3-5,0.6,https://kenpom.com/player.php?p=56172,25.0,18.0,15.0,22.0,21.0,16.0,Texas+Tech,B12,66.1,253.0,125.8,10.0,56.7,13.0,15.8,125.0,33.3,83.0,27.3,350.0,99.9,33.0,49.4,79.0,14.7,310.0,30.1,168.0,31.7,99.0,39.7,3.0,54.1,83.0,71.2,232.0,7.4,29.0,8.8,102.0,7.0,165.0,6.2,225.0,55.3,105.0,47.8,28.0,14.6,362.0,42.6,336.0,42.8,3.0,18.3,262.0,54.5,16.0,27.2,319.0,B12,31.3,42.0,50.7,124.0,69.7,45.0,9.6,161.0,8.6,244.0,6.1,324.0,6.8,25.0,41.7,6.0,35.0,46.0,99.9,33.0,Alabama,"L, 86-85",SEC,73.2,4.0,129.3,3.0,55.4,30.0,13.1,7.0,32.2,118.0,36.9,132.0,103.1,66.0,49.2,73.0,12.8,359.0,32.7,288.0,31.9,102.0,35.7,73.0,57.5,25.0,76.5,42.0,12.0,342.0,8.5,75.0,4.5,2.0,5.0,42.0,53.4,154.0,53.7,1.0,20.3,153.0,38.3,363.0,41.4,11.0,18.4,255.0,52.0,64.0,29.6,256.0,SEC,33.9,173.0,48.3,46.0,69.7,39.0,11.4,69.0,8.6,249.0,4.2,365.0,6.7,35.0,46.6,44.0,35.0,49.0,103.1,66.0,2.2,1.6,1.4,2.0,1.9,1.4,19.333333333333332,"[15, 18, 25]",20.2,4.189935029992178,3.4292856398964493,"[1.9, 2, 1.4, 1.6, 2.2]",,,,
3.0,LeJuan Watts,6-6,225.0,Jr,32.0,66.0,106.0,25.2,21.6,47.9,53.6,8.2,16.5,15.8,20.6,0.8,1.4,3.5,4.8,44.8,98-128,0.766,101-212,0.476,24-74,0.324,https://kenpom.com/player.php?p=53283,25.0,27.0,18.0,19.0,25.0,32.0,Texas+Tech,B12,66.1,253.0,125.8,10.0,56.7,13.0,15.8,125.0,33.3,83.0,27.3,350.0,99.9,33.0,49.4,79.0,14.7,310.0,30.1,168.0,31.7,99.0,39.7,3.0,54.1,83.0,71.2,232.0,7.4,29.0,8.8,102.0,7.0,165.0,6.2,225.0,55.3,105.0,47.8,28.0,14.6,362.0,42.6,336.0,42.8,3.0,18.3,262.0,54.5,16.0,27.2,319.0,B12,31.3,42.0,50.7,124.0,69.7,45.0,9.6,161.0,8.6,244.0,6.1,324.0,6.8,25.0,41.7,6.0,35.0,46.0,99.9,33.0,Alabama,"L, 86-85",SEC,73.2,4.0,129.3,3.0,55.4,30.0,13.1,7.0,32.2,118.0,36.9,132.0,103.1,66.0,49.2,73.0,12.8,359.0,32.7,288.0,31.9,102.0,35.7,73.0,57.5,25.0,76.5,42.0,12.0,342.0,8.5,75.0,4.5,2.0,5.0,42.0,53.4,154.0,53.7,1.0,20.3,153.0,38.3,363.0,41.4,11.0,18.4,255.0,52.0,64.0,29.6,256.0,SEC,33.9,173.0,48.3,46.0,69.7,39.0,11.4,69.0,8.6,249.0,4.2,365.0,6.7,35.0,46.6,44.0,35.0,49.0,103.1,66.0,2.2,2.4,1.6,1.7,2.2,2.8,23.333333333333332,"[18, 27, 25]",22.8,3.8586123009300755,3.6,"[2.2, 1.7, 1.6, 2.4, 2.2]",,,,
6.0,Leon Horner,6-4,215.0,So,23.0,14.0,114.5,15.2,16.1,51.1,55.3,8.9,16.7,3.6,14.6,2.2,1.6,5.8,2.4,22.2,9-10,0.9,17-35,0.486,4-10,0.4,https://kenpom.com/player.php?p=56144,1.0,4.0,0.0,2.0,3.0,0.0,Texas+Tech,B12,66.1,253.0,125.8,10.0,56.7,13.0,15.8,125.0,33.3,83.0,27.3,350.0,99.9,33.0,49.4,79.0,14.7,310.0,30.1,168.0,31.7,99.0,39.7,3.0,54.1,83.0,71.2,232.0,7.4,29.0,8.8,102.0,7.0,165.0,6.2,225.0,55.3,105.0,47.8,28.0,14.6,362.0,42.6,336.0,42.8,3.0,18.3,262.0,54.5,16.0,27.2,319.0,B12,31.3,42.0,50.7,124.0,69.7,45.0,9.6,161.0,8.6,244.0,6.1,324.0,6.8,25.0,41.7,6.0,35.0,46.0,99.9,33.0,Alabama,"L, 86-85",SEC,73.2,4.0,129.3,3.0,55.4,30.0,13.1,7.0,32.2,118.0,36.9,132.0,103.1,66.0,49.2,73.0,12.8,359.0,32.7,288.0,31.9,102.0,35.7,73.0,57.5,25.0,76.5,42.0,12.0,342.0,8.5,75.0,4.5,2.0,5.0,42.0,53.4,154.0,53.7,1.0,20.3,153.0,38.3,363.0,41.4,11.0,18.4,255.0,52.0,64.0,29.6,256.0,SEC,33.9,173.0,48.3,46.0,69.7,39.0,11.4,69.0,8.6,249.0,4.2,365.0,6.7,35.0,46.6,44.0,35.0,49.0,103.1,66.0,0.1,0.6,0.0,0.3,0.4,0.0,1.6666666666666667,"[0, 4, 1]",2.0,1.699673171197595,1.4142135623730951,"[0.4, 0.3, 0, 0.6, 0.1]",,,,
9.0,Luke Bamgboye,6-11,220.0,So,20.0,25.1,114.6,14.5,11.5,51.7,58.0,6.7,16.3,4.8,15.9,10.2,1.1,6.1,4.1,77.6,32-45,0.711,30-57,0.526,0-1,0.0,https://kenpom.com/player.php?p=57069,14.0,22.0,22.0,19.0,20.0,26.0,Texas+Tech,B12,66.1,253.0,125.8,10.0,56.7,13.0,15.8,125.0,33.3,83.0,27.3,350.0,99.9,33.0,49.4,79.0,14.7,310.0,30.1,168.0,31.7,99.0,39.7,3.0,54.1,83.0,71.2,232.0,7.4,29.0,8.8,102.0,7.0,165.0,6.2,225.0,55.3,105.0,47.8,28.0,14.6,362.0,42.6,336.0,42.8,3.0,18.3,262.0,54.5,16.0,27.2,319.0,B12,31.3,42.0,50.7,124.0,69.7,45.0,9.6,161.0,8.6,244.0,6.1,324.0,6.8,25.0,41.7,6.0,35.0,46.0,99.9,33.0,Alabama,"L, 86-85",SEC,73.2,4.0,129.3,3.0,55.4,30.0,13.1,7.0,32.2,118.0,36.9,132.0,103.1,66.0,49.2,73.0,12.8,359.0,32.7,288.0,31.9,102.0,35.7,73.0,57.5,25.0,76.5,42.0,12.0,342.0,8.5,75.0,4.5,2.0,5.0,42.0,53.4,154.0,53.7,1.0,20.3,153.0,38.3,363.0,41.4,11.0,18.4,255.0,52.0,64.0,29.6,256.0,SEC,33.9,173.0,48.3,46.0,69.7,39.0,11.4,69.0,8.6,249.0,4.2,365.0,6.7,35.0,46.6,44.0,35.0,49.0,103.1,66.0,2.1,3.4,3.4,2.9,3.0,4.0,19.333333333333332,"[22, 22, 14]",19.4,3.7712361663282534,2.9393876913398134,"[3, 2.9, 3.4, 3.4, 2.1]",,,,
13.0,Marial Akuentok,6-11,240.0,Fr,14.0,6.8,88.1,14.8,8.8,54.2,48.0,9.1,20.9,5.1,26.5,3.4,0.7,8.9,4.1,100.0,4-12,0.333,5-11,0.455,1-1,0.999,https://kenpom.com/player.php?p=58140,1.0,3.0,14.0,3.0,3.0,5.0,Texas+Tech,B12,66.1,253.0,125.8,10.0,56.7,13.0,15.8,125.0,33.3,83.0,27.3,350.0,99.9,33.0,49.4,79.0,14.7,310.0,30.1,168.0,31.7,99.0,39.7,3.0,54.1,83.0,71.2,232.0,7.4,29.0,8.8,102.0,7.0,165.0,6.2,225.0,55.3,105.0,47.8,28.0,14.6,362.0,42.6,336.0,42.8,3.0,18.3,262.0,54.5,16.0,27.2,319.0,B12,31.3,42.0,50.7,124.0,69.7,45.0,9.6,161.0,8.6,244.0,6.1,324.0,6.8,25.0,41.7,6.0,35.0,46.0,99.9,33.0,Alabama,"L, 86-85",SEC,73.2,4.0,129.3,3.0,55.4,30.0,13.1,7.0,32.2,118.0,36.9,132.0,103.1,66.0,49.2,73.0,12.8,359.0,32.7,288.0,31.9,102.0,35.7,73.0,57.5,25.0,76.5,42.0,12.0,342.0,8.5,75.0,4.5,2.0,5.0,42.0,53.4,154.0,53.7,1.0,20.3,153.0,38.3,363.0,41.4,11.0,18.4,255.0,52.0,64.0,29.6,256.0,SEC,33.9,173.0,48.3,46.0,69.7,39.0,11.4,69.0,8.6,249.0,4.2,365.0,6.7,35.0,46.6,44.0,35.0,49.0,103.1,66.0,0.2,0.7,3.1,0.7,0.7,1.1,6.0,"[14, 3, 1]",4.8,5.715476066494082,4.66476151587624,"[0.7, 0.7, 3.1, 0.7, 0.2]",,,,
8.0,Nolan Groves,6-5,205.0,Fr,22.0,9.7,109.3,10.9,10.8,33.3,38.8,8.2,13.8,5.8,4.2,0.0,2.8,5.3,2.7,47.6,6-10,0.6,1-4,0.25,4-17,0.235,https://kenpom.com/player.php?p=58139,1.0,3.0,0.0,0.0,0.0,0.0,Texas+Tech,B12,66.1,253.0,125.8,10.0,56.7,13.0,15.8,125.0,33.3,83.0,27.3,350.0,99.9,33.0,49.4,79.0,14.7,310.0,30.1,168.0,31.7,99.0,39.7,3.0,54.1,83.0,71.2,232.0,7.4,29.0,8.8,102.0,7.0,165.0,6.2,225.0,55.3,105.0,47.8,28.0,14.6,362.0,42.6,336.0,42.8,3.0,18.3,262.0,54.5,16.0,27.2,319.0,B12,31.3,42.0,50.7,124.0,69.7,45.0,9.6,161.0,8.6,244.0,6.1,324.0,6.8,25.0,41.7,6.0,35.0,46.0,99.9,33.0,Alabama,"L, 86-85",SEC,73.2,4.0,129.3,3.0,55.4,30.0,13.1,7.0,32.2,118.0,36.9,132.0,103.1,66.0,49.2,73.0,12.8,359.0,32.7,288.0,31.9,102.0,35.7,73.0,57.5,25.0,76.5,42.0,12.0,342.0,8.5,75.0,4.5,2.0,5.0,42.0,53.4,154.0,53.7,1.0,20.3,153.0,38.3,363.0,41.4,11.0,18.4,255.0,52.0,64.0,29.6,256.0,SEC,33.9,173.0,48.3,46.0,69.7,39.0,11.4,69.0,8.6,249.0,4.2,365.0,6.7,35.0,46.6,44.0,35.0,49.0,103.1,66.0,0.1,0.4,0.0,0.0,0.0,0.0,1.3333333333333333,"[0, 3, 1]",0.8,1.247219128924647,1.1661903789690604,"[0, 0, 0, 0.4, 0.1]",,,,
1.0,Tyeree Bryan,6-5,215.0,Sr,32.0,42.1,112.7,11.7,13.1,45.0,47.1,6.7,10.1,5.6,9.0,1.3,1.5,2.5,1.9,18.9,14-21,0.667,17-34,0.5,22-77,0.286,https://kenpom.com/player.php?p=52411,20.0,11.0,16.0,23.0,24.0,9.0,Texas+Tech,B12,66.1,253.0,125.8,10.0,56.7,13.0,15.8,125.0,33.3,83.0,27.3,350.0,99.9,33.0,49.4,79.0,14.7,310.0,30.1,168.0,31.7,99.0,39.7,3.0,54.1,83.0,71.2,232.0,7.4,29.0,8.8,102.0,7.0,165.0,6.2,225.0,55.3,105.0,47.8,28.0,14.6,362.0,42.6,336.0,42.8,3.0,18.3,262.0,54.5,16.0,27.2,319.0,B12,31.3,42.0,50.7,124.0,69.7,45.0,9.6,161.0,8.6,244.0,6.1,324.0,6.8,25.0,41.7,6.0,35.0,46.0,99.9,33.0,Alabama,"L, 86-85",SEC,73.2,4.0,129.3,3.0,55.4,30.0,13.1,7.0,32.2,118.0,36.9,132.0,103.1,66.0,49.2,73.0,12.8,359.0,32.7,288.0,31.9,102.0,35.7,73.0,57.5,25.0,76.5,42.0,12.0,342.0,8.5,75.0,4.5,2.0,5.0,42.0,53.4,154.0,53.7,1.0,20.3,153.0,38.3,363.0,41.4,11.0,18.4,255.0,52.0,64.0,29.6,256.0,SEC,33.9,173.0,48.3,46.0,69.7,39.0,11.4,69.0,8.6,249.0,4.2,365.0,6.7,35.0,46.6,44.0,35.0,49.0,103.1,66.0,1.2,0.7,1.0,1.4,1.5,0.6,15.666666666666666,"[16, 11, 20]",18.8,3.6817870057290873,4.791659420284375,"[1.5, 1.4, 1, 0.7, 1.2]",,,,
77.0,Amaree Abram,6-3,200.0,Sr,24.0,18.8,122.5,14.4,16.9,50.0,53.7,3.5,11.0,11.6,12.8,0.5,3.9,4.0,2.5,27.3,14-18,0.778,12-28,0.429,14-38,0.368,https://kenpom.com/player.php?p=52931,1.0,0.0,0.0,3.0,0.0,4.0,Tennessee,SEC,65.0,306.0,121.2,32.0,51.8,156.0,17.4,226.0,45.0,1.0,38.1,101.0,94.5,13.0,47.5,34.0,16.4,199.0,27.7,58.0,35.9,210.0,33.8,184.0,52.3,155.0,69.4,288.0,9.3,168.0,10.6,286.0,6.8,138.0,6.0,179.0,59.8,36.0,31.8,332.0,20.3,150.0,54.9,37.0,24.8,328.0,21.0,111.0,45.2,314.0,33.8,91.0,SEC,30.3,17.0,49.2,68.0,70.4,69.0,11.2,75.0,10.9,78.0,5.4,355.0,6.7,36.0,45.3,26.0,44.7,330.0,94.5,13.0,Virginia,"W, 70-69",ACC,65.8,271.0,122.8,27.0,54.9,46.0,16.1,148.0,37.9,9.0,32.9,237.0,96.5,16.0,45.5,5.0,15.5,256.0,29.0,103.0,32.6,119.0,36.3,47.0,55.2,53.0,73.1,167.0,9.7,209.0,9.6,205.0,6.5,98.0,5.1,48.0,58.7,47.0,46.6,37.0,18.0,275.0,44.1,308.0,37.9,31.0,21.4,95.0,47.9,233.0,30.8,202.0,ACC,31.3,41.0,44.6,6.0,76.0,345.0,17.5,2.0,9.4,183.0,6.0,326.0,6.9,19.0,49.9,112.0,37.9,125.0,96.5,16.0,0.1,0.0,0.0,0.3,0.0,0.4,0.3333333333333333,"[0, 0, 1]",0.8,0.4714045207910317,1.1661903789690602,"[0, 0.3, 0, 0, 0.1]",,,,
1.0,Amari Evans,6-5,220.0,Fr,32.0,33.7,111.8,15.5,17.0,47.9,49.6,7.2,17.3,8.8,13.3,2.2,4.1,2.9,3.0,33.6,23-40,0.575,42-76,0.553,10-43,0.233,https://kenpom.com/player.php?p=58149,26.0,13.0,18.0,32.0,32.0,28.0,Tennessee,SEC,65.0,306.0,121.2,32.0,51.8,156.0,17.4,226.0,45.0,1.0,38.1,101.0,94.5,13.0,47.5,34.0,16.4,199.0,27.7,58.0,35.9,210.0,33.8,184.0,52.3,155.0,69.4,288.0,9.3,168.0,10.6,286.0,6.8,138.0,6.0,179.0,59.8,36.0,31.8,332.0,20.3,150.0,54.9,37.0,24.8,328.0,21.0,111.0,45.2,314.0,33.8,91.0,SEC,30.3,17.0,49.2,68.0,70.4,69.0,11.2,75.0,10.9,78.0,5.4,355.0,6.7,36.0,45.3,26.0,44.7,330.0,94.5,13.0,Virginia,"W, 70-69",ACC,65.8,271.0,122.8,27.0,54.9,46.0,16.1,148.0,37.9,9.0,32.9,237.0,96.5,16.0,45.5,5.0,15.5,256.0,29.0,103.0,32.6,119.0,36.3,47.0,55.2,53.0,73.1,167.0,9.7,209.0,9.6,205.0,6.5,98.0,5.1,48.0,58.7,47.0,46.6,37.0,18.0,275.0,44.1,308.0,37.9,31.0,21.4,95.0,47.9,233.0,30.8,202.0,ACC,31.3,41.0,44.6,6.0,76.0,345.0,17.5,2.0,9.4,183.0,6.0,326.0,6.9,19.0,49.9,112.0,37.9,125.0,96.5,16.0,1.9,0.9,1.3,2.3,2.3,2.0,19.0,"[18, 13, 26]",24.2,5.354126134736337,7.6000000000000005,"[2.3, 2.3, 1.3, 0.9, 1.9]",,,,
3.0,Bishop Boswell,6-4,204.0,So,31.0,59.0,111.1,14.5,11.3,52.5,56.2,5.5,13.4,17.5,25.8,0.6,2.9,4.4,2.8,48.2,46-67,0.687,37-77,0.481,24-62,0.387,https://kenpom.com/player.php?p=56085,21.0,21.0,31.0,29.0,29.0,28.0,Tennessee,SEC,65.0,306.0,121.2,32.0,51.8,156.0,17.4,226.0,45.0,1.0,38.1,101.0,94.5,13.0,47.5,34.0,16.4,199.0,27.7,58.0,35.9,210.0,33.8,184.0,52.3,155.0,69.4,288.0,9.3,168.0,10.6,286.0,6.8,138.0,6.0,179.0,59.8,36.0,31.8,332.0,20.3,150.0,54.9,37.0,24.8,328.0,21.0,111.0,45.2,314.0,33.8,91.0,SEC,30.3,17.0,49.2,68.0,70.4,69.0,11.2,75.0,10.9,78.0,5.4,355.0,6.7,36.0,45.3,26.0,44.7,330.0,94.5,13.0,Virginia,"W, 70-69",ACC,65.8,271.0,122.8,27.0,54.9,46.0,16.1,148.0,37.9,9.0,32.9,237.0,96.5,16.0,45.5,5.0,15.5,256.0,29.0,103.0,32.6,119.0,36.3,47.0,55.2,53.0,73.1,167.0,9.7,209.0,9.6,205.0,6.5,98.0,5.1,48.0,58.7,47.0,46.6,37.0,18.0,275.0,44.1,308.0,37.9,31.0,21.4,95.0,47.9,233.0,30.8,202.0,ACC,31.3,41.0,44.6,6.0,76.0,345.0,17.5,2.0,9.4,183.0,6.0,326.0,6.9,19.0,49.9,112.0,37.9,125.0,96.5,16.0,2.3,2.3,3.4,3.2,3.2,3.1,24.333333333333332,"[31, 21, 21]",26.2,4.714045207910316,4.308131845707603,"[3.2, 3.2, 3.4, 2.3, 2.3]",,,,
12.0,Cade Phillips,6-9,221.0,Jr,10.0,12.3,110.8,12.2,10.2,65.4,59.0,12.2,14.3,3.9,20.2,8.3,0.7,4.0,2.6,50.0,4-13,0.308,17-26,0.654,0-0,0.0,https://kenpom.com/player.php?p=54829,0.0,0.0,0.0,0.0,0.0,0.0,Tennessee,SEC,65.0,306.0,121.2,32.0,51.8,156.0,17.4,226.0,45.0,1.0,38.1,101.0,94.5,13.0,47.5,34.0,16.4,199.0,27.7,58.0,35.9,210.0,33.8,184.0,52.3,155.0,69.4,288.0,9.3,168.0,10.6,286.0,6.8,138.0,6.0,179.0,59.8,36.0,31.8,332.0,20.3,150.0,54.9,37.0,24.8,328.0,21.0,111.0,45.2,314.0,33.8,91.0,SEC,30.3,17.0,49.2,68.0,70.4,69.0,11.2,75.0,10.9,78.0,5.4,355.0,6.7,36.0,45.3,26.0,44.7,330.0,94.5,13.0,Virginia,"W, 70-69",ACC,65.8,271.0,122.8,27.0,54.9,46.0,16.1,148.0,37.9,9.0,32.9,237.0,96.5,16.0,45.5,5.0,15.5,256.0,29.0,103.0,32.6,119.0,36.3,47.0,55.2,53.0,73.1,167.0,9.7,209.0,9.6,205.0,6.5,98.0,5.1,48.0,58.7,47.0,46.6,37.0,18.0,275.0,44.1,308.0,37.9,31.0,21.4,95.0,47.9,233.0,30.8,202.0,ACC,31.3,41.0,44.6,6.0,76.0,345.0,17.5,2.0,9.4,183.0,6.0,326.0,6.9,19.0,49.9,112.0,37.9,125.0,96.5,16.0,0.0,0.0,0.0,0.0,0.0,0.0,0.0,"[0, 0, 0]",0.0,0.0,0.0,"[0, 0, 0, 0, 0]",,,,
6.0,DeWayne Brown,6-8,251.0,Fr,32.0,35.4,118.9,16.4,14.8,57.8,60.0,11.7,15.8,10.4,19.3,3.4,1.0,4.5,3.2,42.2,31-46,0.674,63-109,0.578,0-0,0.0,https://kenpom.com/player.php?p=58151,8.0,10.0,8.0,14.0,10.0,8.0,Tennessee,SEC,65.0,306.0,121.2,32.0,51.8,156.0,17.4,226.0,45.0,1.0,38.1,101.0,94.5,13.0,47.5,34.0,16.4,199.0,27.7,58.0,35.9,210.0,33.8,184.0,52.3,155.0,69.4,288.0,9.3,168.0,10.6,286.0,6.8,138.0,6.0,179.0,59.8,36.0,31.8,332.0,20.3,150.0,54.9,37.0,24.8,328.0,21.0,111.0,45.2,314.0,33.8,91.0,SEC,30.3,17.0,49.2,68.0,70.4,69.0,11.2,75.0,10.9,78.0,5.4,355.0,6.7,36.0,45.3,26.0,44.7,330.0,94.5,13.0,Virginia,"W, 70-69",ACC,65.8,271.0,122.8,27.0,54.9,46.0,16.1,148.0,37.9,9.0,32.9,237.0,96.5,16.0,45.5,5.0,15.5,256.0,29.0,103.0,32.6,119.0,36.3,47.0,55.2,53.0,73.1,167.0,9.7,209.0,9.6,205.0,6.5,98.0,5.1,48.0,58.7,47.0,46.6,37.0,18.0,275.0,44.1,308.0,37.9,31.0,21.4,95.0,47.9,233.0,30.8,202.0,ACC,31.3,41.0,44.6,6.0,76.0,345.0,17.5,2.0,9.4,183.0,6.0,326.0,6.9,19.0,49.9,112.0,37.9,125.0,96.5,16.0,0.9,1.1,0.9,1.6,1.1,0.9,8.666666666666666,"[8, 10, 8]",10.0,0.9428090415820634,2.1908902300206643,"[1.1, 1.6, 0.9, 1.1, 0.9]",,,,
35.0,Ethan Burg,6-3,199.0,So,28.0,21.4,113.3,13.8,12.2,62.0,64.2,1.9,7.1,17.8,30.7,0.4,1.6,4.2,1.8,20.4,9-11,0.818,11-21,0.524,15-33,0.455,https://kenpom.com/player.php?p=59435,23.0,18.0,2.0,15.0,18.0,13.0,Tennessee,SEC,65.0,306.0,121.2,32.0,51.8,156.0,17.4,226.0,45.0,1.0,38.1,101.0,94.5,13.0,47.5,34.0,16.4,199.0,27.7,58.0,35.9,210.0,33.8,184.0,52.3,155.0,69.4,288.0,9.3,168.0,10.6,286.0,6.8,138.0,6.0,179.0,59.8,36.0,31.8,332.0,20.3,150.0,54.9,37.0,24.8,328.0,21.0,111.0,45.2,314.0,33.8,91.0,SEC,30.3,17.0,49.2,68.0,70.4,69.0,11.2,75.0,10.9,78.0,5.4,355.0,6.7,36.0,45.3,26.0,44.7,330.0,94.5,13.0,Virginia,"W, 70-69",ACC,65.8,271.0,122.8,27.0,54.9,46.0,16.1,148.0,37.9,9.0,32.9,237.0,96.5,16.0,45.5,5.0,15.5,256.0,29.0,103.0,32.6,119.0,36.3,47.0,55.2,53.0,73.1,167.0,9.7,209.0,9.6,205.0,6.5,98.0,5.1,48.0,58.7,47.0,46.6,37.0,18.0,275.0,44.1,308.0,37.9,31.0,21.4,95.0,47.9,233.0,30.8,202.0,ACC,31.3,41.0,44.6,6.0,76.0,345.0,17.5,2.0,9.4,183.0,6.0,326.0,6.9,19.0,49.9,112.0,37.9,125.0,96.5,16.0,2.4,1.9,0.2,1.6,1.9,1.4,14.333333333333334,"[2, 18, 23]",15.2,8.9566858950296,7.0823724838503095,"[1.9, 1.6, 0.2, 1.9, 2.4]",,,,
34.0,Felix Okpara,6-11,243.0,Sr,32.0,62.2,121.7,13.3,13.2,61.2,62.4,10.3,15.4,3.0,17.3,6.7,1.0,3.6,2.6,37.6,42-64,0.656,98-159,0.616,4-11,0.364,https://kenpom.com/player.php?p=53372,29.0,27.0,31.0,32.0,28.0,30.0,Tennessee,SEC,65.0,306.0,121.2,32.0,51.8,156.0,17.4,226.0,45.0,1.0,38.1,101.0,94.5,13.0,47.5,34.0,16.4,199.0,27.7,58.0,35.9,210.0,33.8,184.0,52.3,155.0,69.4,288.0,9.3,168.0,10.6,286.0,6.8,138.0,6.0,179.0,59.8,36.0,31.8,332.0,20.3,150.0,54.9,37.0,24.8,328.0,21.0,111.0,45.2,314.0,33.8,91.0,SEC,30.3,17.0,49.2,68.0,70.4,69.0,11.2,75.0,10.9,78.0,5.4,355.0,6.7,36.0,45.3,26.0,44.7,330.0,94.5,13.0,Virginia,"W, 70-69",ACC,65.8,271.0,122.8,27.0,54.9,46.0,16.1,148.0,37.9,9.0,32.9,237.0,96.5,16.0,45.5,5.0,15.5,256.0,29.0,103.0,32.6,119.0,36.3,47.0,55.2,53.0,73.1,167.0,9.7,209.0,9.6,205.0,6.5,98.0,5.1,48.0,58.7,47.0,46.6,37.0,18.0,275.0,44.1,308.0,37.9,31.0,21.4,95.0,47.9,233.0,30.8,202.0,ACC,31.3,41.0,44.6,6.0,76.0,345.0,17.5,2.0,9.4,183.0,6.0,326.0,6.9,19.0,49.9,112.0,37.9,125.0,96.5,16.0,2.6,2.4,2.8,2.9,2.5,2.7,29.0,"[31, 27, 29]",29.4,1.632993161855452,1.854723699099141,"[2.5, 2.9, 2.8, 2.4, 2.6]",,,,
13.0,JP Estrella,6-11,240.0,So,30.0,39.4,128.4,23.4,26.2,62.1,62.9,17.7,15.8,9.7,12.7,2.6,0.9,4.7,3.8,29.0,40-62,0.645,127-204,0.623,4-10,0.4,https://kenpom.com/player.php?p=54830,29.0,20.0,16.0,23.0,27.0,22.0,Tennessee,SEC,65.0,306.0,121.2,32.0,51.8,156.0,17.4,226.0,45.0,1.0,38.1,101.0,94.5,13.0,47.5,34.0,16.4,199.0,27.7,58.0,35.9,210.0,33.8,184.0,52.3,155.0,69.4,288.0,9.3,168.0,10.6,286.0,6.8,138.0,6.0,179.0,59.8,36.0,31.8,332.0,20.3,150.0,54.9,37.0,24.8,328.0,21.0,111.0,45.2,314.0,33.8,91.0,SEC,30.3,17.0,49.2,68.0,70.4,69.0,11.2,75.0,10.9,78.0,5.4,355.0,6.7,36.0,45.3,26.0,44.7,330.0,94.5,13.0,Virginia,"W, 70-69",ACC,65.8,271.0,122.8,27.0,54.9,46.0,16.1,148.0,37.9,9.0,32.9,237.0,96.5,16.0,45.5,5.0,15.5,256.0,29.0,103.0,32.6,119.0,36.3,47.0,55.2,53.0,73.1,167.0,9.7,209.0,9.6,205.0,6.5,98.0,5.1,48.0,58.7,47.0,46.6,37.0,18.0,275.0,44.1,308.0,37.9,31.0,21.4,95.0,47.9,233.0,30.8,202.0,ACC,31.3,41.0,44.6,6.0,76.0,345.0,17.5,2.0,9.4,183.0,6.0,326.0,6.9,19.0,49.9,112.0,37.9,125.0,96.5,16.0,3.4,2.4,1.9,2.7,3.2,2.6,21.666666666666668,"[16, 20, 29]",23.0,5.436502143433363,4.69041575982343,"[3.2, 2.7, 1.9, 2.4, 3.4]",,,,
0.0,Ja'Kobi Gillespie,6-1,188.0,Sr,34.0,85.1,120.9,25.8,29.0,50.3,54.1,1.8,7.3,31.0,15.2,0.8,3.6,2.7,3.9,25.9,107-133,0.805,117-237,0.494,94-276,0.341,https://kenpom.com/player.php?p=52406,36.0,38.0,36.0,37.0,34.0,36.0,Tennessee,SEC,65.0,306.0,121.2,32.0,51.8,156.0,17.4,226.0,45.0,1.0,38.1,101.0,94.5,13.0,47.5,34.0,16.4,199.0,27.7,58.0,35.9,210.0,33.8,184.0,52.3,155.0,69.4,288.0,9.3,168.0,10.6,286.0,6.8,138.0,6.0,179.0,59.8,36.0,31.8,332.0,20.3,150.0,54.9,37.0,24.8,328.0,21.0,111.0,45.2,314.0,33.8,91.0,SEC,30.3,17.0,49.2,68.0,70.4,69.0,11.2,75.0,10.9,78.0,5.4,355.0,6.7,36.0,45.3,26.0,44.7,330.0,94.5,13.0,Virginia,"W, 70-69",ACC,65.8,271.0,122.8,27.0,54.9,46.0,16.1,148.0,37.9,9.0,32.9,237.0,96.5,16.0,45.5,5.0,15.5,256.0,29.0,103.0,32.6,119.0,36.3,47.0,55.2,53.0,73.1,167.0,9.7,209.0,9.6,205.0,6.5,98.0,5.1,48.0,58.7,47.0,46.6,37.0,18.0,275.0,44.1,308.0,37.9,31.0,21.4,95.0,47.9,233.0,30.8,202.0,ACC,31.3,41.0,44.6,6.0,76.0,345.0,17.5,2.0,9.4,183.0,6.0,326.0,6.9,19.0,49.9,112.0,37.9,125.0,96.5,16.0,2.4,2.6,2.4,2.5,2.3,2.4,36.666666666666664,"[36, 38, 36]",36.2,0.9428090415820634,1.3266499161421599,"[2.3, 2.5, 2.4, 2.6, 2.4]",,,,
23.0,Jaylen Carey,6-8,267.0,Jr,34.0,45.9,109.3,22.8,21.8,47.1,47.9,17.4,19.3,12.5,13.3,0.4,0.9,3.1,4.8,48.6,49-101,0.485,98-203,0.483,0-5,0.0,https://kenpom.com/player.php?p=54470,6.0,23.0,26.0,12.0,15.0,20.0,Tennessee,SEC,65.0,306.0,121.2,32.0,51.8,156.0,17.4,226.0,45.0,1.0,38.1,101.0,94.5,13.0,47.5,34.0,16.4,199.0,27.7,58.0,35.9,210.0,33.8,184.0,52.3,155.0,69.4,288.0,9.3,168.0,10.6,286.0,6.8,138.0,6.0,179.0,59.8,36.0,31.8,332.0,20.3,150.0,54.9,37.0,24.8,328.0,21.0,111.0,45.2,314.0,33.8,91.0,SEC,30.3,17.0,49.2,68.0,70.4,69.0,11.2,75.0,10.9,78.0,5.4,355.0,6.7,36.0,45.3,26.0,44.7,330.0,94.5,13.0,Virginia,"W, 70-69",ACC,65.8,271.0,122.8,27.0,54.9,46.0,16.1,148.0,37.9,9.0,32.9,237.0,96.5,16.0,45.5,5.0,15.5,256.0,29.0,103.0,32.6,119.0,36.3,47.0,55.2,53.0,73.1,167.0,9.7,209.0,9.6,205.0,6.5,98.0,5.1,48.0,58.7,47.0,46.6,37.0,18.0,275.0,44.1,308.0,37.9,31.0,21.4,95.0,47.9,233.0,30.8,202.0,ACC,31.3,41.0,44.6,6.0,76.0,345.0,17.5,2.0,9.4,183.0,6.0,326.0,6.9,19.0,49.9,112.0,37.9,125.0,96.5,16.0,0.5,1.8,2.0,0.9,1.2,1.6,18.333333333333332,"[26, 23, 6]",16.4,8.806563209081938,7.28285658241325,"[1.2, 0.9, 2, 1.8, 0.5]",,,,
10.0,Nate Ament,6-10,207.0,Fr,32.0,69.5,113.8,28.2,27.4,45.5,53.6,6.9,17.2,15.1,16.3,2.4,2.0,2.4,6.8,58.6,183-232,0.789,117-268,0.437,42-128,0.328,https://kenpom.com/player.php?p=58152,19.0,30.0,32.0,0.0,0.0,11.0,Tennessee,SEC,65.0,306.0,121.2,32.0,51.8,156.0,17.4,226.0,45.0,1.0,38.1,101.0,94.5,13.0,47.5,34.0,16.4,199.0,27.7,58.0,35.9,210.0,33.8,184.0,52.3,155.0,69.4,288.0,9.3,168.0,10.6,286.0,6.8,138.0,6.0,179.0,59.8,36.0,31.8,332.0,20.3,150.0,54.9,37.0,24.8,328.0,21.0,111.0,45.2,314.0,33.8,91.0,SEC,30.3,17.0,49.2,68.0,70.4,69.0,11.2,75.0,10.9,78.0,5.4,355.0,6.7,36.0,45.3,26.0,44.7,330.0,94.5,13.0,Virginia,"W, 70-69",ACC,65.8,271.0,122.8,27.0,54.9,46.0,16.1,148.0,37.9,9.0,32.9,237.0,96.5,16.0,45.5,5.0,15.5,256.0,29.0,103.0,32.6,119.0,36.3,47.0,55.2,53.0,73.1,167.0,9.7,209.0,9.6,205.0,6.5,98.0,5.1,48.0,58.7,47.0,46.6,37.0,18.0,275.0,44.1,308.0,37.9,31.0,21.4,95.0,47.9,233.0,30.8,202.0,ACC,31.3,41.0,44.6,6.0,76.0,345.0,17.5,2.0,9.4,183.0,6.0,326.0,6.9,19.0,49.9,112.0,37.9,125.0,96.5,16.0,1.1,1.8,1.9,0.0,0.0,0.7,27.0,"[32, 30, 19]",16.2,5.715476066494082,13.948476619330156,"[0, 0, 1.9, 1.8, 1.1]",,,,
24.0,Troy Henderson,6-1,186.0,Fr,26.0,14.0,120.8,14.3,17.6,48.0,47.6,1.8,5.2,24.7,15.1,0.0,3.4,4.4,1.1,2.0,0-1,0.0,2-7,0.286,15-44,0.341,https://kenpom.com/player.php?p=58153,1.0,0.0,0.0,3.0,7.0,0.0,Tennessee,SEC,65.0,306.0,121.2,32.0,51.8,156.0,17.4,226.0,45.0,1.0,38.1,101.0,94.5,13.0,47.5,34.0,16.4,199.0,27.7,58.0,35.9,210.0,33.8,184.0,52.3,155.0,69.4,288.0,9.3,168.0,10.6,286.0,6.8,138.0,6.0,179.0,59.8,36.0,31.8,332.0,20.3,150.0,54.9,37.0,24.8,328.0,21.0,111.0,45.2,314.0,33.8,91.0,SEC,30.3,17.0,49.2,68.0,70.4,69.0,11.2,75.0,10.9,78.0,5.4,355.0,6.7,36.0,45.3,26.0,44.7,330.0,94.5,13.0,Virginia,"W, 70-69",ACC,65.8,271.0,122.8,27.0,54.9,46.0,16.1,148.0,37.9,9.0,32.9,237.0,96.5,16.0,45.5,5.0,15.5,256.0,29.0,103.0,32.6,119.0,36.3,47.0,55.2,53.0,73.1,167.0,9.7,209.0,9.6,205.0,6.5,98.0,5.1,48.0,58.7,47.0,46.6,37.0,18.0,275.0,44.1,308.0,37.9,31.0,21.4,95.0,47.9,233.0,30.8,202.0,ACC,31.3,41.0,44.6,6.0,76.0,345.0,17.5,2.0,9.4,183.0,6.0,326.0,6.9,19.0,49.9,112.0,37.9,125.0,96.5,16.0,0.1,0.0,0.0,0.3,0.8,0.0,0.3333333333333333,"[0, 0, 1]",2.2,0.4714045207910317,2.6381811916545836,"[0.8, 0.3, 0, 0, 0.1]",,,,
2.0,Chance Mallory,5-10,186.0,Fr,35.0,59.2,126.3,20.2,17.9,50.5,57.2,4.3,12.2,24.9,13.7,0.7,3.9,3.6,4.6,56.2,99-126,0.786,56-114,0.491,38-110,0.345,https://kenpom.com/player.php?p=58024,19.0,23.0,23.0,23.0,18.0,25.0,Virginia,ACC,65.8,271.0,122.8,27.0,54.9,46.0,16.1,148.0,37.9,9.0,32.9,237.0,96.5,16.0,45.5,5.0,15.5,256.0,29.0,103.0,32.6,119.0,36.3,47.0,55.2,53.0,73.1,167.0,9.7,209.0,9.6,205.0,6.5,98.0,5.1,48.0,58.7,47.0,46.6,37.0,18.0,275.0,44.1,308.0,37.9,31.0,21.4,95.0,47.9,233.0,30.8,202.0,ACC,31.3,41.0,44.6,6.0,76.0,345.0,17.5,2.0,9.4,183.0,6.0,326.0,6.9,19.0,49.9,112.0,37.9,125.0,96.5,16.0,Tennessee,"L, 70-69",SEC,65.0,306.0,121.2,32.0,51.8,156.0,17.4,226.0,45.0,1.0,38.1,101.0,94.5,13.0,47.5,34.0,16.4,199.0,27.7,58.0,35.9,210.0,33.8,184.0,52.3,155.0,69.4,288.0,9.3,168.0,10.6,286.0,6.8,138.0,6.0,179.0,59.8,36.0,31.8,332.0,20.3,150.0,54.9,37.0,24.8,328.0,21.0,111.0,45.2,314.0,33.8,91.0,SEC,30.3,17.0,49.2,68.0,70.4,69.0,11.2,75.0,10.9,78.0,5.4,355.0,6.7,36.0,45.3,26.0,44.7,330.0,94.5,13.0,1.7,2.1,2.1,2.1,1.6,2.2,21.666666666666668,"[23, 23, 19]",21.2,1.8856180831641267,2.2271057451320084,"[1.6, 2.1, 2.1, 2.1, 1.7]",,,,
30.0,Dallin Hall,6-4,197.0,Sr,35.0,69.5,124.2,13.7,11.0,51.9,56.0,4.8,9.1,24.4,20.8,0.3,1.8,3.1,2.1,29.6,39-48,0.812,36-63,0.571,32-99,0.323,https://kenpom.com/player.php?p=53592,27.0,29.0,31.0,31.0,28.0,27.0,Virginia,ACC,65.8,271.0,122.8,27.0,54.9,46.0,16.1,148.0,37.9,9.0,32.9,237.0,96.5,16.0,45.5,5.0,15.5,256.0,29.0,103.0,32.6,119.0,36.3,47.0,55.2,53.0,73.1,167.0,9.7,209.0,9.6,205.0,6.5,98.0,5.1,48.0,58.7,47.0,46.6,37.0,18.0,275.0,44.1,308.0,37.9,31.0,21.4,95.0,47.9,233.0,30.8,202.0,ACC,31.3,41.0,44.6,6.0,76.0,345.0,17.5,2.0,9.4,183.0,6.0,326.0,6.9,19.0,49.9,112.0,37.9,125.0,96.5,16.0,Tennessee,"L, 70-69",SEC,65.0,306.0,121.2,32.0,51.8,156.0,17.4,226.0,45.0,1.0,38.1,101.0,94.5,13.0,47.5,34.0,16.4,199.0,27.7,58.0,35.9,210.0,33.8,184.0,52.3,155.0,69.4,288.0,9.3,168.0,10.6,286.0,6.8,138.0,6.0,179.0,59.8,36.0,31.8,332.0,20.3,150.0,54.9,37.0,24.8,328.0,21.0,111.0,45.2,314.0,33.8,91.0,SEC,30.3,17.0,49.2,68.0,70.4,69.0,11.2,75.0,10.9,78.0,5.4,355.0,6.7,36.0,45.3,26.0,44.7,330.0,94.5,13.0,2.1,2.2,2.4,2.4,2.2,2.1,29.0,"[31, 29, 27]",29.2,1.632993161855452,1.5999999999999999,"[2.2, 2.4, 2.4, 2.2, 2.1]",,,,
11.0,Devin Tillis,6-7,240.0,Sr,30.0,34.1,113.5,15.1,15.0,50.9,53.8,4.4,14.3,15.1,19.7,0.0,0.7,3.4,2.1,21.3,18-23,0.783,19-45,0.422,24-63,0.381,https://kenpom.com/player.php?p=49878,11.0,11.0,12.0,11.0,15.0,13.0,Virginia,ACC,65.8,271.0,122.8,27.0,54.9,46.0,16.1,148.0,37.9,9.0,32.9,237.0,96.5,16.0,45.5,5.0,15.5,256.0,29.0,103.0,32.6,119.0,36.3,47.0,55.2,53.0,73.1,167.0,9.7,209.0,9.6,205.0,6.5,98.0,5.1,48.0,58.7,47.0,46.6,37.0,18.0,275.0,44.1,308.0,37.9,31.0,21.4,95.0,47.9,233.0,30.8,202.0,ACC,31.3,41.0,44.6,6.0,76.0,345.0,17.5,2.0,9.4,183.0,6.0,326.0,6.9,19.0,49.9,112.0,37.9,125.0,96.5,16.0,Tennessee,"L, 70-69",SEC,65.0,306.0,121.2,32.0,51.8,156.0,17.4,226.0,45.0,1.0,38.1,101.0,94.5,13.0,47.5,34.0,16.4,199.0,27.7,58.0,35.9,210.0,33.8,184.0,52.3,155.0,69.4,288.0,9.3,168.0,10.6,286.0,6.8,138.0,6.0,179.0,59.8,36.0,31.8,332.0,20.3,150.0,54.9,37.0,24.8,328.0,21.0,111.0,45.2,314.0,33.8,91.0,SEC,30.3,17.0,49.2,68.0,70.4,69.0,11.2,75.0,10.9,78.0,5.4,355.0,6.7,36.0,45.3,26.0,44.7,330.0,94.5,13.0,0.9,0.9,1.0,0.9,1.3,1.1,11.333333333333334,"[12, 11, 11]",12.0,0.4714045207910317,1.5491933384829668,"[1.3, 0.9, 1, 0.9, 0.9]",,,,
12.0,Elijah Gertrude,6-4,173.0,So,17.0,7.4,105.0,17.1,19.9,45.2,44.7,3.4,11.2,18.6,13.4,2.1,1.1,4.2,1.8,9.7,1-3,0.333,11-17,0.647,2-14,0.143,https://kenpom.com/player.php?p=54960,0.0,0.0,2.0,0.0,0.0,0.0,Virginia,ACC,65.8,271.0,122.8,27.0,54.9,46.0,16.1,148.0,37.9,9.0,32.9,237.0,96.5,16.0,45.5,5.0,15.5,256.0,29.0,103.0,32.6,119.0,36.3,47.0,55.2,53.0,73.1,167.0,9.7,209.0,9.6,205.0,6.5,98.0,5.1,48.0,58.7,47.0,46.6,37.0,18.0,275.0,44.1,308.0,37.9,31.0,21.4,95.0,47.9,233.0,30.8,202.0,ACC,31.3,41.0,44.6,6.0,76.0,345.0,17.5,2.0,9.4,183.0,6.0,326.0,6.9,19.0,49.9,112.0,37.9,125.0,96.5,16.0,Tennessee,"L, 70-69",SEC,65.0,306.0,121.2,32.0,51.8,156.0,17.4,226.0,45.0,1.0,38.1,101.0,94.5,13.0,47.5,34.0,16.4,199.0,27.7,58.0,35.9,210.0,33.8,184.0,52.3,155.0,69.4,288.0,9.3,168.0,10.6,286.0,6.8,138.0,6.0,179.0,59.8,36.0,31.8,332.0,20.3,150.0,54.9,37.0,24.8,328.0,21.0,111.0,45.2,314.0,33.8,91.0,SEC,30.3,17.0,49.2,68.0,70.4,69.0,11.2,75.0,10.9,78.0,5.4,355.0,6.7,36.0,45.3,26.0,44.7,330.0,94.5,13.0,0.0,0.0,0.2,0.0,0.0,0.0,0.6666666666666666,"[2, 0, 0]",0.4,0.9428090415820634,0.8000000000000002,"[0, 0, 0.2, 0, 0]",,,,
6.0,Jacari White,6-3,180.0,Sr,30.0,37.3,124.6,21.6,25.4,64.2,65.6,4.4,9.8,13.7,17.8,0.4,1.8,2.6,2.5,14.0,23-28,0.821,28-50,0.56,67-150,0.447,https://kenpom.com/player.php?p=53155,24.0,10.0,15.0,21.0,18.0,24.0,Virginia,ACC,65.8,271.0,122.8,27.0,54.9,46.0,16.1,148.0,37.9,9.0,32.9,237.0,96.5,16.0,45.5,5.0,15.5,256.0,29.0,103.0,32.6,119.0,36.3,47.0,55.2,53.0,73.1,167.0,9.7,209.0,9.6,205.0,6.5,98.0,5.1,48.0,58.7,47.0,46.6,37.0,18.0,275.0,44.1,308.0,37.9,31.0,21.4,95.0,47.9,233.0,30.8,202.0,ACC,31.3,41.0,44.6,6.0,76.0,345.0,17.5,2.0,9.4,183.0,6.0,326.0,6.9,19.0,49.9,112.0,37.9,125.0,96.5,16.0,Tennessee,"L, 70-69",SEC,65.0,306.0,121.2,32.0,51.8,156.0,17.4,226.0,45.0,1.0,38.1,101.0,94.5,13.0,47.5,34.0,16.4,199.0,27.7,58.0,35.9,210.0,33.8,184.0,52.3,155.0,69.4,288.0,9.3,168.0,10.6,286.0,6.8,138.0,6.0,179.0,59.8,36.0,31.8,332.0,20.3,150.0,54.9,37.0,24.8,328.0,21.0,111.0,45.2,314.0,33.8,91.0,SEC,30.3,17.0,49.2,68.0,70.4,69.0,11.2,75.0,10.9,78.0,5.4,355.0,6.7,36.0,45.3,26.0,44.7,330.0,94.5,13.0,1.6,0.6,1.0,1.4,1.2,1.6,16.333333333333332,"[15, 10, 24]",17.6,5.792715732327588,4.841487374764082,"[1.2, 1.4, 1, 0.6, 1.6]",,,,
17.0,Johann Grunloh,7-0,238.0,Fr,35.0,51.6,124.2,16.8,16.5,59.7,59.5,13.5,14.4,5.6,12.7,11.8,1.3,4.2,3.3,38.9,39-70,0.557,76-120,0.633,21-60,0.35,https://kenpom.com/player.php?p=58025,19.0,17.0,11.0,10.0,20.0,26.0,Virginia,ACC,65.8,271.0,122.8,27.0,54.9,46.0,16.1,148.0,37.9,9.0,32.9,237.0,96.5,16.0,45.5,5.0,15.5,256.0,29.0,103.0,32.6,119.0,36.3,47.0,55.2,53.0,73.1,167.0,9.7,209.0,9.6,205.0,6.5,98.0,5.1,48.0,58.7,47.0,46.6,37.0,18.0,275.0,44.1,308.0,37.9,31.0,21.4,95.0,47.9,233.0,30.8,202.0,ACC,31.3,41.0,44.6,6.0,76.0,345.0,17.5,2.0,9.4,183.0,6.0,326.0,6.9,19.0,49.9,112.0,37.9,125.0,96.5,16.0,Tennessee,"L, 70-69",SEC,65.0,306.0,121.2,32.0,51.8,156.0,17.4,226.0,45.0,1.0,38.1,101.0,94.5,13.0,47.5,34.0,16.4,199.0,27.7,58.0,35.9,210.0,33.8,184.0,52.3,155.0,69.4,288.0,9.3,168.0,10.6,286.0,6.8,138.0,6.0,179.0,59.8,36.0,31.8,332.0,20.3,150.0,54.9,37.0,24.8,328.0,21.0,111.0,45.2,314.0,33.8,91.0,SEC,30.3,17.0,49.2,68.0,70.4,69.0,11.2,75.0,10.9,78.0,5.4,355.0,6.7,36.0,45.3,26.0,44.7,330.0,94.5,13.0,2.0,1.8,1.2,1.0,2.1,2.7,15.666666666666666,"[11, 17, 19]",15.4,3.39934634239519,4.127953488110059,"[2.1, 1, 1.2, 1.8, 2]",,,,
1.0,Malik Thomas,6-5,215.0,Sr,35.0,56.1,110.4,26.6,29.3,50.4,54.2,3.8,14.7,13.3,15.3,0.6,1.3,4.2,4.6,32.3,84-112,0.75,79-163,0.485,64-184,0.348,https://kenpom.com/player.php?p=52071,22.0,30.0,22.0,20.0,24.0,26.0,Virginia,ACC,65.8,271.0,122.8,27.0,54.9,46.0,16.1,148.0,37.9,9.0,32.9,237.0,96.5,16.0,45.5,5.0,15.5,256.0,29.0,103.0,32.6,119.0,36.3,47.0,55.2,53.0,73.1,167.0,9.7,209.0,9.6,205.0,6.5,98.0,5.1,48.0,58.7,47.0,46.6,37.0,18.0,275.0,44.1,308.0,37.9,31.0,21.4,95.0,47.9,233.0,30.8,202.0,ACC,31.3,41.0,44.6,6.0,76.0,345.0,17.5,2.0,9.4,183.0,6.0,326.0,6.9,19.0,49.9,112.0,37.9,125.0,96.5,16.0,Tennessee,"L, 70-69",SEC,65.0,306.0,121.2,32.0,51.8,156.0,17.4,226.0,45.0,1.0,38.1,101.0,94.5,13.0,47.5,34.0,16.4,199.0,27.7,58.0,35.9,210.0,33.8,184.0,52.3,155.0,69.4,288.0,9.3,168.0,10.6,286.0,6.8,138.0,6.0,179.0,59.8,36.0,31.8,332.0,20.3,150.0,54.9,37.0,24.8,328.0,21.0,111.0,45.2,314.0,33.8,91.0,SEC,30.3,17.0,49.2,68.0,70.4,69.0,11.2,75.0,10.9,78.0,5.4,355.0,6.7,36.0,45.3,26.0,44.7,330.0,94.5,13.0,2.3,3.2,2.3,2.1,2.5,2.7,24.666666666666668,"[22, 30, 22]",23.6,3.7712361663282534,3.4409301068170506,"[2.5, 2.1, 2.3, 3.2, 2.3]",,,,
7.0,Martin Carrere,6-9,198.0,Fr,16.0,4.6,79.1,17.5,13.5,42.3,43.0,7.2,6.6,12.6,36.9,3.4,0.9,3.7,1.9,15.4,1-2,0.5,4-7,0.571,1-6,0.167,https://kenpom.com/player.php?p=57070,0.0,0.0,2.0,0.0,0.0,0.0,Virginia,ACC,65.8,271.0,122.8,27.0,54.9,46.0,16.1,148.0,37.9,9.0,32.9,237.0,96.5,16.0,45.5,5.0,15.5,256.0,29.0,103.0,32.6,119.0,36.3,47.0,55.2,53.0,73.1,167.0,9.7,209.0,9.6,205.0,6.5,98.0,5.1,48.0,58.7,47.0,46.6,37.0,18.0,275.0,44.1,308.0,37.9,31.0,21.4,95.0,47.9,233.0,30.8,202.0,ACC,31.3,41.0,44.6,6.0,76.0,345.0,17.5,2.0,9.4,183.0,6.0,326.0,6.9,19.0,49.9,112.0,37.9,125.0,96.5,16.0,Tennessee,"L, 70-69",SEC,65.0,306.0,121.2,32.0,51.8,156.0,17.4,226.0,45.0,1.0,38.1,101.0,94.5,13.0,47.5,34.0,16.4,199.0,27.7,58.0,35.9,210.0,33.8,184.0,52.3,155.0,69.4,288.0,9.3,168.0,10.6,286.0,6.8,138.0,6.0,179.0,59.8,36.0,31.8,332.0,20.3,150.0,54.9,37.0,24.8,328.0,21.0,111.0,45.2,314.0,33.8,91.0,SEC,30.3,17.0,49.2,68.0,70.4,69.0,11.2,75.0,10.9,78.0,5.4,355.0,6.7,36.0,45.3,26.0,44.7,330.0,94.5,13.0,0.0,0.0,0.2,0.0,0.0,0.0,0.6666666666666666,"[2, 0, 0]",0.4,0.9428090415820634,0.8000000000000002,"[0, 0, 0.2, 0, 0]",,,,
5.0,Sam Lewis,6-7,210.0,Jr,35.0,62.8,116.7,19.4,21.7,56.8,59.0,3.7,11.9,10.6,16.3,1.0,1.9,3.0,2.9,23.6,51-68,0.75,72-139,0.518,61-149,0.409,https://kenpom.com/player.php?p=54854,29.0,28.0,26.0,26.0,31.0,15.0,Virginia,ACC,65.8,271.0,122.8,27.0,54.9,46.0,16.1,148.0,37.9,9.0,32.9,237.0,96.5,16.0,45.5,5.0,15.5,256.0,29.0,103.0,32.6,119.0,36.3,47.0,55.2,53.0,73.1,167.0,9.7,209.0,9.6,205.0,6.5,98.0,5.1,48.0,58.7,47.0,46.6,37.0,18.0,275.0,44.1,308.0,37.9,31.0,21.4,95.0,47.9,233.0,30.8,202.0,ACC,31.3,41.0,44.6,6.0,76.0,345.0,17.5,2.0,9.4,183.0,6.0,326.0,6.9,19.0,49.9,112.0,37.9,125.0,96.5,16.0,Tennessee,"L, 70-69",SEC,65.0,306.0,121.2,32.0,51.8,156.0,17.4,226.0,45.0,1.0,38.1,101.0,94.5,13.0,47.5,34.0,16.4,199.0,27.7,58.0,35.9,210.0,33.8,184.0,52.3,155.0,69.4,288.0,9.3,168.0,10.6,286.0,6.8,138.0,6.0,179.0,59.8,36.0,31.8,332.0,20.3,150.0,54.9,37.0,24.8,328.0,21.0,111.0,45.2,314.0,33.8,91.0,SEC,30.3,17.0,49.2,68.0,70.4,69.0,11.2,75.0,10.9,78.0,5.4,355.0,6.7,36.0,45.3,26.0,44.7,330.0,94.5,13.0,2.2,2.1,2.0,2.0,2.3,1.1,27.666666666666668,"[26, 28, 29]",28.0,1.247219128924647,1.8973665961010275,"[2.3, 2, 2, 2.1, 2.2]",,,,
28.0,Thijs De Ridder,6-9,238.0,Fr,35.0,67.7,118.0,26.5,26.5,55.3,58.8,10.2,14.8,11.7,14.8,1.9,1.8,3.4,5.4,44.4,120-168,0.714,155-272,0.57,36-106,0.34,https://kenpom.com/player.php?p=59438,29.0,29.0,28.0,28.0,26.0,30.0,Virginia,ACC,65.8,271.0,122.8,27.0,54.9,46.0,16.1,148.0,37.9,9.0,32.9,237.0,96.5,16.0,45.5,5.0,15.5,256.0,29.0,103.0,32.6,119.0,36.3,47.0,55.2,53.0,73.1,167.0,9.7,209.0,9.6,205.0,6.5,98.0,5.1,48.0,58.7,47.0,46.6,37.0,18.0,275.0,44.1,308.0,37.9,31.0,21.4,95.0,47.9,233.0,30.8,202.0,ACC,31.3,41.0,44.6,6.0,76.0,345.0,17.5,2.0,9.4,183.0,6.0,326.0,6.9,19.0,49.9,112.0,37.9,125.0,96.5,16.0,Tennessee,"L, 70-69",SEC,65.0,306.0,121.2,32.0,51.8,156.0,17.4,226.0,45.0,1.0,38.1,101.0,94.5,13.0,47.5,34.0,16.4,199.0,27.7,58.0,35.9,210.0,33.8,184.0,52.3,155.0,69.4,288.0,9.3,168.0,10.6,286.0,6.8,138.0,6.0,179.0,59.8,36.0,31.8,332.0,20.3,150.0,54.9,37.0,24.8,328.0,21.0,111.0,45.2,314.0,33.8,91.0,SEC,30.3,17.0,49.2,68.0,70.4,69.0,11.2,75.0,10.9,78.0,5.4,355.0,6.7,36.0,45.3,26.0,44.7,330.0,94.5,13.0,2.5,2.5,2.4,2.4,2.2,2.6,28.666666666666668,"[28, 29, 29]",28.0,0.4714045207910317,1.0954451150103321,"[2.2, 2.4, 2.4, 2.5, 2.5]",,,,
33.0,Ugonna Onyenso,7-0,245.0,Sr,35.0,45.6,130.6,15.4,17.3,59.3,61.2,10.2,19.4,6.0,9.6,17.6,2.0,2.7,2.6,26.4,32-44,0.727,84-131,0.641,10-36,0.278,https://kenpom.com/player.php?p=53490,20.0,23.0,27.0,30.0,19.0,14.0,Virginia,ACC,65.8,271.0,122.8,27.0,54.9,46.0,16.1,148.0,37.9,9.0,32.9,237.0,96.5,16.0,45.5,5.0,15.5,256.0,29.0,103.0,32.6,119.0,36.3,47.0,55.2,53.0,73.1,167.0,9.7,209.0,9.6,205.0,6.5,98.0,5.1,48.0,58.7,47.0,46.6,37.0,18.0,275.0,44.1,308.0,37.9,31.0,21.4,95.0,47.9,233.0,30.8,202.0,ACC,31.3,41.0,44.6,6.0,76.0,345.0,17.5,2.0,9.4,183.0,6.0,326.0,6.9,19.0,49.9,112.0,37.9,125.0,96.5,16.0,Tennessee,"L, 70-69",SEC,65.0,306.0,121.2,32.0,51.8,156.0,17.4,226.0,45.0,1.0,38.1,101.0,94.5,13.0,47.5,34.0,16.4,199.0,27.7,58.0,35.9,210.0,33.8,184.0,52.3,155.0,69.4,288.0,9.3,168.0,10.6,286.0,6.8,138.0,6.0,179.0,59.8,36.0,31.8,332.0,20.3,150.0,54.9,37.0,24.8,328.0,21.0,111.0,45.2,314.0,33.8,91.0,SEC,30.3,17.0,49.2,68.0,70.4,69.0,11.2,75.0,10.9,78.0,5.4,355.0,6.7,36.0,45.3,26.0,44.7,330.0,94.5,13.0,1.4,1.6,1.8,2.0,1.3,0.9,23.333333333333332,"[27, 23, 20]",23.8,2.8674417556808756,4.166533331199932,"[1.3, 2, 1.8, 1.6, 1.4]",,,,
23.0,Bryce Hopkins,6-7,225.0,Sr,35.0,71.3,116.3,22.2,22.6,49.7,54.8,7.6,16.1,12.7,10.9,1.0,2.1,2.2,5.1,50.4,126-175,0.72,135-267,0.506,25-80,0.312,https://kenpom.com/player.php?p=51699,35.0,39.0,34.0,27.0,32.0,29.0,St.+John's,BE,69.6,69.0,120.5,39.0,51.1,189.0,14.7,51.0,35.9,29.0,41.8,34.0,93.9,10.0,47.2,23.0,19.1,45.0,29.8,148.0,31.5,96.0,33.3,210.0,51.8,179.0,72.6,180.0,9.5,186.0,8.7,95.0,6.0,40.0,6.0,181.0,57.9,56.0,34.2,289.0,22.9,44.0,51.3,120.0,25.8,317.0,19.2,220.0,54.0,24.0,26.8,325.0,BE,31.1,37.0,47.4,36.0,71.3,112.0,12.4,40.0,10.9,79.0,8.2,55.0,6.1,160.0,46.9,46.0,33.5,25.0,93.9,10.0,Kansas,"W, 73-71",B12,67.8,158.0,118.1,57.0,51.3,182.0,15.4,96.0,29.3,225.0,32.2,255.0,93.7,8.0,45.1,2.0,13.9,340.0,30.1,165.0,27.7,32.0,34.6,142.0,51.0,215.0,76.9,35.0,8.2,71.0,9.5,198.0,5.9,35.0,6.2,226.0,52.7,170.0,35.5,261.0,19.5,201.0,51.6,110.0,28.9,238.0,17.5,298.0,47.7,238.0,34.9,63.0,B12,30.5,22.0,44.5,4.0,68.8,16.0,15.3,7.0,8.0,304.0,5.9,329.0,6.2,128.0,47.3,54.0,41.5,257.0,93.7,8.0,1.9,2.1,1.9,1.5,1.8,1.6,36.0,"[34, 39, 35]",33.4,2.160246899469287,3.9293765408777004,"[1.8, 1.5, 1.9, 2.1, 1.9]",,,,
1.0,Dillon Mitchell,6-8,210.0,Sr,35.0,69.3,121.1,16.0,14.8,55.2,55.0,9.6,18.1,19.4,12.7,2.7,2.5,2.5,3.0,38.0,43-84,0.512,122-208,0.587,0-13,0.0,https://kenpom.com/player.php?p=53280,32.0,38.0,36.0,14.0,37.0,23.0,St.+John's,BE,69.6,69.0,120.5,39.0,51.1,189.0,14.7,51.0,35.9,29.0,41.8,34.0,93.9,10.0,47.2,23.0,19.1,45.0,29.8,148.0,31.5,96.0,33.3,210.0,51.8,179.0,72.6,180.0,9.5,186.0,8.7,95.0,6.0,40.0,6.0,181.0,57.9,56.0,34.2,289.0,22.9,44.0,51.3,120.0,25.8,317.0,19.2,220.0,54.0,24.0,26.8,325.0,BE,31.1,37.0,47.4,36.0,71.3,112.0,12.4,40.0,10.9,79.0,8.2,55.0,6.1,160.0,46.9,46.0,33.5,25.0,93.9,10.0,Kansas,"W, 73-71",B12,67.8,158.0,118.1,57.0,51.3,182.0,15.4,96.0,29.3,225.0,32.2,255.0,93.7,8.0,45.1,2.0,13.9,340.0,30.1,165.0,27.7,32.0,34.6,142.0,51.0,215.0,76.9,35.0,8.2,71.0,9.5,198.0,5.9,35.0,6.2,226.0,52.7,170.0,35.5,261.0,19.5,201.0,51.6,110.0,28.9,238.0,17.5,298.0,47.7,238.0,34.9,63.0,B12,30.5,22.0,44.5,4.0,68.8,16.0,15.3,7.0,8.0,304.0,5.9,329.0,6.2,128.0,47.3,54.0,41.5,257.0,93.7,8.0,2.0,2.4,2.2,0.9,2.3,1.4,35.333333333333336,"[36, 38, 32]",31.4,2.494438257849294,8.935323161475472,"[2.3, 0.9, 2.2, 2.4, 2]",,,,
0.0,Dylan Darling,6-1,175.0,Jr,33.0,50.0,109.9,17.6,16.7,47.5,52.6,1.6,11.7,20.2,16.5,0.4,3.8,4.4,3.8,47.5,61-85,0.718,46-87,0.529,26-92,0.283,https://kenpom.com/player.php?p=53127,33.0,23.0,29.0,25.0,36.0,32.0,St.+John's,BE,69.6,69.0,120.5,39.0,51.1,189.0,14.7,51.0,35.9,29.0,41.8,34.0,93.9,10.0,47.2,23.0,19.1,45.0,29.8,148.0,31.5,96.0,33.3,210.0,51.8,179.0,72.6,180.0,9.5,186.0,8.7,95.0,6.0,40.0,6.0,181.0,57.9,56.0,34.2,289.0,22.9,44.0,51.3,120.0,25.8,317.0,19.2,220.0,54.0,24.0,26.8,325.0,BE,31.1,37.0,47.4,36.0,71.3,112.0,12.4,40.0,10.9,79.0,8.2,55.0,6.1,160.0,46.9,46.0,33.5,25.0,93.9,10.0,Kansas,"W, 73-71",B12,67.8,158.0,118.1,57.0,51.3,182.0,15.4,96.0,29.3,225.0,32.2,255.0,93.7,8.0,45.1,2.0,13.9,340.0,30.1,165.0,27.7,32.0,34.6,142.0,51.0,215.0,76.9,35.0,8.2,71.0,9.5,198.0,5.9,35.0,6.2,226.0,52.7,170.0,35.5,261.0,19.5,201.0,51.6,110.0,28.9,238.0,17.5,298.0,47.7,238.0,34.9,63.0,B12,30.5,22.0,44.5,4.0,68.8,16.0,15.3,7.0,8.0,304.0,5.9,329.0,6.2,128.0,47.3,54.0,41.5,257.0,93.7,8.0,3.6,2.5,3.2,2.8,4.0,3.5,28.333333333333332,"[29, 23, 33]",29.2,4.109609335312651,4.833218389437829,"[4, 2.8, 3.2, 2.5, 3.6]",,,,
11.0,Ian Jackson,6-5,195.0,So,34.0,44.3,105.8,24.4,27.2,50.6,55.6,1.8,11.9,13.2,18.9,1.1,2.5,3.3,3.8,27.0,63-70,0.9,62-130,0.477,46-129,0.357,https://kenpom.com/player.php?p=57339,9.0,15.0,14.0,19.0,3.0,12.0,St.+John's,BE,69.6,69.0,120.5,39.0,51.1,189.0,14.7,51.0,35.9,29.0,41.8,34.0,93.9,10.0,47.2,23.0,19.1,45.0,29.8,148.0,31.5,96.0,33.3,210.0,51.8,179.0,72.6,180.0,9.5,186.0,8.7,95.0,6.0,40.0,6.0,181.0,57.9,56.0,34.2,289.0,22.9,44.0,51.3,120.0,25.8,317.0,19.2,220.0,54.0,24.0,26.8,325.0,BE,31.1,37.0,47.4,36.0,71.3,112.0,12.4,40.0,10.9,79.0,8.2,55.0,6.1,160.0,46.9,46.0,33.5,25.0,93.9,10.0,Kansas,"W, 73-71",B12,67.8,158.0,118.1,57.0,51.3,182.0,15.4,96.0,29.3,225.0,32.2,255.0,93.7,8.0,45.1,2.0,13.9,340.0,30.1,165.0,27.7,32.0,34.6,142.0,51.0,215.0,76.9,35.0,8.2,71.0,9.5,198.0,5.9,35.0,6.2,226.0,52.7,170.0,35.5,261.0,19.5,201.0,51.6,110.0,28.9,238.0,17.5,298.0,47.7,238.0,34.9,63.0,B12,30.5,22.0,44.5,4.0,68.8,16.0,15.3,7.0,8.0,304.0,5.9,329.0,6.2,128.0,47.3,54.0,41.5,257.0,93.7,8.0,0.7,1.2,1.2,1.6,0.2,1.0,12.666666666666666,"[14, 15, 9]",12.0,2.6246692913372702,5.513619500836088,"[0.2, 1.6, 1.2, 1.2, 0.7]",,,,
3.0,Joson Sanon,6-5,200.0,So,35.0,52.6,100.4,19.4,22.5,44.3,49.2,2.7,10.7,5.7,14.6,0.8,1.4,4.1,3.6,32.3,63-82,0.768,42-119,0.353,47-135,0.348,https://kenpom.com/player.php?p=56211,18.0,16.0,23.0,26.0,20.0,25.0,St.+John's,BE,69.6,69.0,120.5,39.0,51.1,189.0,14.7,51.0,35.9,29.0,41.8,34.0,93.9,10.0,47.2,23.0,19.1,45.0,29.8,148.0,31.5,96.0,33.3,210.0,51.8,179.0,72.6,180.0,9.5,186.0,8.7,95.0,6.0,40.0,6.0,181.0,57.9,56.0,34.2,289.0,22.9,44.0,51.3,120.0,25.8,317.0,19.2,220.0,54.0,24.0,26.8,325.0,BE,31.1,37.0,47.4,36.0,71.3,112.0,12.4,40.0,10.9,79.0,8.2,55.0,6.1,160.0,46.9,46.0,33.5,25.0,93.9,10.0,Kansas,"W, 73-71",B12,67.8,158.0,118.1,57.0,51.3,182.0,15.4,96.0,29.3,225.0,32.2,255.0,93.7,8.0,45.1,2.0,13.9,340.0,30.1,165.0,27.7,32.0,34.6,142.0,51.0,215.0,76.9,35.0,8.2,71.0,9.5,198.0,5.9,35.0,6.2,226.0,52.7,170.0,35.5,261.0,19.5,201.0,51.6,110.0,28.9,238.0,17.5,298.0,47.7,238.0,34.9,63.0,B12,30.5,22.0,44.5,4.0,68.8,16.0,15.3,7.0,8.0,304.0,5.9,329.0,6.2,128.0,47.3,54.0,41.5,257.0,93.7,8.0,1.8,1.6,2.4,2.7,2.0,2.6,19.0,"[23, 16, 18]",20.6,2.943920288775949,3.5552777669262356,"[2, 2.7, 2.4, 1.6, 1.8]",,,,
5.0,Kelvin Odih,6-4,215.0,Fr,10.0,4.0,98.7,20.2,17.5,46.7,47.0,23.6,13.7,6.3,24.9,3.6,3.0,7.9,2.0,13.3,1-2,0.5,7-14,0.5,0-1,0.0,https://kenpom.com/player.php?p=58885,0.0,0.0,0.0,0.0,0.0,0.0,St.+John's,BE,69.6,69.0,120.5,39.0,51.1,189.0,14.7,51.0,35.9,29.0,41.8,34.0,93.9,10.0,47.2,23.0,19.1,45.0,29.8,148.0,31.5,96.0,33.3,210.0,51.8,179.0,72.6,180.0,9.5,186.0,8.7,95.0,6.0,40.0,6.0,181.0,57.9,56.0,34.2,289.0,22.9,44.0,51.3,120.0,25.8,317.0,19.2,220.0,54.0,24.0,26.8,325.0,BE,31.1,37.0,47.4,36.0,71.3,112.0,12.4,40.0,10.9,79.0,8.2,55.0,6.1,160.0,46.9,46.0,33.5,25.0,93.9,10.0,Kansas,"W, 73-71",B12,67.8,158.0,118.1,57.0,51.3,182.0,15.4,96.0,29.3,225.0,32.2,255.0,93.7,8.0,45.1,2.0,13.9,340.0,30.1,165.0,27.7,32.0,34.6,142.0,51.0,215.0,76.9,35.0,8.2,71.0,9.5,198.0,5.9,35.0,6.2,226.0,52.7,170.0,35.5,261.0,19.5,201.0,51.6,110.0,28.9,238.0,17.5,298.0,47.7,238.0,34.9,63.0,B12,30.5,22.0,44.5,4.0,68.8,16.0,15.3,7.0,8.0,304.0,5.9,329.0,6.2,128.0,47.3,54.0,41.5,257.0,93.7,8.0,0.0,0.0,0.0,0.0,0.0,0.0,0.0,"[0, 0, 0]",0.0,0.0,0.0,"[0, 0, 0, 0, 0]",,,,
31.0,Lefteris Liotopoulos,6-4,195.0,So,28.0,16.1,107.6,18.3,19.7,49.3,54.4,1.9,10.7,8.3,16.4,0.5,1.5,4.4,3.8,39.7,21-27,0.778,8-19,0.421,17-49,0.347,https://kenpom.com/player.php?p=56170,7.0,7.0,0.0,5.0,0.0,0.0,St.+John's,BE,69.6,69.0,120.5,39.0,51.1,189.0,14.7,51.0,35.9,29.0,41.8,34.0,93.9,10.0,47.2,23.0,19.1,45.0,29.8,148.0,31.5,96.0,33.3,210.0,51.8,179.0,72.6,180.0,9.5,186.0,8.7,95.0,6.0,40.0,6.0,181.0,57.9,56.0,34.2,289.0,22.9,44.0,51.3,120.0,25.8,317.0,19.2,220.0,54.0,24.0,26.8,325.0,BE,31.1,37.0,47.4,36.0,71.3,112.0,12.4,40.0,10.9,79.0,8.2,55.0,6.1,160.0,46.9,46.0,33.5,25.0,93.9,10.0,Kansas,"W, 73-71",B12,67.8,158.0,118.1,57.0,51.3,182.0,15.4,96.0,29.3,225.0,32.2,255.0,93.7,8.0,45.1,2.0,13.9,340.0,30.1,165.0,27.7,32.0,34.6,142.0,51.0,215.0,76.9,35.0,8.2,71.0,9.5,198.0,5.9,35.0,6.2,226.0,52.7,170.0,35.5,261.0,19.5,201.0,51.6,110.0,28.9,238.0,17.5,298.0,47.7,238.0,34.9,63.0,B12,30.5,22.0,44.5,4.0,68.8,16.0,15.3,7.0,8.0,304.0,5.9,329.0,6.2,128.0,47.3,54.0,41.5,257.0,93.7,8.0,0.8,0.8,0.0,0.6,0.0,0.0,4.666666666666667,"[0, 7, 7]",3.8,3.299831645537222,3.1874754901018454,"[0, 0.6, 0, 0.8, 0.8]",,,,
4.0,Oziyah Sellers,6-5,190.0,Sr,35.0,71.7,119.4,15.7,19.9,52.0,55.4,2.0,8.9,10.4,8.9,0.9,1.1,2.8,2.5,20.9,55-64,0.859,83-161,0.516,51-146,0.349,https://kenpom.com/player.php?p=53085,25.0,19.0,16.0,32.0,32.0,36.0,St.+John's,BE,69.6,69.0,120.5,39.0,51.1,189.0,14.7,51.0,35.9,29.0,41.8,34.0,93.9,10.0,47.2,23.0,19.1,45.0,29.8,148.0,31.5,96.0,33.3,210.0,51.8,179.0,72.6,180.0,9.5,186.0,8.7,95.0,6.0,40.0,6.0,181.0,57.9,56.0,34.2,289.0,22.9,44.0,51.3,120.0,25.8,317.0,19.2,220.0,54.0,24.0,26.8,325.0,BE,31.1,37.0,47.4,36.0,71.3,112.0,12.4,40.0,10.9,79.0,8.2,55.0,6.1,160.0,46.9,46.0,33.5,25.0,93.9,10.0,Kansas,"W, 73-71",B12,67.8,158.0,118.1,57.0,51.3,182.0,15.4,96.0,29.3,225.0,32.2,255.0,93.7,8.0,45.1,2.0,13.9,340.0,30.1,165.0,27.7,32.0,34.6,142.0,51.0,215.0,76.9,35.0,8.2,71.0,9.5,198.0,5.9,35.0,6.2,226.0,52.7,170.0,35.5,261.0,19.5,201.0,51.6,110.0,28.9,238.0,17.5,298.0,47.7,238.0,34.9,63.0,B12,30.5,22.0,44.5,4.0,68.8,16.0,15.3,7.0,8.0,304.0,5.9,329.0,6.2,128.0,47.3,54.0,41.5,257.0,93.7,8.0,1.8,1.3,1.1,2.2,2.2,2.5,20.0,"[16, 19, 25]",24.8,3.7416573867739413,6.554387843269576,"[2.2, 2.2, 1.1, 1.3, 1.8]",,,,
17.0,Ruben Prey,6-11,230.0,So,35.0,26.7,116.8,19.3,16.6,52.6,57.1,10.3,10.2,13.4,15.6,6.8,2.3,6.7,4.7,63.2,41-60,0.683,35-76,0.461,10-19,0.526,https://kenpom.com/player.php?p=56171,12.0,8.0,9.0,19.0,17.0,8.0,St.+John's,BE,69.6,69.0,120.5,39.0,51.1,189.0,14.7,51.0,35.9,29.0,41.8,34.0,93.9,10.0,47.2,23.0,19.1,45.0,29.8,148.0,31.5,96.0,33.3,210.0,51.8,179.0,72.6,180.0,9.5,186.0,8.7,95.0,6.0,40.0,6.0,181.0,57.9,56.0,34.2,289.0,22.9,44.0,51.3,120.0,25.8,317.0,19.2,220.0,54.0,24.0,26.8,325.0,BE,31.1,37.0,47.4,36.0,71.3,112.0,12.4,40.0,10.9,79.0,8.2,55.0,6.1,160.0,46.9,46.0,33.5,25.0,93.9,10.0,Kansas,"W, 73-71",B12,67.8,158.0,118.1,57.0,51.3,182.0,15.4,96.0,29.3,225.0,32.2,255.0,93.7,8.0,45.1,2.0,13.9,340.0,30.1,165.0,27.7,32.0,34.6,142.0,51.0,215.0,76.9,35.0,8.2,71.0,9.5,198.0,5.9,35.0,6.2,226.0,52.7,170.0,35.5,261.0,19.5,201.0,51.6,110.0,28.9,238.0,17.5,298.0,47.7,238.0,34.9,63.0,B12,30.5,22.0,44.5,4.0,68.8,16.0,15.3,7.0,8.0,304.0,5.9,329.0,6.2,128.0,47.3,54.0,41.5,257.0,93.7,8.0,2.0,1.3,1.5,3.2,2.8,1.3,9.666666666666666,"[9, 8, 12]",13.0,1.699673171197595,4.33589667773576,"[2.8, 3.2, 1.5, 1.3, 2]",,,,
2.0,Sadiku Ibine Ayo,6-6,215.0,Sr,29.0,16.5,102.3,11.8,14.9,49.1,49.6,1.4,13.2,9.4,16.5,1.3,3.2,3.1,1.1,1.9,1-1,0.999,17-34,0.5,6-19,0.316,https://kenpom.com/player.php?p=52580,1.0,2.0,5.0,9.0,0.0,3.0,St.+John's,BE,69.6,69.0,120.5,39.0,51.1,189.0,14.7,51.0,35.9,29.0,41.8,34.0,93.9,10.0,47.2,23.0,19.1,45.0,29.8,148.0,31.5,96.0,33.3,210.0,51.8,179.0,72.6,180.0,9.5,186.0,8.7,95.0,6.0,40.0,6.0,181.0,57.9,56.0,34.2,289.0,22.9,44.0,51.3,120.0,25.8,317.0,19.2,220.0,54.0,24.0,26.8,325.0,BE,31.1,37.0,47.4,36.0,71.3,112.0,12.4,40.0,10.9,79.0,8.2,55.0,6.1,160.0,46.9,46.0,33.5,25.0,93.9,10.0,Kansas,"W, 73-71",B12,67.8,158.0,118.1,57.0,51.3,182.0,15.4,96.0,29.3,225.0,32.2,255.0,93.7,8.0,45.1,2.0,13.9,340.0,30.1,165.0,27.7,32.0,34.6,142.0,51.0,215.0,76.9,35.0,8.2,71.0,9.5,198.0,5.9,35.0,6.2,226.0,52.7,170.0,35.5,261.0,19.5,201.0,51.6,110.0,28.9,238.0,17.5,298.0,47.7,238.0,34.9,63.0,B12,30.5,22.0,44.5,4.0,68.8,16.0,15.3,7.0,8.0,304.0,5.9,329.0,6.2,128.0,47.3,54.0,41.5,257.0,93.7,8.0,0.1,0.2,0.4,0.7,0.0,0.2,2.6666666666666665,"[5, 2, 1]",3.4,1.699673171197595,3.2619012860600183,"[0, 0.7, 0.4, 0.2, 0.1]",,,,
24.0,Zuby Ejiofor,6-9,245.0,Sr,35.0,73.5,122.7,26.4,21.7,57.3,61.9,12.3,14.7,22.9,15.8,7.6,2.2,3.3,6.7,72.2,177-247,0.717,172-292,0.589,16-50,0.32,https://kenpom.com/player.php?p=53675,27.0,33.0,33.0,24.0,23.0,32.0,St.+John's,BE,69.6,69.0,120.5,39.0,51.1,189.0,14.7,51.0,35.9,29.0,41.8,34.0,93.9,10.0,47.2,23.0,19.1,45.0,29.8,148.0,31.5,96.0,33.3,210.0,51.8,179.0,72.6,180.0,9.5,186.0,8.7,95.0,6.0,40.0,6.0,181.0,57.9,56.0,34.2,289.0,22.9,44.0,51.3,120.0,25.8,317.0,19.2,220.0,54.0,24.0,26.8,325.0,BE,31.1,37.0,47.4,36.0,71.3,112.0,12.4,40.0,10.9,79.0,8.2,55.0,6.1,160.0,46.9,46.0,33.5,25.0,93.9,10.0,Kansas,"W, 73-71",B12,67.8,158.0,118.1,57.0,51.3,182.0,15.4,96.0,29.3,225.0,32.2,255.0,93.7,8.0,45.1,2.0,13.9,340.0,30.1,165.0,27.7,32.0,34.6,142.0,51.0,215.0,76.9,35.0,8.2,71.0,9.5,198.0,5.9,35.0,6.2,226.0,52.7,170.0,35.5,261.0,19.5,201.0,51.6,110.0,28.9,238.0,17.5,298.0,47.7,238.0,34.9,63.0,B12,30.5,22.0,44.5,4.0,68.8,16.0,15.3,7.0,8.0,304.0,5.9,329.0,6.2,128.0,47.3,54.0,41.5,257.0,93.7,8.0,2.2,2.7,2.7,2.0,1.9,2.6,31.0,"[33, 33, 27]",28.0,2.8284271247461903,4.2895221179054435,"[1.9, 2, 2.7, 2.7, 2.2]",,,,
15.0,Bryson Tiller,6-11,240.0,Fr,34.0,64.1,96.5,19.3,17.4,48.4,52.2,7.3,17.2,7.1,21.8,5.6,0.8,3.0,3.2,37.8,59-85,0.694,88-173,0.509,14-52,0.269,https://kenpom.com/player.php?p=58390,24.0,14.0,24.0,19.0,26.0,19.0,Kansas,B12,67.8,158.0,118.1,57.0,51.3,182.0,15.4,96.0,29.3,225.0,32.2,255.0,93.7,8.0,45.1,2.0,13.9,340.0,30.1,165.0,27.7,32.0,34.6,142.0,51.0,215.0,76.9,35.0,8.2,71.0,9.5,198.0,5.9,35.0,6.2,226.0,52.7,170.0,35.5,261.0,19.5,201.0,51.6,110.0,28.9,238.0,17.5,298.0,47.7,238.0,34.9,63.0,B12,30.5,22.0,44.5,4.0,68.8,16.0,15.3,7.0,8.0,304.0,5.9,329.0,6.2,128.0,47.3,54.0,41.5,257.0,93.7,8.0,St. John's,"L, 73-71",BE,69.6,69.0,120.5,39.0,51.1,189.0,14.7,51.0,35.9,29.0,41.8,34.0,93.9,10.0,47.2,23.0,19.1,45.0,29.8,148.0,31.5,96.0,33.3,210.0,51.8,179.0,72.6,180.0,9.5,186.0,8.7,95.0,6.0,40.0,6.0,181.0,57.9,56.0,34.2,289.0,22.9,44.0,51.3,120.0,25.8,317.0,19.2,220.0,54.0,24.0,26.8,325.0,BE,31.1,37.0,47.4,36.0,71.3,112.0,12.4,40.0,10.9,79.0,8.2,55.0,6.1,160.0,46.9,46.0,33.5,25.0,93.9,10.0,1.8,1.0,1.8,1.4,2.0,1.4,20.666666666666668,"[24, 14, 24]",21.4,4.714045207910316,4.363484845854286,"[2, 1.4, 1.8, 1, 1.8]",,,,
22.0,Darryn Peterson,6-6,205.0,Fr,23.0,48.2,115.0,30.9,35.1,53.1,58.0,3.0,11.8,13.2,10.1,1.8,3.0,2.2,5.4,35.8,101-122,0.828,91-184,0.495,60-157,0.382,https://kenpom.com/player.php?p=58391,37.0,28.0,37.0,29.0,35.0,31.0,Kansas,B12,67.8,158.0,118.1,57.0,51.3,182.0,15.4,96.0,29.3,225.0,32.2,255.0,93.7,8.0,45.1,2.0,13.9,340.0,30.1,165.0,27.7,32.0,34.6,142.0,51.0,215.0,76.9,35.0,8.2,71.0,9.5,198.0,5.9,35.0,6.2,226.0,52.7,170.0,35.5,261.0,19.5,201.0,51.6,110.0,28.9,238.0,17.5,298.0,47.7,238.0,34.9,63.0,B12,30.5,22.0,44.5,4.0,68.8,16.0,15.3,7.0,8.0,304.0,5.9,329.0,6.2,128.0,47.3,54.0,41.5,257.0,93.7,8.0,St. John's,"L, 73-71",BE,69.6,69.0,120.5,39.0,51.1,189.0,14.7,51.0,35.9,29.0,41.8,34.0,93.9,10.0,47.2,23.0,19.1,45.0,29.8,148.0,31.5,96.0,33.3,210.0,51.8,179.0,72.6,180.0,9.5,186.0,8.7,95.0,6.0,40.0,6.0,181.0,57.9,56.0,34.2,289.0,22.9,44.0,51.3,120.0,25.8,317.0,19.2,220.0,54.0,24.0,26.8,325.0,BE,31.1,37.0,47.4,36.0,71.3,112.0,12.4,40.0,10.9,79.0,8.2,55.0,6.1,160.0,46.9,46.0,33.5,25.0,93.9,10.0,2.0,1.5,2.0,1.6,1.9,1.7,34.0,"[37, 28, 37]",33.2,4.242640687119285,3.9191835884530852,"[1.9, 1.6, 2, 1.5, 2]",,,,
13.0,Elmarko Jackson,6-3,195.0,So,33.0,43.4,101.8,15.8,13.9,44.3,52.7,0.4,9.2,14.1,19.3,1.3,2.4,3.9,3.3,51.6,52-63,0.825,30-79,0.38,16-43,0.372,https://kenpom.com/player.php?p=54484,17.0,21.0,25.0,12.0,4.0,16.0,Kansas,B12,67.8,158.0,118.1,57.0,51.3,182.0,15.4,96.0,29.3,225.0,32.2,255.0,93.7,8.0,45.1,2.0,13.9,340.0,30.1,165.0,27.7,32.0,34.6,142.0,51.0,215.0,76.9,35.0,8.2,71.0,9.5,198.0,5.9,35.0,6.2,226.0,52.7,170.0,35.5,261.0,19.5,201.0,51.6,110.0,28.9,238.0,17.5,298.0,47.7,238.0,34.9,63.0,B12,30.5,22.0,44.5,4.0,68.8,16.0,15.3,7.0,8.0,304.0,5.9,329.0,6.2,128.0,47.3,54.0,41.5,257.0,93.7,8.0,St. John's,"L, 73-71",BE,69.6,69.0,120.5,39.0,51.1,189.0,14.7,51.0,35.9,29.0,41.8,34.0,93.9,10.0,47.2,23.0,19.1,45.0,29.8,148.0,31.5,96.0,33.3,210.0,51.8,179.0,72.6,180.0,9.5,186.0,8.7,95.0,6.0,40.0,6.0,181.0,57.9,56.0,34.2,289.0,22.9,44.0,51.3,120.0,25.8,317.0,19.2,220.0,54.0,24.0,26.8,325.0,BE,31.1,37.0,47.4,36.0,71.3,112.0,12.4,40.0,10.9,79.0,8.2,55.0,6.1,160.0,46.9,46.0,33.5,25.0,93.9,10.0,1.7,2.0,2.4,1.2,0.4,1.6,21.0,"[25, 21, 17]",15.8,3.265986323710904,7.30479294709987,"[0.4, 1.2, 2.4, 2, 1.7]",,,,
40.0,Flory Bidunga,6-10,235.0,So,34.0,78.4,123.6,19.6,18.9,63.9,64.6,11.2,18.8,9.8,14.5,8.8,1.4,2.9,3.3,35.8,70-107,0.654,191-297,0.643,0-2,0.0,https://kenpom.com/player.php?p=56053,30.0,31.0,27.0,26.0,37.0,32.0,Kansas,B12,67.8,158.0,118.1,57.0,51.3,182.0,15.4,96.0,29.3,225.0,32.2,255.0,93.7,8.0,45.1,2.0,13.9,340.0,30.1,165.0,27.7,32.0,34.6,142.0,51.0,215.0,76.9,35.0,8.2,71.0,9.5,198.0,5.9,35.0,6.2,226.0,52.7,170.0,35.5,261.0,19.5,201.0,51.6,110.0,28.9,238.0,17.5,298.0,47.7,238.0,34.9,63.0,B12,30.5,22.0,44.5,4.0,68.8,16.0,15.3,7.0,8.0,304.0,5.9,329.0,6.2,128.0,47.3,54.0,41.5,257.0,93.7,8.0,St. John's,"L, 73-71",BE,69.6,69.0,120.5,39.0,51.1,189.0,14.7,51.0,35.9,29.0,41.8,34.0,93.9,10.0,47.2,23.0,19.1,45.0,29.8,148.0,31.5,96.0,33.3,210.0,51.8,179.0,72.6,180.0,9.5,186.0,8.7,95.0,6.0,40.0,6.0,181.0,57.9,56.0,34.2,289.0,22.9,44.0,51.3,120.0,25.8,317.0,19.2,220.0,54.0,24.0,26.8,325.0,BE,31.1,37.0,47.4,36.0,71.3,112.0,12.4,40.0,10.9,79.0,8.2,55.0,6.1,160.0,46.9,46.0,33.5,25.0,93.9,10.0,2.2,2.2,2.0,1.9,2.7,2.3,29.333333333333332,"[27, 31, 30]",30.2,1.699673171197595,3.867815921162743,"[2.7, 1.9, 2, 2.2, 2.2]",,,,
11.0,Jamari McDowell,6-5,200.0,So,34.0,43.6,107.7,10.9,11.4,51.0,52.5,1.4,8.0,10.8,15.3,0.9,1.5,3.4,1.7,24.0,15-24,0.625,6-14,0.429,30-86,0.349,https://kenpom.com/player.php?p=54483,13.0,18.0,8.0,8.0,14.0,11.0,Kansas,B12,67.8,158.0,118.1,57.0,51.3,182.0,15.4,96.0,29.3,225.0,32.2,255.0,93.7,8.0,45.1,2.0,13.9,340.0,30.1,165.0,27.7,32.0,34.6,142.0,51.0,215.0,76.9,35.0,8.2,71.0,9.5,198.0,5.9,35.0,6.2,226.0,52.7,170.0,35.5,261.0,19.5,201.0,51.6,110.0,28.9,238.0,17.5,298.0,47.7,238.0,34.9,63.0,B12,30.5,22.0,44.5,4.0,68.8,16.0,15.3,7.0,8.0,304.0,5.9,329.0,6.2,128.0,47.3,54.0,41.5,257.0,93.7,8.0,St. John's,"L, 73-71",BE,69.6,69.0,120.5,39.0,51.1,189.0,14.7,51.0,35.9,29.0,41.8,34.0,93.9,10.0,47.2,23.0,19.1,45.0,29.8,148.0,31.5,96.0,33.3,210.0,51.8,179.0,72.6,180.0,9.5,186.0,8.7,95.0,6.0,40.0,6.0,181.0,57.9,56.0,34.2,289.0,22.9,44.0,51.3,120.0,25.8,317.0,19.2,220.0,54.0,24.0,26.8,325.0,BE,31.1,37.0,47.4,36.0,71.3,112.0,12.4,40.0,10.9,79.0,8.2,55.0,6.1,160.0,46.9,46.0,33.5,25.0,93.9,10.0,1.1,1.5,0.7,0.7,1.2,0.9,13.0,"[8, 18, 13]",12.2,4.08248290463863,3.815756805667783,"[1.2, 0.7, 0.7, 1.5, 1.1]",,,,
1.0,Jayden Dawson,6-5,205.0,Sr,24.0,16.9,106.8,11.9,15.9,42.6,45.2,0.5,5.9,10.3,4.2,0.5,2.3,2.9,1.3,9.3,5-5,0.999,5-11,0.455,12-43,0.279,https://kenpom.com/player.php?p=52756,0.0,12.0,0.0,14.0,0.0,7.0,Kansas,B12,67.8,158.0,118.1,57.0,51.3,182.0,15.4,96.0,29.3,225.0,32.2,255.0,93.7,8.0,45.1,2.0,13.9,340.0,30.1,165.0,27.7,32.0,34.6,142.0,51.0,215.0,76.9,35.0,8.2,71.0,9.5,198.0,5.9,35.0,6.2,226.0,52.7,170.0,35.5,261.0,19.5,201.0,51.6,110.0,28.9,238.0,17.5,298.0,47.7,238.0,34.9,63.0,B12,30.5,22.0,44.5,4.0,68.8,16.0,15.3,7.0,8.0,304.0,5.9,329.0,6.2,128.0,47.3,54.0,41.5,257.0,93.7,8.0,St. John's,"L, 73-71",BE,69.6,69.0,120.5,39.0,51.1,189.0,14.7,51.0,35.9,29.0,41.8,34.0,93.9,10.0,47.2,23.0,19.1,45.0,29.8,148.0,31.5,96.0,33.3,210.0,51.8,179.0,72.6,180.0,9.5,186.0,8.7,95.0,6.0,40.0,6.0,181.0,57.9,56.0,34.2,289.0,22.9,44.0,51.3,120.0,25.8,317.0,19.2,220.0,54.0,24.0,26.8,325.0,BE,31.1,37.0,47.4,36.0,71.3,112.0,12.4,40.0,10.9,79.0,8.2,55.0,6.1,160.0,46.9,46.0,33.5,25.0,93.9,10.0,0.0,0.9,0.0,1.0,0.0,0.5,4.0,"[0, 12, 0]",5.2,5.656854249492381,6.4,"[0, 1, 0, 0.9, 0]",,,,
,Justin Cross,,,,,,,,,,,,,,,,,,,,,,,,,,,0.0,0.0,0.0,5.0,0.0,0.0,Kansas,B12,67.8,158.0,118.1,57.0,51.3,182.0,15.4,96.0,29.3,225.0,32.2,255.0,93.7,8.0,45.1,2.0,13.9,340.0,30.1,165.0,27.7,32.0,34.6,142.0,51.0,215.0,76.9,35.0,8.2,71.0,9.5,198.0,5.9,35.0,6.2,226.0,52.7,170.0,35.5,261.0,19.5,201.0,51.6,110.0,28.9,238.0,17.5,298.0,47.7,238.0,34.9,63.0,B12,30.5,22.0,44.5,4.0,68.8,16.0,15.3,7.0,8.0,304.0,5.9,329.0,6.2,128.0,47.3,54.0,41.5,257.0,93.7,8.0,St. John's,"L, 73-71",BE,69.6,69.0,120.5,39.0,51.1,189.0,14.7,51.0,35.9,29.0,41.8,34.0,93.9,10.0,47.2,23.0,19.1,45.0,29.8,148.0,31.5,96.0,33.3,210.0,51.8,179.0,72.6,180.0,9.5,186.0,8.7,95.0,6.0,40.0,6.0,181.0,57.9,56.0,34.2,289.0,22.9,44.0,51.3,120.0,25.8,317.0,19.2,220.0,54.0,24.0,26.8,325.0,BE,31.1,37.0,47.4,36.0,71.3,112.0,12.4,40.0,10.9,79.0,8.2,55.0,6.1,160.0,46.9,46.0,33.5,25.0,93.9,10.0,0.0,0.0,0.0,0.0,0.0,0.0,0.0,"[0, 0, 0]",1.0,0.0,2.0,"[0, 0, 0, 0, 0]",,,,
7.0,Kohl Rosario,6-6,200.0,Fr,28.0,23.6,109.0,15.4,17.9,51.2,52.4,6.9,5.2,7.2,13.0,1.7,1.4,5.0,1.5,9.4,6-8,0.75,18-23,0.783,17-62,0.274,https://kenpom.com/player.php?p=58388,0.0,11.0,0.0,8.0,8.0,7.0,Kansas,B12,67.8,158.0,118.1,57.0,51.3,182.0,15.4,96.0,29.3,225.0,32.2,255.0,93.7,8.0,45.1,2.0,13.9,340.0,30.1,165.0,27.7,32.0,34.6,142.0,51.0,215.0,76.9,35.0,8.2,71.0,9.5,198.0,5.9,35.0,6.2,226.0,52.7,170.0,35.5,261.0,19.5,201.0,51.6,110.0,28.9,238.0,17.5,298.0,47.7,238.0,34.9,63.0,B12,30.5,22.0,44.5,4.0,68.8,16.0,15.3,7.0,8.0,304.0,5.9,329.0,6.2,128.0,47.3,54.0,41.5,257.0,93.7,8.0,St. John's,"L, 73-71",BE,69.6,69.0,120.5,39.0,51.1,189.0,14.7,51.0,35.9,29.0,41.8,34.0,93.9,10.0,47.2,23.0,19.1,45.0,29.8,148.0,31.5,96.0,33.3,210.0,51.8,179.0,72.6,180.0,9.5,186.0,8.7,95.0,6.0,40.0,6.0,181.0,57.9,56.0,34.2,289.0,22.9,44.0,51.3,120.0,25.8,317.0,19.2,220.0,54.0,24.0,26.8,325.0,BE,31.1,37.0,47.4,36.0,71.3,112.0,12.4,40.0,10.9,79.0,8.2,55.0,6.1,160.0,46.9,46.0,33.5,25.0,93.9,10.0,0.0,1.4,0.0,1.0,1.0,0.9,3.6666666666666665,"[0, 11, 0]",5.4,5.185449728701348,4.5431266766402185,"[1, 1, 0, 1.4, 0]",,,,
14.0,Melvin Council,6-4,180.0,Sr,34.0,86.3,103.3,22.9,24.5,43.4,46.4,2.5,11.7,28.0,13.2,1.0,1.7,1.8,2.6,18.3,60-78,0.769,131-309,0.424,36-117,0.308,https://kenpom.com/player.php?p=55518,31.0,35.0,40.0,31.0,39.0,34.0,Kansas,B12,67.8,158.0,118.1,57.0,51.3,182.0,15.4,96.0,29.3,225.0,32.2,255.0,93.7,8.0,45.1,2.0,13.9,340.0,30.1,165.0,27.7,32.0,34.6,142.0,51.0,215.0,76.9,35.0,8.2,71.0,9.5,198.0,5.9,35.0,6.2,226.0,52.7,170.0,35.5,261.0,19.5,201.0,51.6,110.0,28.9,238.0,17.5,298.0,47.7,238.0,34.9,63.0,B12,30.5,22.0,44.5,4.0,68.8,16.0,15.3,7.0,8.0,304.0,5.9,329.0,6.2,128.0,47.3,54.0,41.5,257.0,93.7,8.0,St. John's,"L, 73-71",BE,69.6,69.0,120.5,39.0,51.1,189.0,14.7,51.0,35.9,29.0,41.8,34.0,93.9,10.0,47.2,23.0,19.1,45.0,29.8,148.0,31.5,96.0,33.3,210.0,51.8,179.0,72.6,180.0,9.5,186.0,8.7,95.0,6.0,40.0,6.0,181.0,57.9,56.0,34.2,289.0,22.9,44.0,51.3,120.0,25.8,317.0,19.2,220.0,54.0,24.0,26.8,325.0,BE,31.1,37.0,47.4,36.0,71.3,112.0,12.4,40.0,10.9,79.0,8.2,55.0,6.1,160.0,46.9,46.0,33.5,25.0,93.9,10.0,1.4,1.6,1.8,1.4,1.8,1.5,35.333333333333336,"[40, 35, 31]",35.2,3.6817870057290873,3.815756805667783,"[1.8, 1.4, 1.8, 1.6, 1.4]",,,,
34.0,Paul Mbiya,7-0,245.0,Fr,20.0,6.9,122.0,11.1,10.8,66.7,61.6,9.8,16.5,1.9,11.1,4.6,0.0,5.0,2.2,40.0,2-6,0.333,10-15,0.667,0-0,0.0,https://kenpom.com/player.php?p=58393,16.0,4.0,1.0,5.0,0.0,11.0,Kansas,B12,67.8,158.0,118.1,57.0,51.3,182.0,15.4,96.0,29.3,225.0,32.2,255.0,93.7,8.0,45.1,2.0,13.9,340.0,30.1,165.0,27.7,32.0,34.6,142.0,51.0,215.0,76.9,35.0,8.2,71.0,9.5,198.0,5.9,35.0,6.2,226.0,52.7,170.0,35.5,261.0,19.5,201.0,51.6,110.0,28.9,238.0,17.5,298.0,47.7,238.0,34.9,63.0,B12,30.5,22.0,44.5,4.0,68.8,16.0,15.3,7.0,8.0,304.0,5.9,329.0,6.2,128.0,47.3,54.0,41.5,257.0,93.7,8.0,St. John's,"L, 73-71",BE,69.6,69.0,120.5,39.0,51.1,189.0,14.7,51.0,35.9,29.0,41.8,34.0,93.9,10.0,47.2,23.0,19.1,45.0,29.8,148.0,31.5,96.0,33.3,210.0,51.8,179.0,72.6,180.0,9.5,186.0,8.7,95.0,6.0,40.0,6.0,181.0,57.9,56.0,34.2,289.0,22.9,44.0,51.3,120.0,25.8,317.0,19.2,220.0,54.0,24.0,26.8,325.0,BE,31.1,37.0,47.4,36.0,71.3,112.0,12.4,40.0,10.9,79.0,8.2,55.0,6.1,160.0,46.9,46.0,33.5,25.0,93.9,10.0,2.0,0.5,0.1,0.6,0.0,1.4,7.0,"[1, 4, 16]",5.2,6.48074069840786,5.706137047074843,"[0, 0.6, 0.1, 0.5, 2]",,,,
6.0,Samis Calderon,6-8,200.0,Fr,16.0,4.8,67.9,11.3,6.2,33.3,33.9,3.5,14.8,9.6,31.5,6.6,1.8,2.4,2.8,100.0,2-6,0.333,2-3,0.667,0-3,0.0,https://kenpom.com/player.php?p=58387,0.0,3.0,0.0,1.0,0.0,3.0,Kansas,B12,67.8,158.0,118.1,57.0,51.3,182.0,15.4,96.0,29.3,225.0,32.2,255.0,93.7,8.0,45.1,2.0,13.9,340.0,30.1,165.0,27.7,32.0,34.6,142.0,51.0,215.0,76.9,35.0,8.2,71.0,9.5,198.0,5.9,35.0,6.2,226.0,52.7,170.0,35.5,261.0,19.5,201.0,51.6,110.0,28.9,238.0,17.5,298.0,47.7,238.0,34.9,63.0,B12,30.5,22.0,44.5,4.0,68.8,16.0,15.3,7.0,8.0,304.0,5.9,329.0,6.2,128.0,47.3,54.0,41.5,257.0,93.7,8.0,St. John's,"L, 73-71",BE,69.6,69.0,120.5,39.0,51.1,189.0,14.7,51.0,35.9,29.0,41.8,34.0,93.9,10.0,47.2,23.0,19.1,45.0,29.8,148.0,31.5,96.0,33.3,210.0,51.8,179.0,72.6,180.0,9.5,186.0,8.7,95.0,6.0,40.0,6.0,181.0,57.9,56.0,34.2,289.0,22.9,44.0,51.3,120.0,25.8,317.0,19.2,220.0,54.0,24.0,26.8,325.0,BE,31.1,37.0,47.4,36.0,71.3,112.0,12.4,40.0,10.9,79.0,8.2,55.0,6.1,160.0,46.9,46.0,33.5,25.0,93.9,10.0,0.0,0.2,0.0,0.1,0.0,0.2,1.0,"[0, 3, 0]",0.8,1.4142135623730951,1.1661903789690602,"[0, 0.1, 0, 0.2, 0]",,,,
3.0,Tre White,6-7,215.0,Sr,34.0,77.9,117.0,21.4,20.5,53.9,60.4,7.2,14.9,10.5,15.6,1.3,1.1,2.4,4.0,43.9,123-141,0.872,89-184,0.484,56-137,0.409,https://kenpom.com/player.php?p=53086,32.0,21.0,38.0,30.0,37.0,26.0,Kansas,B12,67.8,158.0,118.1,57.0,51.3,182.0,15.4,96.0,29.3,225.0,32.2,255.0,93.7,8.0,45.1,2.0,13.9,340.0,30.1,165.0,27.7,32.0,34.6,142.0,51.0,215.0,76.9,35.0,8.2,71.0,9.5,198.0,5.9,35.0,6.2,226.0,52.7,170.0,35.5,261.0,19.5,201.0,51.6,110.0,28.9,238.0,17.5,298.0,47.7,238.0,34.9,63.0,B12,30.5,22.0,44.5,4.0,68.8,16.0,15.3,7.0,8.0,304.0,5.9,329.0,6.2,128.0,47.3,54.0,41.5,257.0,93.7,8.0,St. John's,"L, 73-71",BE,69.6,69.0,120.5,39.0,51.1,189.0,14.7,51.0,35.9,29.0,41.8,34.0,93.9,10.0,47.2,23.0,19.1,45.0,29.8,148.0,31.5,96.0,33.3,210.0,51.8,179.0,72.6,180.0,9.5,186.0,8.7,95.0,6.0,40.0,6.0,181.0,57.9,56.0,34.2,289.0,22.9,44.0,51.3,120.0,25.8,317.0,19.2,220.0,54.0,24.0,26.8,325.0,BE,31.1,37.0,47.4,36.0,71.3,112.0,12.4,40.0,10.9,79.0,8.2,55.0,6.1,160.0,46.9,46.0,33.5,25.0,93.9,10.0,1.9,1.3,2.3,1.8,2.2,1.6,30.333333333333332,"[38, 21, 32]",31.6,7.039570693980958,6.086049621881176,"[2.2, 1.8, 2.3, 1.3, 1.9]",,,,
,Wilder Evers,,,,,,,,,,,,,,,,,,,,,,,,,,,0.0,1.0,0.0,6.0,0.0,0.0,Kansas,B12,67.8,158.0,118.1,57.0,51.3,182.0,15.4,96.0,29.3,225.0,32.2,255.0,93.7,8.0,45.1,2.0,13.9,340.0,30.1,165.0,27.7,32.0,34.6,142.0,51.0,215.0,76.9,35.0,8.2,71.0,9.5,198.0,5.9,35.0,6.2,226.0,52.7,170.0,35.5,261.0,19.5,201.0,51.6,110.0,28.9,238.0,17.5,298.0,47.7,238.0,34.9,63.0,B12,30.5,22.0,44.5,4.0,68.8,16.0,15.3,7.0,8.0,304.0,5.9,329.0,6.2,128.0,47.3,54.0,41.5,257.0,93.7,8.0,St. John's,"L, 73-71",BE,69.6,69.0,120.5,39.0,51.1,189.0,14.7,51.0,35.9,29.0,41.8,34.0,93.9,10.0,47.2,23.0,19.1,45.0,29.8,148.0,31.5,96.0,33.3,210.0,51.8,179.0,72.6,180.0,9.5,186.0,8.7,95.0,6.0,40.0,6.0,181.0,57.9,56.0,34.2,289.0,22.9,44.0,51.3,120.0,25.8,317.0,19.2,220.0,54.0,24.0,26.8,325.0,BE,31.1,37.0,47.4,36.0,71.3,112.0,12.4,40.0,10.9,79.0,8.2,55.0,6.1,160.0,46.9,46.0,33.5,25.0,93.9,10.0,0.0,0.0,0.0,0.0,0.0,0.0,0.3333333333333333,"[0, 1, 0]",1.4,0.4714045207910317,2.33238075793812,"[0, 0, 0, 0, 0]",,,,
9.0,Alec Millender,6-1,190.0,Sr,17.0,4.1,105.5,15.4,13.0,40.9,44.3,8.5,2.0,19.0,20.4,0.0,3.1,3.5,2.4,27.3,2-3,0.667,3-4,0.75,1-7,0.143,https://kenpom.com/player.php?p=56653,7.0,1.0,2.0,1.0,0.0,0.0,Connecticut,BE,64.6,322.0,122.3,30.0,55.3,34.0,16.8,181.0,36.1,23.0,29.9,312.0,94.6,14.0,45.9,9.0,18.0,97.0,28.3,81.0,40.6,308.0,34.7,132.0,57.4,26.0,71.6,215.0,9.6,200.0,8.7,94.0,8.0,283.0,5.6,111.0,65.1,7.0,40.3,164.0,16.2,340.0,52.0,101.0,31.8,174.0,24.2,15.0,48.1,219.0,27.7,306.0,BE,30.5,21.0,45.9,13.0,72.1,158.0,15.0,9.0,10.4,111.0,7.6,127.0,6.1,151.0,49.0,87.0,36.6,91.0,94.6,14.0,UCLA,"W, 72-68",B10,64.9,312.0,123.4,23.0,53.6,83.0,13.3,11.0,31.2,155.0,32.8,238.0,101.5,46.0,50.3,118.0,18.3,85.0,33.1,302.0,34.2,155.0,37.9,19.0,51.8,178.0,76.6,40.0,8.0,59.0,7.2,7.0,6.1,55.0,7.8,359.0,58.9,45.0,35.7,255.0,19.0,231.0,50.3,142.0,30.7,205.0,20.2,157.0,45.8,296.0,34.0,81.0,B10,32.0,65.0,52.1,202.0,74.2,277.0,9.9,144.0,10.1,126.0,8.2,61.0,6.7,40.0,63.1,358.0,44.7,329.0,101.5,46.0,0.6,0.1,0.2,0.1,0.0,0.0,3.3333333333333335,"[2, 1, 7]",2.2,2.6246692913372702,2.4819347291981715,"[0, 0.1, 0.2, 0.1, 0.6]",,,,
11.0,Alex Karaban,6-8,230.0,Sr,35.0,84.3,126.4,17.2,19.9,57.2,59.9,6.3,11.7,12.0,11.3,2.7,1.5,2.4,2.6,19.7,57-68,0.838,100-178,0.562,65-167,0.389,https://kenpom.com/player.php?p=52265,38.0,37.0,35.0,30.0,40.0,40.0,Connecticut,BE,64.6,322.0,122.3,30.0,55.3,34.0,16.8,181.0,36.1,23.0,29.9,312.0,94.6,14.0,45.9,9.0,18.0,97.0,28.3,81.0,40.6,308.0,34.7,132.0,57.4,26.0,71.6,215.0,9.6,200.0,8.7,94.0,8.0,283.0,5.6,111.0,65.1,7.0,40.3,164.0,16.2,340.0,52.0,101.0,31.8,174.0,24.2,15.0,48.1,219.0,27.7,306.0,BE,30.5,21.0,45.9,13.0,72.1,158.0,15.0,9.0,10.4,111.0,7.6,127.0,6.1,151.0,49.0,87.0,36.6,91.0,94.6,14.0,UCLA,"W, 72-68",B10,64.9,312.0,123.4,23.0,53.6,83.0,13.3,11.0,31.2,155.0,32.8,238.0,101.5,46.0,50.3,118.0,18.3,85.0,33.1,302.0,34.2,155.0,37.9,19.0,51.8,178.0,76.6,40.0,8.0,59.0,7.2,7.0,6.1,55.0,7.8,359.0,58.9,45.0,35.7,255.0,19.0,231.0,50.3,142.0,30.7,205.0,20.2,157.0,45.8,296.0,34.0,81.0,B10,32.0,65.0,52.1,202.0,74.2,277.0,9.9,144.0,10.1,126.0,8.2,61.0,6.7,40.0,63.1,358.0,44.7,329.0,101.5,46.0,2.3,2.2,2.1,1.8,2.4,2.4,36.666666666666664,"[35, 37, 38]",36.0,1.247219128924647,3.40587727318528,"[2.4, 1.8, 2.1, 2.2, 2.3]",,,,
24.0,Braylon Mullins,6-6,196.0,Fr,28.0,55.3,113.4,19.8,25.5,53.5,55.1,3.6,11.0,10.1,12.6,2.9,2.4,4.0,2.3,10.0,25-29,0.862,65-108,0.602,60-182,0.33,https://kenpom.com/player.php?p=58096,37.0,27.0,32.0,34.0,33.0,28.0,Connecticut,BE,64.6,322.0,122.3,30.0,55.3,34.0,16.8,181.0,36.1,23.0,29.9,312.0,94.6,14.0,45.9,9.0,18.0,97.0,28.3,81.0,40.6,308.0,34.7,132.0,57.4,26.0,71.6,215.0,9.6,200.0,8.7,94.0,8.0,283.0,5.6,111.0,65.1,7.0,40.3,164.0,16.2,340.0,52.0,101.0,31.8,174.0,24.2,15.0,48.1,219.0,27.7,306.0,BE,30.5,21.0,45.9,13.0,72.1,158.0,15.0,9.0,10.4,111.0,7.6,127.0,6.1,151.0,49.0,87.0,36.6,91.0,94.6,14.0,UCLA,"W, 72-68",B10,64.9,312.0,123.4,23.0,53.6,83.0,13.3,11.0,31.2,155.0,32.8,238.0,101.5,46.0,50.3,118.0,18.3,85.0,33.1,302.0,34.2,155.0,37.9,19.0,51.8,178.0,76.6,40.0,8.0,59.0,7.2,7.0,6.1,55.0,7.8,359.0,58.9,45.0,35.7,255.0,19.0,231.0,50.3,142.0,30.7,205.0,20.2,157.0,45.8,296.0,34.0,81.0,B10,32.0,65.0,52.1,202.0,74.2,277.0,9.9,144.0,10.1,126.0,8.2,61.0,6.7,40.0,63.1,358.0,44.7,329.0,101.5,46.0,3.7,2.7,3.2,3.4,3.3,2.8,32.0,"[32, 27, 37]",32.6,4.08248290463863,3.261901286060018,"[3.3, 3.4, 3.2, 2.7, 3.7]",,,,
4.0,Dwayne Koroma,6-8,212.0,Sr,16.0,6.5,104.6,15.6,12.0,56.2,56.5,9.5,10.2,5.4,21.4,1.3,4.7,7.5,3.9,68.8,6-11,0.545,9-16,0.562,0-0,0.0,https://kenpom.com/player.php?p=48940,0.0,0.0,1.0,1.0,0.0,0.0,Connecticut,BE,64.6,322.0,122.3,30.0,55.3,34.0,16.8,181.0,36.1,23.0,29.9,312.0,94.6,14.0,45.9,9.0,18.0,97.0,28.3,81.0,40.6,308.0,34.7,132.0,57.4,26.0,71.6,215.0,9.6,200.0,8.7,94.0,8.0,283.0,5.6,111.0,65.1,7.0,40.3,164.0,16.2,340.0,52.0,101.0,31.8,174.0,24.2,15.0,48.1,219.0,27.7,306.0,BE,30.5,21.0,45.9,13.0,72.1,158.0,15.0,9.0,10.4,111.0,7.6,127.0,6.1,151.0,49.0,87.0,36.6,91.0,94.6,14.0,UCLA,"W, 72-68",B10,64.9,312.0,123.4,23.0,53.6,83.0,13.3,11.0,31.2,155.0,32.8,238.0,101.5,46.0,50.3,118.0,18.3,85.0,33.1,302.0,34.2,155.0,37.9,19.0,51.8,178.0,76.6,40.0,8.0,59.0,7.2,7.0,6.1,55.0,7.8,359.0,58.9,45.0,35.7,255.0,19.0,231.0,50.3,142.0,30.7,205.0,20.2,157.0,45.8,296.0,34.0,81.0,B10,32.0,65.0,52.1,202.0,74.2,277.0,9.9,144.0,10.1,126.0,8.2,61.0,6.7,40.0,63.1,358.0,44.7,329.0,101.5,46.0,0.0,0.0,0.2,0.2,0.0,0.0,0.3333333333333333,"[1, 0, 0]",0.4,0.4714045207910317,0.48989794855663565,"[0, 0.2, 0.2, 0, 0]",,,,
12.0,Eric Reibe,7-1,260.0,Fr,35.0,36.5,125.9,18.4,20.4,67.3,66.1,10.8,18.7,6.5,12.8,6.4,1.2,6.2,3.4,30.1,25-46,0.543,97-140,0.693,4-13,0.308,https://kenpom.com/player.php?p=58097,5.0,11.0,16.0,13.0,11.0,8.0,Connecticut,BE,64.6,322.0,122.3,30.0,55.3,34.0,16.8,181.0,36.1,23.0,29.9,312.0,94.6,14.0,45.9,9.0,18.0,97.0,28.3,81.0,40.6,308.0,34.7,132.0,57.4,26.0,71.6,215.0,9.6,200.0,8.7,94.0,8.0,283.0,5.6,111.0,65.1,7.0,40.3,164.0,16.2,340.0,52.0,101.0,31.8,174.0,24.2,15.0,48.1,219.0,27.7,306.0,BE,30.5,21.0,45.9,13.0,72.1,158.0,15.0,9.0,10.4,111.0,7.6,127.0,6.1,151.0,49.0,87.0,36.6,91.0,94.6,14.0,UCLA,"W, 72-68",B10,64.9,312.0,123.4,23.0,53.6,83.0,13.3,11.0,31.2,155.0,32.8,238.0,101.5,46.0,50.3,118.0,18.3,85.0,33.1,302.0,34.2,155.0,37.9,19.0,51.8,178.0,76.6,40.0,8.0,59.0,7.2,7.0,6.1,55.0,7.8,359.0,58.9,45.0,35.7,255.0,19.0,231.0,50.3,142.0,30.7,205.0,20.2,157.0,45.8,296.0,34.0,81.0,B10,32.0,65.0,52.1,202.0,74.2,277.0,9.9,144.0,10.1,126.0,8.2,61.0,6.7,40.0,63.1,358.0,44.7,329.0,101.5,46.0,0.8,1.7,2.5,2.0,1.7,1.2,10.666666666666666,"[16, 11, 5]",11.2,4.4969125210773475,3.6000000000000005,"[1.7, 2, 2.5, 1.7, 0.8]",,,,
23.0,Jayden Ross,6-7,205.0,Jr,33.0,40.0,119.5,13.0,13.2,61.0,62.4,5.7,10.9,8.2,18.2,2.9,2.6,3.8,2.2,24.8,19-27,0.704,35-51,0.686,21-58,0.362,https://kenpom.com/player.php?p=54878,21.0,23.0,25.0,23.0,22.0,18.0,Connecticut,BE,64.6,322.0,122.3,30.0,55.3,34.0,16.8,181.0,36.1,23.0,29.9,312.0,94.6,14.0,45.9,9.0,18.0,97.0,28.3,81.0,40.6,308.0,34.7,132.0,57.4,26.0,71.6,215.0,9.6,200.0,8.7,94.0,8.0,283.0,5.6,111.0,65.1,7.0,40.3,164.0,16.2,340.0,52.0,101.0,31.8,174.0,24.2,15.0,48.1,219.0,27.7,306.0,BE,30.5,21.0,45.9,13.0,72.1,158.0,15.0,9.0,10.4,111.0,7.6,127.0,6.1,151.0,49.0,87.0,36.6,91.0,94.6,14.0,UCLA,"W, 72-68",B10,64.9,312.0,123.4,23.0,53.6,83.0,13.3,11.0,31.2,155.0,32.8,238.0,101.5,46.0,50.3,118.0,18.3,85.0,33.1,302.0,34.2,155.0,37.9,19.0,51.8,178.0,76.6,40.0,8.0,59.0,7.2,7.0,6.1,55.0,7.8,359.0,58.9,45.0,35.7,255.0,19.0,231.0,50.3,142.0,30.7,205.0,20.2,157.0,45.8,296.0,34.0,81.0,B10,32.0,65.0,52.1,202.0,74.2,277.0,9.9,144.0,10.1,126.0,8.2,61.0,6.7,40.0,63.1,358.0,44.7,329.0,101.5,46.0,2.0,2.2,2.4,2.2,2.1,1.7,23.0,"[25, 23, 21]",22.8,1.632993161855452,1.3266499161421599,"[2.1, 2.2, 2.4, 2.2, 2]",,,,
3.0,Jaylin Stewart,6-7,225.0,Jr,28.0,35.1,107.2,14.4,14.5,52.9,53.9,4.5,13.8,10.9,19.5,2.1,1.8,3.7,2.3,23.8,15-25,0.6,30-56,0.536,17-49,0.347,https://kenpom.com/player.php?p=54876,0.0,0.0,0.0,0.0,0.0,0.0,Connecticut,BE,64.6,322.0,122.3,30.0,55.3,34.0,16.8,181.0,36.1,23.0,29.9,312.0,94.6,14.0,45.9,9.0,18.0,97.0,28.3,81.0,40.6,308.0,34.7,132.0,57.4,26.0,71.6,215.0,9.6,200.0,8.7,94.0,8.0,283.0,5.6,111.0,65.1,7.0,40.3,164.0,16.2,340.0,52.0,101.0,31.8,174.0,24.2,15.0,48.1,219.0,27.7,306.0,BE,30.5,21.0,45.9,13.0,72.1,158.0,15.0,9.0,10.4,111.0,7.6,127.0,6.1,151.0,49.0,87.0,36.6,91.0,94.6,14.0,UCLA,"W, 72-68",B10,64.9,312.0,123.4,23.0,53.6,83.0,13.3,11.0,31.2,155.0,32.8,238.0,101.5,46.0,50.3,118.0,18.3,85.0,33.1,302.0,34.2,155.0,37.9,19.0,51.8,178.0,76.6,40.0,8.0,59.0,7.2,7.0,6.1,55.0,7.8,359.0,58.9,45.0,35.7,255.0,19.0,231.0,50.3,142.0,30.7,205.0,20.2,157.0,45.8,296.0,34.0,81.0,B10,32.0,65.0,52.1,202.0,74.2,277.0,9.9,144.0,10.1,126.0,8.2,61.0,6.7,40.0,63.1,358.0,44.7,329.0,101.5,46.0,0.0,0.0,0.0,0.0,0.0,0.0,0.0,"[0, 0, 0]",0.0,0.0,0.0,"[0, 0, 0, 0, 0]",,,,
0.0,Malachi Smith,6-1,180.0,Sr,35.0,38.0,104.6,18.2,14.3,44.2,46.2,3.5,8.2,29.3,21.7,1.1,2.6,3.1,3.3,42.0,25-47,0.532,21-71,0.296,19-41,0.463,https://kenpom.com/player.php?p=51576,32.0,10.0,15.0,22.0,2.0,5.0,Connecticut,BE,64.6,322.0,122.3,30.0,55.3,34.0,16.8,181.0,36.1,23.0,29.9,312.0,94.6,14.0,45.9,9.0,18.0,97.0,28.3,81.0,40.6,308.0,34.7,132.0,57.4,26.0,71.6,215.0,9.6,200.0,8.7,94.0,8.0,283.0,5.6,111.0,65.1,7.0,40.3,164.0,16.2,340.0,52.0,101.0,31.8,174.0,24.2,15.0,48.1,219.0,27.7,306.0,BE,30.5,21.0,45.9,13.0,72.1,158.0,15.0,9.0,10.4,111.0,7.6,127.0,6.1,151.0,49.0,87.0,36.6,91.0,94.6,14.0,UCLA,"W, 72-68",B10,64.9,312.0,123.4,23.0,53.6,83.0,13.3,11.0,31.2,155.0,32.8,238.0,101.5,46.0,50.3,118.0,18.3,85.0,33.1,302.0,34.2,155.0,37.9,19.0,51.8,178.0,76.6,40.0,8.0,59.0,7.2,7.0,6.1,55.0,7.8,359.0,58.9,45.0,35.7,255.0,19.0,231.0,50.3,142.0,30.7,205.0,20.2,157.0,45.8,296.0,34.0,81.0,B10,32.0,65.0,52.1,202.0,74.2,277.0,9.9,144.0,10.1,126.0,8.2,61.0,6.7,40.0,63.1,358.0,44.7,329.0,101.5,46.0,2.5,0.8,1.2,1.7,0.2,0.4,19.0,"[15, 10, 32]",16.2,9.41629792788369,10.244998779892558,"[0.2, 1.7, 1.2, 0.8, 2.5]",,,,
2.0,Silas Demary,6-4,195.0,Jr,34.0,69.9,119.1,23.2,17.7,52.4,58.7,4.1,14.2,36.5,21.5,1.0,3.4,3.5,4.5,50.8,104-129,0.806,85-177,0.48,32-77,0.416,https://kenpom.com/player.php?p=54416,0.0,31.0,33.0,22.0,38.0,38.0,Connecticut,BE,64.6,322.0,122.3,30.0,55.3,34.0,16.8,181.0,36.1,23.0,29.9,312.0,94.6,14.0,45.9,9.0,18.0,97.0,28.3,81.0,40.6,308.0,34.7,132.0,57.4,26.0,71.6,215.0,9.6,200.0,8.7,94.0,8.0,283.0,5.6,111.0,65.1,7.0,40.3,164.0,16.2,340.0,52.0,101.0,31.8,174.0,24.2,15.0,48.1,219.0,27.7,306.0,BE,30.5,21.0,45.9,13.0,72.1,158.0,15.0,9.0,10.4,111.0,7.6,127.0,6.1,151.0,49.0,87.0,36.6,91.0,94.6,14.0,UCLA,"W, 72-68",B10,64.9,312.0,123.4,23.0,53.6,83.0,13.3,11.0,31.2,155.0,32.8,238.0,101.5,46.0,50.3,118.0,18.3,85.0,33.1,302.0,34.2,155.0,37.9,19.0,51.8,178.0,76.6,40.0,8.0,59.0,7.2,7.0,6.1,55.0,7.8,359.0,58.9,45.0,35.7,255.0,19.0,231.0,50.3,142.0,30.7,205.0,20.2,157.0,45.8,296.0,34.0,81.0,B10,32.0,65.0,52.1,202.0,74.2,277.0,9.9,144.0,10.1,126.0,8.2,61.0,6.7,40.0,63.1,358.0,44.7,329.0,101.5,46.0,0.0,2.7,2.9,1.9,3.3,3.3,21.333333333333332,"[33, 31, 0]",24.8,15.107025591499548,13.43726162579266,"[3.3, 1.9, 2.9, 2.7, 0]",,,,
1.0,Solo Ball,6-4,200.0,Jr,34.0,70.0,113.1,22.0,25.7,48.9,53.9,3.6,10.0,9.7,11.7,0.9,0.9,2.5,4.0,29.1,92-108,0.852,78-143,0.545,69-228,0.303,https://kenpom.com/player.php?p=54875,25.0,29.0,17.0,25.0,24.0,31.0,Connecticut,BE,64.6,322.0,122.3,30.0,55.3,34.0,16.8,181.0,36.1,23.0,29.9,312.0,94.6,14.0,45.9,9.0,18.0,97.0,28.3,81.0,40.6,308.0,34.7,132.0,57.4,26.0,71.6,215.0,9.6,200.0,8.7,94.0,8.0,283.0,5.6,111.0,65.1,7.0,40.3,164.0,16.2,340.0,52.0,101.0,31.8,174.0,24.2,15.0,48.1,219.0,27.7,306.0,BE,30.5,21.0,45.9,13.0,72.1,158.0,15.0,9.0,10.4,111.0,7.6,127.0,6.1,151.0,49.0,87.0,36.6,91.0,94.6,14.0,UCLA,"W, 72-68",B10,64.9,312.0,123.4,23.0,53.6,83.0,13.3,11.0,31.2,155.0,32.8,238.0,101.5,46.0,50.3,118.0,18.3,85.0,33.1,302.0,34.2,155.0,37.9,19.0,51.8,178.0,76.6,40.0,8.0,59.0,7.2,7.0,6.1,55.0,7.8,359.0,58.9,45.0,35.7,255.0,19.0,231.0,50.3,142.0,30.7,205.0,20.2,157.0,45.8,296.0,34.0,81.0,B10,32.0,65.0,52.1,202.0,74.2,277.0,9.9,144.0,10.1,126.0,8.2,61.0,6.7,40.0,63.1,358.0,44.7,329.0,101.5,46.0,1.6,1.8,1.1,1.6,1.5,1.9,23.666666666666668,"[17, 29, 25]",24.0,4.988876515698588,3.8987177379235853,"[1.5, 1.6, 1.1, 1.8, 1.6]",,,,
5.0,Tarris Reed,6-11,265.0,Sr,30.0,56.3,120.2,26.2,24.3,63.5,63.0,14.3,24.8,18.6,16.6,8.9,2.1,4.4,5.2,43.6,71-123,0.577,179-279,0.642,0-3,0.0,https://kenpom.com/player.php?p=53353,35.0,29.0,23.0,27.0,30.0,32.0,Connecticut,BE,64.6,322.0,122.3,30.0,55.3,34.0,16.8,181.0,36.1,23.0,29.9,312.0,94.6,14.0,45.9,9.0,18.0,97.0,28.3,81.0,40.6,308.0,34.7,132.0,57.4,26.0,71.6,215.0,9.6,200.0,8.7,94.0,8.0,283.0,5.6,111.0,65.1,7.0,40.3,164.0,16.2,340.0,52.0,101.0,31.8,174.0,24.2,15.0,48.1,219.0,27.7,306.0,BE,30.5,21.0,45.9,13.0,72.1,158.0,15.0,9.0,10.4,111.0,7.6,127.0,6.1,151.0,49.0,87.0,36.6,91.0,94.6,14.0,UCLA,"W, 72-68",B10,64.9,312.0,123.4,23.0,53.6,83.0,13.3,11.0,31.2,155.0,32.8,238.0,101.5,46.0,50.3,118.0,18.3,85.0,33.1,302.0,34.2,155.0,37.9,19.0,51.8,178.0,76.6,40.0,8.0,59.0,7.2,7.0,6.1,55.0,7.8,359.0,58.9,45.0,35.7,255.0,19.0,231.0,50.3,142.0,30.7,205.0,20.2,157.0,45.8,296.0,34.0,81.0,B10,32.0,65.0,52.1,202.0,74.2,277.0,9.9,144.0,10.1,126.0,8.2,61.0,6.7,40.0,63.1,358.0,44.7,329.0,101.5,46.0,3.8,3.2,2.5,3.0,3.3,3.5,29.0,"[23, 29, 35]",28.8,4.898979485566356,3.9191835884530852,"[3.3, 3, 2.5, 3.2, 3.8]",,,,
5.0,Brandon Williams,6-7,230.0,So,33.0,28.6,113.2,12.8,13.0,46.0,49.0,9.3,9.6,4.5,8.2,2.6,2.1,4.4,2.6,35.5,17-27,0.63,26-51,0.51,6-25,0.24,https://kenpom.com/player.php?p=54881,10.0,20.0,19.0,10.0,15.0,12.0,UCLA,B10,64.9,312.0,123.4,23.0,53.6,83.0,13.3,11.0,31.2,155.0,32.8,238.0,101.5,46.0,50.3,118.0,18.3,85.0,33.1,302.0,34.2,155.0,37.9,19.0,51.8,178.0,76.6,40.0,8.0,59.0,7.2,7.0,6.1,55.0,7.8,359.0,58.9,45.0,35.7,255.0,19.0,231.0,50.3,142.0,30.7,205.0,20.2,157.0,45.8,296.0,34.0,81.0,B10,32.0,65.0,52.1,202.0,74.2,277.0,9.9,144.0,10.1,126.0,8.2,61.0,6.7,40.0,63.1,358.0,44.7,329.0,101.5,46.0,Connecticut,"L, 72-68",BE,64.6,322.0,122.3,30.0,55.3,34.0,16.8,181.0,36.1,23.0,29.9,312.0,94.6,14.0,45.9,9.0,18.0,97.0,28.3,81.0,40.6,308.0,34.7,132.0,57.4,26.0,71.6,215.0,9.6,200.0,8.7,94.0,8.0,283.0,5.6,111.0,65.1,7.0,40.3,164.0,16.2,340.0,52.0,101.0,31.8,174.0,24.2,15.0,48.1,219.0,27.7,306.0,BE,30.5,21.0,45.9,13.0,72.1,158.0,15.0,9.0,10.4,111.0,7.6,127.0,6.1,151.0,49.0,87.0,36.6,91.0,94.6,14.0,1.1,2.2,2.1,1.1,1.6,1.3,16.333333333333332,"[19, 20, 10]",14.8,4.496912521077347,4.261455150532504,"[1.6, 1.1, 2.1, 2.2, 1.1]",,,,
2.0,Donovan Dent,6-2,185.0,Sr,34.0,82.3,109.5,26.3,24.7,43.3,46.7,1.7,8.7,41.2,12.3,1.3,3.0,2.0,4.4,34.8,93-145,0.641,155-349,0.444,17-68,0.25,https://kenpom.com/player.php?p=52830,40.0,10.0,38.0,39.0,34.0,31.0,UCLA,B10,64.9,312.0,123.4,23.0,53.6,83.0,13.3,11.0,31.2,155.0,32.8,238.0,101.5,46.0,50.3,118.0,18.3,85.0,33.1,302.0,34.2,155.0,37.9,19.0,51.8,178.0,76.6,40.0,8.0,59.0,7.2,7.0,6.1,55.0,7.8,359.0,58.9,45.0,35.7,255.0,19.0,231.0,50.3,142.0,30.7,205.0,20.2,157.0,45.8,296.0,34.0,81.0,B10,32.0,65.0,52.1,202.0,74.2,277.0,9.9,144.0,10.1,126.0,8.2,61.0,6.7,40.0,63.1,358.0,44.7,329.0,101.5,46.0,Connecticut,"L, 72-68",BE,64.6,322.0,122.3,30.0,55.3,34.0,16.8,181.0,36.1,23.0,29.9,312.0,94.6,14.0,45.9,9.0,18.0,97.0,28.3,81.0,40.6,308.0,34.7,132.0,57.4,26.0,71.6,215.0,9.6,200.0,8.7,94.0,8.0,283.0,5.6,111.0,65.1,7.0,40.3,164.0,16.2,340.0,52.0,101.0,31.8,174.0,24.2,15.0,48.1,219.0,27.7,306.0,BE,30.5,21.0,45.9,13.0,72.1,158.0,15.0,9.0,10.4,111.0,7.6,127.0,6.1,151.0,49.0,87.0,36.6,91.0,94.6,14.0,2.0,0.5,1.9,2.0,1.7,1.6,29.333333333333332,"[38, 10, 40]",32.2,13.695092389449425,11.285388783732708,"[1.7, 2, 1.9, 0.5, 2]",,,,
3.0,Eric Dailey,6-8,230.0,Jr,34.0,66.2,111.7,21.3,22.6,53.8,56.3,6.7,18.9,9.5,13.7,1.2,2.0,3.1,3.6,29.3,64-90,0.711,120-211,0.569,30-96,0.312,https://kenpom.com/player.php?p=54675,32.0,34.0,34.0,24.0,22.0,31.0,UCLA,B10,64.9,312.0,123.4,23.0,53.6,83.0,13.3,11.0,31.2,155.0,32.8,238.0,101.5,46.0,50.3,118.0,18.3,85.0,33.1,302.0,34.2,155.0,37.9,19.0,51.8,178.0,76.6,40.0,8.0,59.0,7.2,7.0,6.1,55.0,7.8,359.0,58.9,45.0,35.7,255.0,19.0,231.0,50.3,142.0,30.7,205.0,20.2,157.0,45.8,296.0,34.0,81.0,B10,32.0,65.0,52.1,202.0,74.2,277.0,9.9,144.0,10.1,126.0,8.2,61.0,6.7,40.0,63.1,358.0,44.7,329.0,101.5,46.0,Connecticut,"L, 72-68",BE,64.6,322.0,122.3,30.0,55.3,34.0,16.8,181.0,36.1,23.0,29.9,312.0,94.6,14.0,45.9,9.0,18.0,97.0,28.3,81.0,40.6,308.0,34.7,132.0,57.4,26.0,71.6,215.0,9.6,200.0,8.7,94.0,8.0,283.0,5.6,111.0,65.1,7.0,40.3,164.0,16.2,340.0,52.0,101.0,31.8,174.0,24.2,15.0,48.1,219.0,27.7,306.0,BE,30.5,21.0,45.9,13.0,72.1,158.0,15.0,9.0,10.4,111.0,7.6,127.0,6.1,151.0,49.0,87.0,36.6,91.0,94.6,14.0,2.5,2.6,2.6,1.9,1.7,2.4,33.333333333333336,"[34, 34, 32]",29.2,0.9428090415820634,5.1536394906900505,"[1.7, 1.9, 2.6, 2.6, 2.5]",,,,
8.0,Eric Freeny,6-4,215.0,Fr,27.0,20.9,103.2,12.2,12.8,47.3,47.6,6.8,11.4,6.1,15.2,1.8,1.6,3.2,1.7,14.6,4-8,0.5,11-28,0.393,10-27,0.37,https://kenpom.com/player.php?p=56395,16.0,24.0,12.0,9.0,18.0,18.0,UCLA,B10,64.9,312.0,123.4,23.0,53.6,83.0,13.3,11.0,31.2,155.0,32.8,238.0,101.5,46.0,50.3,118.0,18.3,85.0,33.1,302.0,34.2,155.0,37.9,19.0,51.8,178.0,76.6,40.0,8.0,59.0,7.2,7.0,6.1,55.0,7.8,359.0,58.9,45.0,35.7,255.0,19.0,231.0,50.3,142.0,30.7,205.0,20.2,157.0,45.8,296.0,34.0,81.0,B10,32.0,65.0,52.1,202.0,74.2,277.0,9.9,144.0,10.1,126.0,8.2,61.0,6.7,40.0,63.1,358.0,44.7,329.0,101.5,46.0,Connecticut,"L, 72-68",BE,64.6,322.0,122.3,30.0,55.3,34.0,16.8,181.0,36.1,23.0,29.9,312.0,94.6,14.0,45.9,9.0,18.0,97.0,28.3,81.0,40.6,308.0,34.7,132.0,57.4,26.0,71.6,215.0,9.6,200.0,8.7,94.0,8.0,283.0,5.6,111.0,65.1,7.0,40.3,164.0,16.2,340.0,52.0,101.0,31.8,174.0,24.2,15.0,48.1,219.0,27.7,306.0,BE,30.5,21.0,45.9,13.0,72.1,158.0,15.0,9.0,10.4,111.0,7.6,127.0,6.1,151.0,49.0,87.0,36.6,91.0,94.6,14.0,1.3,1.9,1.0,0.7,1.4,1.4,17.333333333333332,"[12, 24, 16]",15.8,4.988876515698588,5.1536394906900505,"[1.4, 0.7, 1, 1.9, 1.3]",,,,
4.0,Jamar Brown,6-5,200.0,Sr,35.0,39.3,123.6,12.2,13.8,54.5,57.8,7.2,13.9,5.8,10.7,0.5,2.2,3.7,1.7,14.4,16-16,0.999,23-37,0.622,25-74,0.338,https://kenpom.com/player.php?p=55338,8.0,1.0,8.0,8.0,6.0,2.0,UCLA,B10,64.9,312.0,123.4,23.0,53.6,83.0,13.3,11.0,31.2,155.0,32.8,238.0,101.5,46.0,50.3,118.0,18.3,85.0,33.1,302.0,34.2,155.0,37.9,19.0,51.8,178.0,76.6,40.0,8.0,59.0,7.2,7.0,6.1,55.0,7.8,359.0,58.9,45.0,35.7,255.0,19.0,231.0,50.3,142.0,30.7,205.0,20.2,157.0,45.8,296.0,34.0,81.0,B10,32.0,65.0,52.1,202.0,74.2,277.0,9.9,144.0,10.1,126.0,8.2,61.0,6.7,40.0,63.1,358.0,44.7,329.0,101.5,46.0,Connecticut,"L, 72-68",BE,64.6,322.0,122.3,30.0,55.3,34.0,16.8,181.0,36.1,23.0,29.9,312.0,94.6,14.0,45.9,9.0,18.0,97.0,28.3,81.0,40.6,308.0,34.7,132.0,57.4,26.0,71.6,215.0,9.6,200.0,8.7,94.0,8.0,283.0,5.6,111.0,65.1,7.0,40.3,164.0,16.2,340.0,52.0,101.0,31.8,174.0,24.2,15.0,48.1,219.0,27.7,306.0,BE,30.5,21.0,45.9,13.0,72.1,158.0,15.0,9.0,10.4,111.0,7.6,127.0,6.1,151.0,49.0,87.0,36.6,91.0,94.6,14.0,0.7,0.1,0.7,0.7,0.6,0.2,5.666666666666667,"[8, 1, 8]",6.2,3.299831645537222,2.7129319932501077,"[0.6, 0.7, 0.7, 0.1, 0.7]",,,,
55.0,Skyy Clark,6-3,210.0,Sr,25.0,50.0,122.0,17.9,21.4,58.2,60.4,1.4,8.3,13.7,10.5,0.4,2.6,3.7,2.5,17.7,32-39,0.821,50-99,0.505,52-121,0.43,https://kenpom.com/player.php?p=52575,20.0,31.0,33.0,31.0,34.0,30.0,UCLA,B10,64.9,312.0,123.4,23.0,53.6,83.0,13.3,11.0,31.2,155.0,32.8,238.0,101.5,46.0,50.3,118.0,18.3,85.0,33.1,302.0,34.2,155.0,37.9,19.0,51.8,178.0,76.6,40.0,8.0,59.0,7.2,7.0,6.1,55.0,7.8,359.0,58.9,45.0,35.7,255.0,19.0,231.0,50.3,142.0,30.7,205.0,20.2,157.0,45.8,296.0,34.0,81.0,B10,32.0,65.0,52.1,202.0,74.2,277.0,9.9,144.0,10.1,126.0,8.2,61.0,6.7,40.0,63.1,358.0,44.7,329.0,101.5,46.0,Connecticut,"L, 72-68",BE,64.6,322.0,122.3,30.0,55.3,34.0,16.8,181.0,36.1,23.0,29.9,312.0,94.6,14.0,45.9,9.0,18.0,97.0,28.3,81.0,40.6,308.0,34.7,132.0,57.4,26.0,71.6,215.0,9.6,200.0,8.7,94.0,8.0,283.0,5.6,111.0,65.1,7.0,40.3,164.0,16.2,340.0,52.0,101.0,31.8,174.0,24.2,15.0,48.1,219.0,27.7,306.0,BE,30.5,21.0,45.9,13.0,72.1,158.0,15.0,9.0,10.4,111.0,7.6,127.0,6.1,151.0,49.0,87.0,36.6,91.0,94.6,14.0,1.8,2.9,3.1,2.9,3.1,2.8,28.0,"[33, 31, 20]",29.8,5.715476066494082,5.035871324805669,"[3.1, 2.9, 3.1, 2.9, 1.8]",,,,
24.0,Steven Jamerson,6-10,230.0,Sr,34.0,23.5,118.9,12.6,6.4,74.2,71.9,13.9,11.6,7.9,29.0,5.1,4.0,9.5,2.9,87.1,17-27,0.63,23-31,0.742,0-0,0.0,https://kenpom.com/player.php?p=54028,11.0,13.0,2.0,0.0,2.0,0.0,UCLA,B10,64.9,312.0,123.4,23.0,53.6,83.0,13.3,11.0,31.2,155.0,32.8,238.0,101.5,46.0,50.3,118.0,18.3,85.0,33.1,302.0,34.2,155.0,37.9,19.0,51.8,178.0,76.6,40.0,8.0,59.0,7.2,7.0,6.1,55.0,7.8,359.0,58.9,45.0,35.7,255.0,19.0,231.0,50.3,142.0,30.7,205.0,20.2,157.0,45.8,296.0,34.0,81.0,B10,32.0,65.0,52.1,202.0,74.2,277.0,9.9,144.0,10.1,126.0,8.2,61.0,6.7,40.0,63.1,358.0,44.7,329.0,101.5,46.0,Connecticut,"L, 72-68",BE,64.6,322.0,122.3,30.0,55.3,34.0,16.8,181.0,36.1,23.0,29.9,312.0,94.6,14.0,45.9,9.0,18.0,97.0,28.3,81.0,40.6,308.0,34.7,132.0,57.4,26.0,71.6,215.0,9.6,200.0,8.7,94.0,8.0,283.0,5.6,111.0,65.1,7.0,40.3,164.0,16.2,340.0,52.0,101.0,31.8,174.0,24.2,15.0,48.1,219.0,27.7,306.0,BE,30.5,21.0,45.9,13.0,72.1,158.0,15.0,9.0,10.4,111.0,7.6,127.0,6.1,151.0,49.0,87.0,36.6,91.0,94.6,14.0,2.6,3.1,0.5,0.0,0.5,0.0,8.666666666666666,"[2, 13, 11]",5.6,4.784233364802441,5.314132102234569,"[0.5, 0, 0.5, 3.1, 2.6]",,,,
0.0,Trent Perry,6-4,190.0,So,34.0,71.7,122.1,21.0,19.7,52.2,60.0,3.3,8.9,17.1,12.8,0.6,1.9,2.2,4.8,52.8,132-153,0.863,81-172,0.471,47-118,0.398,https://kenpom.com/player.php?p=56393,37.0,40.0,30.0,34.0,29.0,38.0,UCLA,B10,64.9,312.0,123.4,23.0,53.6,83.0,13.3,11.0,31.2,155.0,32.8,238.0,101.5,46.0,50.3,118.0,18.3,85.0,33.1,302.0,34.2,155.0,37.9,19.0,51.8,178.0,76.6,40.0,8.0,59.0,7.2,7.0,6.1,55.0,7.8,359.0,58.9,45.0,35.7,255.0,19.0,231.0,50.3,142.0,30.7,205.0,20.2,157.0,45.8,296.0,34.0,81.0,B10,32.0,65.0,52.1,202.0,74.2,277.0,9.9,144.0,10.1,126.0,8.2,61.0,6.7,40.0,63.1,358.0,44.7,329.0,101.5,46.0,Connecticut,"L, 72-68",BE,64.6,322.0,122.3,30.0,55.3,34.0,16.8,181.0,36.1,23.0,29.9,312.0,94.6,14.0,45.9,9.0,18.0,97.0,28.3,81.0,40.6,308.0,34.7,132.0,57.4,26.0,71.6,215.0,9.6,200.0,8.7,94.0,8.0,283.0,5.6,111.0,65.1,7.0,40.3,164.0,16.2,340.0,52.0,101.0,31.8,174.0,24.2,15.0,48.1,219.0,27.7,306.0,BE,30.5,21.0,45.9,13.0,72.1,158.0,15.0,9.0,10.4,111.0,7.6,127.0,6.1,151.0,49.0,87.0,36.6,91.0,94.6,14.0,2.0,2.2,1.6,1.9,1.6,2.1,35.666666666666664,"[30, 40, 37]",34.0,4.189935029992179,4.147288270665544,"[1.6, 1.9, 1.6, 2.2, 2]",,,,
34.0,Tyler Bilodeau,6-9,235.0,Sr,31.0,66.1,126.8,23.6,26.0,60.9,65.6,4.7,17.8,7.3,11.0,1.5,1.0,3.4,4.7,38.0,117-134,0.873,119-215,0.553,64-138,0.464,https://kenpom.com/player.php?p=52945,0.0,0.0,11.0,29.0,30.0,28.0,UCLA,B10,64.9,312.0,123.4,23.0,53.6,83.0,13.3,11.0,31.2,155.0,32.8,238.0,101.5,46.0,50.3,118.0,18.3,85.0,33.1,302.0,34.2,155.0,37.9,19.0,51.8,178.0,76.6,40.0,8.0,59.0,7.2,7.0,6.1,55.0,7.8,359.0,58.9,45.0,35.7,255.0,19.0,231.0,50.3,142.0,30.7,205.0,20.2,157.0,45.8,296.0,34.0,81.0,B10,32.0,65.0,52.1,202.0,74.2,277.0,9.9,144.0,10.1,126.0,8.2,61.0,6.7,40.0,63.1,358.0,44.7,329.0,101.5,46.0,Connecticut,"L, 72-68",BE,64.6,322.0,122.3,30.0,55.3,34.0,16.8,181.0,36.1,23.0,29.9,312.0,94.6,14.0,45.9,9.0,18.0,97.0,28.3,81.0,40.6,308.0,34.7,132.0,57.4,26.0,71.6,215.0,9.6,200.0,8.7,94.0,8.0,283.0,5.6,111.0,65.1,7.0,40.3,164.0,16.2,340.0,52.0,101.0,31.8,174.0,24.2,15.0,48.1,219.0,27.7,306.0,BE,30.5,21.0,45.9,13.0,72.1,158.0,15.0,9.0,10.4,111.0,7.6,127.0,6.1,151.0,49.0,87.0,36.6,91.0,94.6,14.0,0.0,0.0,0.9,2.5,2.6,2.4,3.6666666666666665,"[11, 0, 0]",14.0,5.185449728701348,13.281566172707194,"[2.6, 2.5, 0.9, 0, 0]",,,,
1.0,Xavier Booker,6-11,245.0,Jr,35.0,48.8,123.9,16.3,18.3,62.0,63.0,7.6,13.8,7.0,12.4,7.9,0.6,3.8,2.3,18.6,24-34,0.706,73-119,0.613,27-64,0.422,https://kenpom.com/player.php?p=55705,26.0,27.0,13.0,16.0,8.0,9.0,UCLA,B10,64.9,312.0,123.4,23.0,53.6,83.0,13.3,11.0,31.2,155.0,32.8,238.0,101.5,46.0,50.3,118.0,18.3,85.0,33.1,302.0,34.2,155.0,37.9,19.0,51.8,178.0,76.6,40.0,8.0,59.0,7.2,7.0,6.1,55.0,7.8,359.0,58.9,45.0,35.7,255.0,19.0,231.0,50.3,142.0,30.7,205.0,20.2,157.0,45.8,296.0,34.0,81.0,B10,32.0,65.0,52.1,202.0,74.2,277.0,9.9,144.0,10.1,126.0,8.2,61.0,6.7,40.0,63.1,358.0,44.7,329.0,101.5,46.0,Connecticut,"L, 72-68",BE,64.6,322.0,122.3,30.0,55.3,34.0,16.8,181.0,36.1,23.0,29.9,312.0,94.6,14.0,45.9,9.0,18.0,97.0,28.3,81.0,40.6,308.0,34.7,132.0,57.4,26.0,71.6,215.0,9.6,200.0,8.7,94.0,8.0,283.0,5.6,111.0,65.1,7.0,40.3,164.0,16.2,340.0,52.0,101.0,31.8,174.0,24.2,15.0,48.1,219.0,27.7,306.0,BE,30.5,21.0,45.9,13.0,72.1,158.0,15.0,9.0,10.4,111.0,7.6,127.0,6.1,151.0,49.0,87.0,36.6,91.0,94.6,14.0,2.5,2.6,1.2,1.5,0.8,0.9,22.0,"[13, 27, 26]",18.0,6.377042156569663,7.402702209328699,"[0.8, 1.5, 1.2, 2.6, 2.5]",,,,
3.0,Braden Smith,6-0,170.0,Sr,36.0,85.5,122.9,25.9,21.9,53.0,56.7,2.3,10.6,43.7,19.1,0.8,3.1,1.9,3.6,26.2,87-106,0.821,123-243,0.506,61-162,0.377,https://kenpom.com/player.php?p=52901,32.0,38.0,32.0,37.0,36.0,37.0,Purdue,B10,64.5,325.0,132.1,1.0,58.1,10.0,13.6,17.0,36.8,19.0,28.3,339.0,100.3,34.0,52.3,231.0,15.5,250.0,26.3,23.0,25.4,9.0,38.5,12.0,58.4,18.0,74.1,123.0,6.7,13.0,8.0,38.0,5.6,20.0,7.3,346.0,66.5,4.0,40.8,151.0,15.3,356.0,50.4,137.0,34.3,106.0,14.9,357.0,47.9,230.0,37.2,22.0,B10,34.0,184.0,53.3,244.0,72.1,160.0,9.1,191.0,8.4,260.0,7.1,201.0,7.0,10.0,57.8,312.0,44.7,331.0,100.3,34.0,Miami FL,"W, 80-73",ACC,67.7,168.0,121.4,31.0,55.5,29.0,16.1,146.0,37.1,16.0,37.8,108.0,100.3,35.0,51.5,187.0,18.2,89.0,26.1,19.0,29.1,46.0,35.1,107.0,56.9,34.0,68.1,321.0,10.3,264.0,9.6,207.0,6.5,89.0,5.4,89.0,54.0,136.0,31.9,330.0,18.8,243.0,56.6,14.0,24.6,333.0,16.6,330.0,48.0,227.0,35.4,48.0,ACC,35.4,275.0,50.3,116.0,70.3,63.0,9.9,143.0,11.3,43.0,6.9,228.0,6.5,56.0,54.9,250.0,41.1,243.0,100.3,35.0,1.5,1.8,1.5,1.8,1.7,1.8,34.0,"[32, 38, 32]",35.0,2.8284271247461903,2.5298221281347035,"[1.7, 1.8, 1.5, 1.8, 1.5]",,,,
0.0,CJ Cox,6-3,195.0,So,36.0,60.7,132.0,14.2,18.2,56.9,59.0,3.9,9.5,8.3,5.4,0.6,1.4,2.1,2.1,15.1,30-36,0.833,49-84,0.583,58-155,0.374,https://kenpom.com/player.php?p=56089,25.0,27.0,27.0,22.0,28.0,29.0,Purdue,B10,64.5,325.0,132.1,1.0,58.1,10.0,13.6,17.0,36.8,19.0,28.3,339.0,100.3,34.0,52.3,231.0,15.5,250.0,26.3,23.0,25.4,9.0,38.5,12.0,58.4,18.0,74.1,123.0,6.7,13.0,8.0,38.0,5.6,20.0,7.3,346.0,66.5,4.0,40.8,151.0,15.3,356.0,50.4,137.0,34.3,106.0,14.9,357.0,47.9,230.0,37.2,22.0,B10,34.0,184.0,53.3,244.0,72.1,160.0,9.1,191.0,8.4,260.0,7.1,201.0,7.0,10.0,57.8,312.0,44.7,331.0,100.3,34.0,Miami FL,"W, 80-73",ACC,67.7,168.0,121.4,31.0,55.5,29.0,16.1,146.0,37.1,16.0,37.8,108.0,100.3,35.0,51.5,187.0,18.2,89.0,26.1,19.0,29.1,46.0,35.1,107.0,56.9,34.0,68.1,321.0,10.3,264.0,9.6,207.0,6.5,89.0,5.4,89.0,54.0,136.0,31.9,330.0,18.8,243.0,56.6,14.0,24.6,333.0,16.6,330.0,48.0,227.0,35.4,48.0,ACC,35.4,275.0,50.3,116.0,70.3,63.0,9.9,143.0,11.3,43.0,6.9,228.0,6.5,56.0,54.9,250.0,41.1,243.0,100.3,35.0,1.3,1.4,1.4,1.2,1.5,1.5,26.333333333333332,"[27, 27, 25]",25.8,0.9428090415820634,2.1354156504062622,"[1.5, 1.2, 1.4, 1.4, 1.3]",,,,
12.0,Daniel Jacobsen,7-4,250.0,So,36.0,33.8,126.0,19.1,17.2,66.3,66.6,11.7,18.5,4.6,14.4,12.0,0.4,6.0,4.7,57.9,47-73,0.644,79-118,0.669,3-8,0.375,https://kenpom.com/player.php?p=56092,9.0,3.0,11.0,4.0,10.0,13.0,Purdue,B10,64.5,325.0,132.1,1.0,58.1,10.0,13.6,17.0,36.8,19.0,28.3,339.0,100.3,34.0,52.3,231.0,15.5,250.0,26.3,23.0,25.4,9.0,38.5,12.0,58.4,18.0,74.1,123.0,6.7,13.0,8.0,38.0,5.6,20.0,7.3,346.0,66.5,4.0,40.8,151.0,15.3,356.0,50.4,137.0,34.3,106.0,14.9,357.0,47.9,230.0,37.2,22.0,B10,34.0,184.0,53.3,244.0,72.1,160.0,9.1,191.0,8.4,260.0,7.1,201.0,7.0,10.0,57.8,312.0,44.7,331.0,100.3,34.0,Miami FL,"W, 80-73",ACC,67.7,168.0,121.4,31.0,55.5,29.0,16.1,146.0,37.1,16.0,37.8,108.0,100.3,35.0,51.5,187.0,18.2,89.0,26.1,19.0,29.1,46.0,35.1,107.0,56.9,34.0,68.1,321.0,10.3,264.0,9.6,207.0,6.5,89.0,5.4,89.0,54.0,136.0,31.9,330.0,18.8,243.0,56.6,14.0,24.6,333.0,16.6,330.0,48.0,227.0,35.4,48.0,ACC,35.4,275.0,50.3,116.0,70.3,63.0,9.9,143.0,11.3,43.0,6.9,228.0,6.5,56.0,54.9,250.0,41.1,243.0,100.3,35.0,1.4,0.4,1.6,0.6,1.5,2.0,7.666666666666667,"[11, 3, 9]",7.4,3.39934634239519,3.261901286060018,"[1.5, 0.6, 1.6, 0.4, 1.4]",,,,
2.0,Fletcher Loyer,6-5,180.0,Sr,36.0,72.0,130.0,19.2,21.9,59.4,63.6,0.9,9.1,11.6,10.7,0.2,1.6,1.4,3.8,32.1,94-109,0.862,49-99,0.495,102-241,0.423,https://kenpom.com/player.php?p=52899,25.0,32.0,27.0,32.0,28.0,36.0,Purdue,B10,64.5,325.0,132.1,1.0,58.1,10.0,13.6,17.0,36.8,19.0,28.3,339.0,100.3,34.0,52.3,231.0,15.5,250.0,26.3,23.0,25.4,9.0,38.5,12.0,58.4,18.0,74.1,123.0,6.7,13.0,8.0,38.0,5.6,20.0,7.3,346.0,66.5,4.0,40.8,151.0,15.3,356.0,50.4,137.0,34.3,106.0,14.9,357.0,47.9,230.0,37.2,22.0,B10,34.0,184.0,53.3,244.0,72.1,160.0,9.1,191.0,8.4,260.0,7.1,201.0,7.0,10.0,57.8,312.0,44.7,331.0,100.3,34.0,Miami FL,"W, 80-73",ACC,67.7,168.0,121.4,31.0,55.5,29.0,16.1,146.0,37.1,16.0,37.8,108.0,100.3,35.0,51.5,187.0,18.2,89.0,26.1,19.0,29.1,46.0,35.1,107.0,56.9,34.0,68.1,321.0,10.3,264.0,9.6,207.0,6.5,89.0,5.4,89.0,54.0,136.0,31.9,330.0,18.8,243.0,56.6,14.0,24.6,333.0,16.6,330.0,48.0,227.0,35.4,48.0,ACC,35.4,275.0,50.3,116.0,70.3,63.0,9.9,143.0,11.3,43.0,6.9,228.0,6.5,56.0,54.9,250.0,41.1,243.0,100.3,35.0,0.9,1.1,0.9,1.1,1.0,1.3,28.0,"[27, 32, 25]",28.8,2.943920288775949,2.7856776554368237,"[1, 1.1, 0.9, 1.1, 0.9]",,,,
24.0,Gicarri Harris,6-3,210.0,So,36.0,39.7,120.8,13.6,15.6,50.0,54.3,2.7,9.6,8.2,9.4,0.4,3.1,2.4,2.5,25.4,29-34,0.853,22-46,0.478,30-88,0.341,https://kenpom.com/player.php?p=56094,19.0,11.0,18.0,14.0,15.0,4.0,Purdue,B10,64.5,325.0,132.1,1.0,58.1,10.0,13.6,17.0,36.8,19.0,28.3,339.0,100.3,34.0,52.3,231.0,15.5,250.0,26.3,23.0,25.4,9.0,38.5,12.0,58.4,18.0,74.1,123.0,6.7,13.0,8.0,38.0,5.6,20.0,7.3,346.0,66.5,4.0,40.8,151.0,15.3,356.0,50.4,137.0,34.3,106.0,14.9,357.0,47.9,230.0,37.2,22.0,B10,34.0,184.0,53.3,244.0,72.1,160.0,9.1,191.0,8.4,260.0,7.1,201.0,7.0,10.0,57.8,312.0,44.7,331.0,100.3,34.0,Miami FL,"W, 80-73",ACC,67.7,168.0,121.4,31.0,55.5,29.0,16.1,146.0,37.1,16.0,37.8,108.0,100.3,35.0,51.5,187.0,18.2,89.0,26.1,19.0,29.1,46.0,35.1,107.0,56.9,34.0,68.1,321.0,10.3,264.0,9.6,207.0,6.5,89.0,5.4,89.0,54.0,136.0,31.9,330.0,18.8,243.0,56.6,14.0,24.6,333.0,16.6,330.0,48.0,227.0,35.4,48.0,ACC,35.4,275.0,50.3,116.0,70.3,63.0,9.9,143.0,11.3,43.0,6.9,228.0,6.5,56.0,54.9,250.0,41.1,243.0,100.3,35.0,1.1,0.7,1.1,0.8,0.9,0.2,16.0,"[18, 11, 19]",15.4,3.559026084010437,2.870540018881465,"[0.9, 0.8, 1.1, 0.7, 1.1]",,,,
14.0,Jack Benter,6-6,215.0,Fr,35.0,36.7,128.7,14.1,15.2,63.3,63.4,7.1,15.2,8.8,13.9,0.5,1.6,4.2,2.2,19.2,14-23,0.609,22-33,0.667,36-87,0.414,https://kenpom.com/player.php?p=56093,20.0,24.0,15.0,10.0,11.0,17.0,Purdue,B10,64.5,325.0,132.1,1.0,58.1,10.0,13.6,17.0,36.8,19.0,28.3,339.0,100.3,34.0,52.3,231.0,15.5,250.0,26.3,23.0,25.4,9.0,38.5,12.0,58.4,18.0,74.1,123.0,6.7,13.0,8.0,38.0,5.6,20.0,7.3,346.0,66.5,4.0,40.8,151.0,15.3,356.0,50.4,137.0,34.3,106.0,14.9,357.0,47.9,230.0,37.2,22.0,B10,34.0,184.0,53.3,244.0,72.1,160.0,9.1,191.0,8.4,260.0,7.1,201.0,7.0,10.0,57.8,312.0,44.7,331.0,100.3,34.0,Miami FL,"W, 80-73",ACC,67.7,168.0,121.4,31.0,55.5,29.0,16.1,146.0,37.1,16.0,37.8,108.0,100.3,35.0,51.5,187.0,18.2,89.0,26.1,19.0,29.1,46.0,35.1,107.0,56.9,34.0,68.1,321.0,10.3,264.0,9.6,207.0,6.5,89.0,5.4,89.0,54.0,136.0,31.9,330.0,18.8,243.0,56.6,14.0,24.6,333.0,16.6,330.0,48.0,227.0,35.4,48.0,ACC,35.4,275.0,50.3,116.0,70.3,63.0,9.9,143.0,11.3,43.0,6.9,228.0,6.5,56.0,54.9,250.0,41.1,243.0,100.3,35.0,2.1,2.5,1.6,1.0,1.2,1.8,19.666666666666668,"[15, 24, 20]",16.0,3.6817870057290873,5.329165037789691,"[1.2, 1, 1.6, 2.5, 2.1]",,,,
5.0,Liam Murphy,6-8,225.0,Sr,12.0,6.2,124.7,13.1,20.3,51.9,51.9,2.9,12.4,5.3,0.0,0.0,0.7,3.6,1.1,0.0,0-0,0.0,2-4,0.5,8-23,0.348,https://kenpom.com/player.php?p=49797,4.0,0.0,0.0,0.0,0.0,0.0,Purdue,B10,64.5,325.0,132.1,1.0,58.1,10.0,13.6,17.0,36.8,19.0,28.3,339.0,100.3,34.0,52.3,231.0,15.5,250.0,26.3,23.0,25.4,9.0,38.5,12.0,58.4,18.0,74.1,123.0,6.7,13.0,8.0,38.0,5.6,20.0,7.3,346.0,66.5,4.0,40.8,151.0,15.3,356.0,50.4,137.0,34.3,106.0,14.9,357.0,47.9,230.0,37.2,22.0,B10,34.0,184.0,53.3,244.0,72.1,160.0,9.1,191.0,8.4,260.0,7.1,201.0,7.0,10.0,57.8,312.0,44.7,331.0,100.3,34.0,Miami FL,"W, 80-73",ACC,67.7,168.0,121.4,31.0,55.5,29.0,16.1,146.0,37.1,16.0,37.8,108.0,100.3,35.0,51.5,187.0,18.2,89.0,26.1,19.0,29.1,46.0,35.1,107.0,56.9,34.0,68.1,321.0,10.3,264.0,9.6,207.0,6.5,89.0,5.4,89.0,54.0,136.0,31.9,330.0,18.8,243.0,56.6,14.0,24.6,333.0,16.6,330.0,48.0,227.0,35.4,48.0,ACC,35.4,275.0,50.3,116.0,70.3,63.0,9.9,143.0,11.3,43.0,6.9,228.0,6.5,56.0,54.9,250.0,41.1,243.0,100.3,35.0,0.4,0.0,0.0,0.0,0.0,0.0,1.3333333333333333,"[0, 0, 4]",0.8,1.8856180831641267,1.6000000000000003,"[0, 0, 0, 0, 0.4]",,,,
17.0,Omer Mayer,6-4,215.0,Fr,36.0,36.1,105.3,20.7,23.3,53.0,54.2,0.8,8.2,14.3,19.2,0.0,1.8,2.5,2.4,11.5,15-21,0.714,38-78,0.487,39-104,0.375,https://kenpom.com/player.php?p=57937,16.0,12.0,16.0,16.0,13.0,14.0,Purdue,B10,64.5,325.0,132.1,1.0,58.1,10.0,13.6,17.0,36.8,19.0,28.3,339.0,100.3,34.0,52.3,231.0,15.5,250.0,26.3,23.0,25.4,9.0,38.5,12.0,58.4,18.0,74.1,123.0,6.7,13.0,8.0,38.0,5.6,20.0,7.3,346.0,66.5,4.0,40.8,151.0,15.3,356.0,50.4,137.0,34.3,106.0,14.9,357.0,47.9,230.0,37.2,22.0,B10,34.0,184.0,53.3,244.0,72.1,160.0,9.1,191.0,8.4,260.0,7.1,201.0,7.0,10.0,57.8,312.0,44.7,331.0,100.3,34.0,Miami FL,"W, 80-73",ACC,67.7,168.0,121.4,31.0,55.5,29.0,16.1,146.0,37.1,16.0,37.8,108.0,100.3,35.0,51.5,187.0,18.2,89.0,26.1,19.0,29.1,46.0,35.1,107.0,56.9,34.0,68.1,321.0,10.3,264.0,9.6,207.0,6.5,89.0,5.4,89.0,54.0,136.0,31.9,330.0,18.8,243.0,56.6,14.0,24.6,333.0,16.6,330.0,48.0,227.0,35.4,48.0,ACC,35.4,275.0,50.3,116.0,70.3,63.0,9.9,143.0,11.3,43.0,6.9,228.0,6.5,56.0,54.9,250.0,41.1,243.0,100.3,35.0,1.0,0.8,1.0,1.0,0.8,0.9,14.666666666666666,"[16, 12, 16]",14.6,1.8856180831641267,1.7435595774162693,"[0.8, 1, 1, 0.8, 1]",,,,
45.0,Oscar Cluff,6-11,255.0,Sr,36.0,59.6,144.5,19.4,17.2,69.2,70.0,17.9,21.3,12.8,10.2,4.7,1.1,4.5,4.2,48.9,75-108,0.694,153-221,0.692,0-0,0.0,https://kenpom.com/player.php?p=55519,22.0,25.0,28.0,34.0,30.0,27.0,Purdue,B10,64.5,325.0,132.1,1.0,58.1,10.0,13.6,17.0,36.8,19.0,28.3,339.0,100.3,34.0,52.3,231.0,15.5,250.0,26.3,23.0,25.4,9.0,38.5,12.0,58.4,18.0,74.1,123.0,6.7,13.0,8.0,38.0,5.6,20.0,7.3,346.0,66.5,4.0,40.8,151.0,15.3,356.0,50.4,137.0,34.3,106.0,14.9,357.0,47.9,230.0,37.2,22.0,B10,34.0,184.0,53.3,244.0,72.1,160.0,9.1,191.0,8.4,260.0,7.1,201.0,7.0,10.0,57.8,312.0,44.7,331.0,100.3,34.0,Miami FL,"W, 80-73",ACC,67.7,168.0,121.4,31.0,55.5,29.0,16.1,146.0,37.1,16.0,37.8,108.0,100.3,35.0,51.5,187.0,18.2,89.0,26.1,19.0,29.1,46.0,35.1,107.0,56.9,34.0,68.1,321.0,10.3,264.0,9.6,207.0,6.5,89.0,5.4,89.0,54.0,136.0,31.9,330.0,18.8,243.0,56.6,14.0,24.6,333.0,16.6,330.0,48.0,227.0,35.4,48.0,ACC,35.4,275.0,50.3,116.0,70.3,63.0,9.9,143.0,11.3,43.0,6.9,228.0,6.5,56.0,54.9,250.0,41.1,243.0,100.3,35.0,2.5,2.8,3.2,3.8,3.4,3.0,25.0,"[28, 25, 22]",27.8,2.449489742783178,4.1182520563948,"[3.4, 3.8, 3.2, 2.8, 2.5]",,,,
4.0,Trey Kaufman-Renn,6-9,240.0,Sr,34.0,65.3,124.5,24.9,25.1,58.6,59.4,13.8,24.5,17.7,12.5,0.9,0.8,3.2,4.0,28.1,61-99,0.616,204-340,0.6,2-13,0.154,https://kenpom.com/player.php?p=51194,25.0,28.0,26.0,30.0,29.0,23.0,Purdue,B10,64.5,325.0,132.1,1.0,58.1,10.0,13.6,17.0,36.8,19.0,28.3,339.0,100.3,34.0,52.3,231.0,15.5,250.0,26.3,23.0,25.4,9.0,38.5,12.0,58.4,18.0,74.1,123.0,6.7,13.0,8.0,38.0,5.6,20.0,7.3,346.0,66.5,4.0,40.8,151.0,15.3,356.0,50.4,137.0,34.3,106.0,14.9,357.0,47.9,230.0,37.2,22.0,B10,34.0,184.0,53.3,244.0,72.1,160.0,9.1,191.0,8.4,260.0,7.1,201.0,7.0,10.0,57.8,312.0,44.7,331.0,100.3,34.0,Miami FL,"W, 80-73",ACC,67.7,168.0,121.4,31.0,55.5,29.0,16.1,146.0,37.1,16.0,37.8,108.0,100.3,35.0,51.5,187.0,18.2,89.0,26.1,19.0,29.1,46.0,35.1,107.0,56.9,34.0,68.1,321.0,10.3,264.0,9.6,207.0,6.5,89.0,5.4,89.0,54.0,136.0,31.9,330.0,18.8,243.0,56.6,14.0,24.6,333.0,16.6,330.0,48.0,227.0,35.4,48.0,ACC,35.4,275.0,50.3,116.0,70.3,63.0,9.9,143.0,11.3,43.0,6.9,228.0,6.5,56.0,54.9,250.0,41.1,243.0,100.3,35.0,2.0,2.2,2.1,2.4,2.3,1.8,26.333333333333332,"[26, 28, 25]",27.6,1.247219128924647,1.854723699099141,"[2.3, 2.4, 2.1, 2.2, 2]",,,,
35.0,Dante Allen,6-4,220.0,Fr,29.0,50.9,109.8,15.0,15.4,50.3,51.7,2.6,11.7,14.3,16.1,0.5,2.3,2.1,2.5,30.0,28-48,0.583,46-86,0.535,23-74,0.311,https://kenpom.com/player.php?p=58420,26.0,29.0,26.0,24.0,23.0,26.0,Miami+FL,ACC,67.7,168.0,121.4,31.0,55.5,29.0,16.1,146.0,37.1,16.0,37.8,108.0,100.3,35.0,51.5,187.0,18.2,89.0,26.1,19.0,29.1,46.0,35.1,107.0,56.9,34.0,68.1,321.0,10.3,264.0,9.6,207.0,6.5,89.0,5.4,89.0,54.0,136.0,31.9,330.0,18.8,243.0,56.6,14.0,24.6,333.0,16.6,330.0,48.0,227.0,35.4,48.0,ACC,35.4,275.0,50.3,116.0,70.3,63.0,9.9,143.0,11.3,43.0,6.9,228.0,6.5,56.0,54.9,250.0,41.1,243.0,100.3,35.0,Purdue,"L, 80-73",B10,64.5,325.0,132.1,1.0,58.1,10.0,13.6,17.0,36.8,19.0,28.3,339.0,100.3,34.0,52.3,231.0,15.5,250.0,26.3,23.0,25.4,9.0,38.5,12.0,58.4,18.0,74.1,123.0,6.7,13.0,8.0,38.0,5.6,20.0,7.3,346.0,66.5,4.0,40.8,151.0,15.3,356.0,50.4,137.0,34.3,106.0,14.9,357.0,47.9,230.0,37.2,22.0,B10,34.0,184.0,53.3,244.0,72.1,160.0,9.1,191.0,8.4,260.0,7.1,201.0,7.0,10.0,57.8,312.0,44.7,331.0,100.3,34.0,1.4,1.5,1.4,1.3,1.2,1.4,27.0,"[26, 29, 26]",25.6,1.4142135623730951,2.0591260281974,"[1.2, 1.3, 1.4, 1.5, 1.4]",,,,
8.0,Ernest Udeh,6-11,266.0,Sr,32.0,66.0,136.5,11.0,8.9,73.1,68.3,13.2,26.0,3.1,11.1,5.9,2.1,3.4,3.0,70.6,43-84,0.512,87-119,0.731,0-0,0.0,https://kenpom.com/player.php?p=53674,36.0,25.0,36.0,37.0,27.0,35.0,Miami+FL,ACC,67.7,168.0,121.4,31.0,55.5,29.0,16.1,146.0,37.1,16.0,37.8,108.0,100.3,35.0,51.5,187.0,18.2,89.0,26.1,19.0,29.1,46.0,35.1,107.0,56.9,34.0,68.1,321.0,10.3,264.0,9.6,207.0,6.5,89.0,5.4,89.0,54.0,136.0,31.9,330.0,18.8,243.0,56.6,14.0,24.6,333.0,16.6,330.0,48.0,227.0,35.4,48.0,ACC,35.4,275.0,50.3,116.0,70.3,63.0,9.9,143.0,11.3,43.0,6.9,228.0,6.5,56.0,54.9,250.0,41.1,243.0,100.3,35.0,Purdue,"L, 80-73",B10,64.5,325.0,132.1,1.0,58.1,10.0,13.6,17.0,36.8,19.0,28.3,339.0,100.3,34.0,52.3,231.0,15.5,250.0,26.3,23.0,25.4,9.0,38.5,12.0,58.4,18.0,74.1,123.0,6.7,13.0,8.0,38.0,5.6,20.0,7.3,346.0,66.5,4.0,40.8,151.0,15.3,356.0,50.4,137.0,34.3,106.0,14.9,357.0,47.9,230.0,37.2,22.0,B10,34.0,184.0,53.3,244.0,72.1,160.0,9.1,191.0,8.4,260.0,7.1,201.0,7.0,10.0,57.8,312.0,44.7,331.0,100.3,34.0,3.1,2.1,3.1,3.1,2.3,3.0,32.333333333333336,"[36, 25, 36]",32.2,5.185449728701348,5.114684741017769,"[2.3, 3.1, 3.1, 2.1, 3.1]",,,,
5.0,Malik Reneau,6-9,238.0,Sr,34.0,71.9,117.8,30.2,28.8,57.6,62.2,10.1,16.9,13.8,18.0,3.3,1.9,3.4,6.0,48.3,160-204,0.784,204-350,0.583,26-72,0.361,https://kenpom.com/player.php?p=52577,36.0,32.0,31.0,25.0,33.0,23.0,Miami+FL,ACC,67.7,168.0,121.4,31.0,55.5,29.0,16.1,146.0,37.1,16.0,37.8,108.0,100.3,35.0,51.5,187.0,18.2,89.0,26.1,19.0,29.1,46.0,35.1,107.0,56.9,34.0,68.1,321.0,10.3,264.0,9.6,207.0,6.5,89.0,5.4,89.0,54.0,136.0,31.9,330.0,18.8,243.0,56.6,14.0,24.6,333.0,16.6,330.0,48.0,227.0,35.4,48.0,ACC,35.4,275.0,50.3,116.0,70.3,63.0,9.9,143.0,11.3,43.0,6.9,228.0,6.5,56.0,54.9,250.0,41.1,243.0,100.3,35.0,Purdue,"L, 80-73",B10,64.5,325.0,132.1,1.0,58.1,10.0,13.6,17.0,36.8,19.0,28.3,339.0,100.3,34.0,52.3,231.0,15.5,250.0,26.3,23.0,25.4,9.0,38.5,12.0,58.4,18.0,74.1,123.0,6.7,13.0,8.0,38.0,5.6,20.0,7.3,346.0,66.5,4.0,40.8,151.0,15.3,356.0,50.4,137.0,34.3,106.0,14.9,357.0,47.9,230.0,37.2,22.0,B10,34.0,184.0,53.3,244.0,72.1,160.0,9.1,191.0,8.4,260.0,7.1,201.0,7.0,10.0,57.8,312.0,44.7,331.0,100.3,34.0,3.1,2.7,2.6,2.1,2.8,2.0,33.0,"[31, 32, 36]",31.4,2.160246899469287,3.6110940170535577,"[2.8, 2.1, 2.6, 2.7, 3.1]",,,,
4.0,Marcus Allen,6-7,231.0,So,8.0,11.0,129.2,13.7,14.7,50.0,53.6,5.6,14.1,13.3,5.6,0.0,0.8,3.7,2.9,39.4,9-13,0.692,9-20,0.45,5-13,0.385,https://kenpom.com/player.php?p=57393,0.0,0.0,0.0,0.0,0.0,0.0,Miami+FL,ACC,67.7,168.0,121.4,31.0,55.5,29.0,16.1,146.0,37.1,16.0,37.8,108.0,100.3,35.0,51.5,187.0,18.2,89.0,26.1,19.0,29.1,46.0,35.1,107.0,56.9,34.0,68.1,321.0,10.3,264.0,9.6,207.0,6.5,89.0,5.4,89.0,54.0,136.0,31.9,330.0,18.8,243.0,56.6,14.0,24.6,333.0,16.6,330.0,48.0,227.0,35.4,48.0,ACC,35.4,275.0,50.3,116.0,70.3,63.0,9.9,143.0,11.3,43.0,6.9,228.0,6.5,56.0,54.9,250.0,41.1,243.0,100.3,35.0,Purdue,"L, 80-73",B10,64.5,325.0,132.1,1.0,58.1,10.0,13.6,17.0,36.8,19.0,28.3,339.0,100.3,34.0,52.3,231.0,15.5,250.0,26.3,23.0,25.4,9.0,38.5,12.0,58.4,18.0,74.1,123.0,6.7,13.0,8.0,38.0,5.6,20.0,7.3,346.0,66.5,4.0,40.8,151.0,15.3,356.0,50.4,137.0,34.3,106.0,14.9,357.0,47.9,230.0,37.2,22.0,B10,34.0,184.0,53.3,244.0,72.1,160.0,9.1,191.0,8.4,260.0,7.1,201.0,7.0,10.0,57.8,312.0,44.7,331.0,100.3,34.0,0.0,0.0,0.0,0.0,0.0,0.0,0.0,"[0, 0, 0]",0.0,0.0,0.0,"[0, 0, 0, 0, 0]",,,,
14.0,Noam Dovrat,6-5,213.0,Jr,27.0,18.8,133.2,16.1,19.1,63.7,66.0,0.5,6.0,17.7,15.4,0.0,2.3,2.7,1.8,12.3,9-9,0.999,6-15,0.4,27-58,0.466,https://kenpom.com/player.php?p=59549,4.0,13.0,7.0,15.0,14.0,12.0,Miami+FL,ACC,67.7,168.0,121.4,31.0,55.5,29.0,16.1,146.0,37.1,16.0,37.8,108.0,100.3,35.0,51.5,187.0,18.2,89.0,26.1,19.0,29.1,46.0,35.1,107.0,56.9,34.0,68.1,321.0,10.3,264.0,9.6,207.0,6.5,89.0,5.4,89.0,54.0,136.0,31.9,330.0,18.8,243.0,56.6,14.0,24.6,333.0,16.6,330.0,48.0,227.0,35.4,48.0,ACC,35.4,275.0,50.3,116.0,70.3,63.0,9.9,143.0,11.3,43.0,6.9,228.0,6.5,56.0,54.9,250.0,41.1,243.0,100.3,35.0,Purdue,"L, 80-73",B10,64.5,325.0,132.1,1.0,58.1,10.0,13.6,17.0,36.8,19.0,28.3,339.0,100.3,34.0,52.3,231.0,15.5,250.0,26.3,23.0,25.4,9.0,38.5,12.0,58.4,18.0,74.1,123.0,6.7,13.0,8.0,38.0,5.6,20.0,7.3,346.0,66.5,4.0,40.8,151.0,15.3,356.0,50.4,137.0,34.3,106.0,14.9,357.0,47.9,230.0,37.2,22.0,B10,34.0,184.0,53.3,244.0,72.1,160.0,9.1,191.0,8.4,260.0,7.1,201.0,7.0,10.0,57.8,312.0,44.7,331.0,100.3,34.0,0.3,0.9,0.5,1.0,0.9,0.8,8.0,"[7, 13, 4]",10.6,3.7416573867739413,4.31740662898458,"[0.9, 1, 0.5, 0.9, 0.3]",,,,
11.0,Salih Altuntas,6-10,274.0,Fr,32.0,18.4,106.8,11.6,9.4,65.7,61.0,9.6,19.7,2.4,23.9,6.2,1.6,8.6,2.3,45.7,6-16,0.375,23-35,0.657,0-0,0.0,https://kenpom.com/player.php?p=58421,0.0,7.0,0.0,3.0,3.0,6.0,Miami+FL,ACC,67.7,168.0,121.4,31.0,55.5,29.0,16.1,146.0,37.1,16.0,37.8,108.0,100.3,35.0,51.5,187.0,18.2,89.0,26.1,19.0,29.1,46.0,35.1,107.0,56.9,34.0,68.1,321.0,10.3,264.0,9.6,207.0,6.5,89.0,5.4,89.0,54.0,136.0,31.9,330.0,18.8,243.0,56.6,14.0,24.6,333.0,16.6,330.0,48.0,227.0,35.4,48.0,ACC,35.4,275.0,50.3,116.0,70.3,63.0,9.9,143.0,11.3,43.0,6.9,228.0,6.5,56.0,54.9,250.0,41.1,243.0,100.3,35.0,Purdue,"L, 80-73",B10,64.5,325.0,132.1,1.0,58.1,10.0,13.6,17.0,36.8,19.0,28.3,339.0,100.3,34.0,52.3,231.0,15.5,250.0,26.3,23.0,25.4,9.0,38.5,12.0,58.4,18.0,74.1,123.0,6.7,13.0,8.0,38.0,5.6,20.0,7.3,346.0,66.5,4.0,40.8,151.0,15.3,356.0,50.4,137.0,34.3,106.0,14.9,357.0,47.9,230.0,37.2,22.0,B10,34.0,184.0,53.3,244.0,72.1,160.0,9.1,191.0,8.4,260.0,7.1,201.0,7.0,10.0,57.8,312.0,44.7,331.0,100.3,34.0,0.0,1.5,0.0,0.6,0.6,1.3,2.3333333333333335,"[0, 7, 0]",2.6,3.2998316455372216,2.576819745345025,"[0.6, 0.6, 0, 1.5, 0]",,,,
7.0,Shelton Henderson,6-6,240.0,Fr,34.0,77.4,114.2,21.4,20.6,57.9,58.4,7.0,11.6,11.6,15.6,1.4,2.1,2.7,4.5,48.8,91-158,0.576,168-274,0.613,13-50,0.26,https://kenpom.com/player.php?p=58422,37.0,32.0,31.0,33.0,36.0,31.0,Miami+FL,ACC,67.7,168.0,121.4,31.0,55.5,29.0,16.1,146.0,37.1,16.0,37.8,108.0,100.3,35.0,51.5,187.0,18.2,89.0,26.1,19.0,29.1,46.0,35.1,107.0,56.9,34.0,68.1,321.0,10.3,264.0,9.6,207.0,6.5,89.0,5.4,89.0,54.0,136.0,31.9,330.0,18.8,243.0,56.6,14.0,24.6,333.0,16.6,330.0,48.0,227.0,35.4,48.0,ACC,35.4,275.0,50.3,116.0,70.3,63.0,9.9,143.0,11.3,43.0,6.9,228.0,6.5,56.0,54.9,250.0,41.1,243.0,100.3,35.0,Purdue,"L, 80-73",B10,64.5,325.0,132.1,1.0,58.1,10.0,13.6,17.0,36.8,19.0,28.3,339.0,100.3,34.0,52.3,231.0,15.5,250.0,26.3,23.0,25.4,9.0,38.5,12.0,58.4,18.0,74.1,123.0,6.7,13.0,8.0,38.0,5.6,20.0,7.3,346.0,66.5,4.0,40.8,151.0,15.3,356.0,50.4,137.0,34.3,106.0,14.9,357.0,47.9,230.0,37.2,22.0,B10,34.0,184.0,53.3,244.0,72.1,160.0,9.1,191.0,8.4,260.0,7.1,201.0,7.0,10.0,57.8,312.0,44.7,331.0,100.3,34.0,2.5,2.2,2.1,2.2,2.4,2.1,33.333333333333336,"[31, 32, 37]",33.8,2.6246692913372702,2.3151673805580453,"[2.4, 2.2, 2.1, 2.2, 2.5]",,,,
88.0,Timo Malovec,6-8,214.0,Fr,32.0,36.0,107.5,14.1,16.8,50.0,51.9,1.0,9.6,9.0,16.7,1.7,1.2,4.7,1.9,17.1,15-21,0.714,6-12,0.5,37-111,0.333,https://kenpom.com/player.php?p=58424,1.0,10.0,4.0,0.0,0.0,10.0,Miami+FL,ACC,67.7,168.0,121.4,31.0,55.5,29.0,16.1,146.0,37.1,16.0,37.8,108.0,100.3,35.0,51.5,187.0,18.2,89.0,26.1,19.0,29.1,46.0,35.1,107.0,56.9,34.0,68.1,321.0,10.3,264.0,9.6,207.0,6.5,89.0,5.4,89.0,54.0,136.0,31.9,330.0,18.8,243.0,56.6,14.0,24.6,333.0,16.6,330.0,48.0,227.0,35.4,48.0,ACC,35.4,275.0,50.3,116.0,70.3,63.0,9.9,143.0,11.3,43.0,6.9,228.0,6.5,56.0,54.9,250.0,41.1,243.0,100.3,35.0,Purdue,"L, 80-73",B10,64.5,325.0,132.1,1.0,58.1,10.0,13.6,17.0,36.8,19.0,28.3,339.0,100.3,34.0,52.3,231.0,15.5,250.0,26.3,23.0,25.4,9.0,38.5,12.0,58.4,18.0,74.1,123.0,6.7,13.0,8.0,38.0,5.6,20.0,7.3,346.0,66.5,4.0,40.8,151.0,15.3,356.0,50.4,137.0,34.3,106.0,14.9,357.0,47.9,230.0,37.2,22.0,B10,34.0,184.0,53.3,244.0,72.1,160.0,9.1,191.0,8.4,260.0,7.1,201.0,7.0,10.0,57.8,312.0,44.7,331.0,100.3,34.0,0.1,1.2,0.5,0.0,0.0,1.2,5.0,"[4, 10, 1]",3.0,3.7416573867739413,3.794733192202055,"[0, 0, 0.5, 1.2, 0.1]",,,,
3.0,Tre Donaldson,6-3,198.0,Sr,34.0,85.1,119.2,24.7,25.6,52.6,55.9,2.3,10.2,29.8,15.0,0.7,2.4,1.9,3.6,28.0,95-124,0.766,146-282,0.518,58-161,0.36,https://kenpom.com/player.php?p=52408,34.0,24.0,38.0,37.0,36.0,30.0,Miami+FL,ACC,67.7,168.0,121.4,31.0,55.5,29.0,16.1,146.0,37.1,16.0,37.8,108.0,100.3,35.0,51.5,187.0,18.2,89.0,26.1,19.0,29.1,46.0,35.1,107.0,56.9,34.0,68.1,321.0,10.3,264.0,9.6,207.0,6.5,89.0,5.4,89.0,54.0,136.0,31.9,330.0,18.8,243.0,56.6,14.0,24.6,333.0,16.6,330.0,48.0,227.0,35.4,48.0,ACC,35.4,275.0,50.3,116.0,70.3,63.0,9.9,143.0,11.3,43.0,6.9,228.0,6.5,56.0,54.9,250.0,41.1,243.0,100.3,35.0,Purdue,"L, 80-73",B10,64.5,325.0,132.1,1.0,58.1,10.0,13.6,17.0,36.8,19.0,28.3,339.0,100.3,34.0,52.3,231.0,15.5,250.0,26.3,23.0,25.4,9.0,38.5,12.0,58.4,18.0,74.1,123.0,6.7,13.0,8.0,38.0,5.6,20.0,7.3,346.0,66.5,4.0,40.8,151.0,15.3,356.0,50.4,137.0,34.3,106.0,14.9,357.0,47.9,230.0,37.2,22.0,B10,34.0,184.0,53.3,244.0,72.1,160.0,9.1,191.0,8.4,260.0,7.1,201.0,7.0,10.0,57.8,312.0,44.7,331.0,100.3,34.0,1.6,1.1,1.8,1.8,1.7,1.4,32.0,"[38, 24, 34]",33.8,5.887840577551898,5.075431016179809,"[1.7, 1.8, 1.8, 1.1, 1.6]",,,,
10.0,Tru Washington,6-4,204.0,Jr,30.0,60.4,112.7,21.2,23.3,50.9,54.4,5.7,11.4,10.5,14.2,0.0,3.9,2.5,3.6,31.4,67-90,0.744,92-187,0.492,36-100,0.36,https://kenpom.com/player.php?p=54634,23.0,28.0,27.0,26.0,28.0,26.0,Miami+FL,ACC,67.7,168.0,121.4,31.0,55.5,29.0,16.1,146.0,37.1,16.0,37.8,108.0,100.3,35.0,51.5,187.0,18.2,89.0,26.1,19.0,29.1,46.0,35.1,107.0,56.9,34.0,68.1,321.0,10.3,264.0,9.6,207.0,6.5,89.0,5.4,89.0,54.0,136.0,31.9,330.0,18.8,243.0,56.6,14.0,24.6,333.0,16.6,330.0,48.0,227.0,35.4,48.0,ACC,35.4,275.0,50.3,116.0,70.3,63.0,9.9,143.0,11.3,43.0,6.9,228.0,6.5,56.0,54.9,250.0,41.1,243.0,100.3,35.0,Purdue,"L, 80-73",B10,64.5,325.0,132.1,1.0,58.1,10.0,13.6,17.0,36.8,19.0,28.3,339.0,100.3,34.0,52.3,231.0,15.5,250.0,26.3,23.0,25.4,9.0,38.5,12.0,58.4,18.0,74.1,123.0,6.7,13.0,8.0,38.0,5.6,20.0,7.3,346.0,66.5,4.0,40.8,151.0,15.3,356.0,50.4,137.0,34.3,106.0,14.9,357.0,47.9,230.0,37.2,22.0,B10,34.0,184.0,53.3,244.0,72.1,160.0,9.1,191.0,8.4,260.0,7.1,201.0,7.0,10.0,57.8,312.0,44.7,331.0,100.3,34.0,1.4,1.8,1.7,1.6,1.8,1.6,26.0,"[27, 28, 23]",26.4,2.160246899469287,1.8547236990991407,"[1.8, 1.6, 1.7, 1.8, 1.4]",,,,
21.0,Alex Condon,6-11,236.0,Jr,33.0,73.9,117.3,23.5,20.2,56.7,59.3,8.3,17.5,19.2,19.0,4.7,1.2,3.6,5.3,56.6,121-185,0.654,172-274,0.628,9-53,0.17,https://kenpom.com/player.php?p=54391,25.0,31.0,36.0,28.0,27.0,31.0,Florida,SEC,70.5,29.0,125.9,9.0,54.1,64.0,16.3,156.0,43.5,2.0,38.7,85.0,91.8,6.0,45.9,8.0,15.2,270.0,24.6,7.0,33.8,145.0,31.2,315.0,58.4,17.0,71.1,233.0,7.2,19.0,9.0,121.0,7.3,195.0,4.9,29.0,54.2,134.0,37.0,231.0,20.2,158.0,54.3,44.0,25.5,320.0,21.2,101.0,50.8,105.0,28.0,293.0,SEC,32.2,73.0,44.6,5.0,73.1,226.0,12.6,34.0,9.1,199.0,6.1,319.0,6.5,58.0,44.3,18.0,33.8,30.0,91.8,6.0,Iowa,"W, 77-70",B10,62.9,361.0,122.5,29.0,56.3,20.0,15.2,81.0,30.6,177.0,35.3,170.0,99.5,31.0,52.6,243.0,20.6,15.0,28.1,69.0,38.6,275.0,35.3,99.0,58.7,16.0,77.0,33.0,8.3,83.0,8.0,37.0,7.2,185.0,5.2,65.0,57.4,64.0,42.1,133.0,19.5,203.0,48.6,192.0,31.9,168.0,21.1,104.0,49.0,184.0,29.9,242.0,B10,33.6,163.0,53.9,273.0,73.0,219.0,6.6,325.0,11.1,63.0,9.6,5.0,6.0,190.0,51.1,148.0,39.5,184.0,99.5,31.0,2.2,2.8,3.2,2.5,2.4,2.8,30.666666666666668,"[36, 31, 25]",29.4,4.496912521077347,3.8262252939417984,"[2.4, 2.5, 3.2, 2.8, 2.2]",,,,
4.0,Alex Lloyd,6-3,180.0,Fr,17.0,5.8,75.5,17.7,20.4,38.5,37.0,1.4,15.5,5.6,23.7,1.2,0.7,4.0,2.5,19.2,1-5,0.2,4-7,0.571,4-19,0.211,https://kenpom.com/player.php?p=58288,7.0,0.0,0.0,0.0,3.0,2.0,Florida,SEC,70.5,29.0,125.9,9.0,54.1,64.0,16.3,156.0,43.5,2.0,38.7,85.0,91.8,6.0,45.9,8.0,15.2,270.0,24.6,7.0,33.8,145.0,31.2,315.0,58.4,17.0,71.1,233.0,7.2,19.0,9.0,121.0,7.3,195.0,4.9,29.0,54.2,134.0,37.0,231.0,20.2,158.0,54.3,44.0,25.5,320.0,21.2,101.0,50.8,105.0,28.0,293.0,SEC,32.2,73.0,44.6,5.0,73.1,226.0,12.6,34.0,9.1,199.0,6.1,319.0,6.5,58.0,44.3,18.0,33.8,30.0,91.8,6.0,Iowa,"W, 77-70",B10,62.9,361.0,122.5,29.0,56.3,20.0,15.2,81.0,30.6,177.0,35.3,170.0,99.5,31.0,52.6,243.0,20.6,15.0,28.1,69.0,38.6,275.0,35.3,99.0,58.7,16.0,77.0,33.0,8.3,83.0,8.0,37.0,7.2,185.0,5.2,65.0,57.4,64.0,42.1,133.0,19.5,203.0,48.6,192.0,31.9,168.0,21.1,104.0,49.0,184.0,29.9,242.0,B10,33.6,163.0,53.9,273.0,73.0,219.0,6.6,325.0,11.1,63.0,9.6,5.0,6.0,190.0,51.1,148.0,39.5,184.0,99.5,31.0,0.7,0.0,0.0,0.0,0.3,0.2,2.3333333333333335,"[0, 0, 7]",2.0,3.2998316455372216,2.756809750418044,"[0.3, 0, 0, 0, 0.7]",,,,
0.0,Boogie Fland,6-3,185.0,So,34.0,74.7,117.0,18.8,19.7,49.2,53.1,2.8,5.8,18.0,15.1,0.4,3.3,2.8,3.6,34.4,81-111,0.73,114-201,0.567,30-122,0.246,https://kenpom.com/player.php?p=56216,25.0,34.0,35.0,33.0,29.0,21.0,Florida,SEC,70.5,29.0,125.9,9.0,54.1,64.0,16.3,156.0,43.5,2.0,38.7,85.0,91.8,6.0,45.9,8.0,15.2,270.0,24.6,7.0,33.8,145.0,31.2,315.0,58.4,17.0,71.1,233.0,7.2,19.0,9.0,121.0,7.3,195.0,4.9,29.0,54.2,134.0,37.0,231.0,20.2,158.0,54.3,44.0,25.5,320.0,21.2,101.0,50.8,105.0,28.0,293.0,SEC,32.2,73.0,44.6,5.0,73.1,226.0,12.6,34.0,9.1,199.0,6.1,319.0,6.5,58.0,44.3,18.0,33.8,30.0,91.8,6.0,Iowa,"W, 77-70",B10,62.9,361.0,122.5,29.0,56.3,20.0,15.2,81.0,30.6,177.0,35.3,170.0,99.5,31.0,52.6,243.0,20.6,15.0,28.1,69.0,38.6,275.0,35.3,99.0,58.7,16.0,77.0,33.0,8.3,83.0,8.0,37.0,7.2,185.0,5.2,65.0,57.4,64.0,42.1,133.0,19.5,203.0,48.6,192.0,31.9,168.0,21.1,104.0,49.0,184.0,29.9,242.0,B10,33.6,163.0,53.9,273.0,73.0,219.0,6.6,325.0,11.1,63.0,9.6,5.0,6.0,190.0,51.1,148.0,39.5,184.0,99.5,31.0,1.8,2.4,2.4,2.3,2.0,1.5,31.333333333333332,"[35, 34, 25]",31.2,4.4969125210773475,3.7094473981982814,"[2, 2.3, 2.4, 2.4, 1.8]",,,,
11.0,CJ Ingram,6-6,205.0,Fr,21.0,8.5,114.2,19.4,18.9,57.1,56.5,9.4,8.0,12.2,19.8,2.6,1.0,4.9,3.5,34.3,6-12,0.5,8-19,0.421,8-16,0.5,https://kenpom.com/player.php?p=58287,7.0,0.0,0.0,0.0,13.0,3.0,Florida,SEC,70.5,29.0,125.9,9.0,54.1,64.0,16.3,156.0,43.5,2.0,38.7,85.0,91.8,6.0,45.9,8.0,15.2,270.0,24.6,7.0,33.8,145.0,31.2,315.0,58.4,17.0,71.1,233.0,7.2,19.0,9.0,121.0,7.3,195.0,4.9,29.0,54.2,134.0,37.0,231.0,20.2,158.0,54.3,44.0,25.5,320.0,21.2,101.0,50.8,105.0,28.0,293.0,SEC,32.2,73.0,44.6,5.0,73.1,226.0,12.6,34.0,9.1,199.0,6.1,319.0,6.5,58.0,44.3,18.0,33.8,30.0,91.8,6.0,Iowa,"W, 77-70",B10,62.9,361.0,122.5,29.0,56.3,20.0,15.2,81.0,30.6,177.0,35.3,170.0,99.5,31.0,52.6,243.0,20.6,15.0,28.1,69.0,38.6,275.0,35.3,99.0,58.7,16.0,77.0,33.0,8.3,83.0,8.0,37.0,7.2,185.0,5.2,65.0,57.4,64.0,42.1,133.0,19.5,203.0,48.6,192.0,31.9,168.0,21.1,104.0,49.0,184.0,29.9,242.0,B10,33.6,163.0,53.9,273.0,73.0,219.0,6.6,325.0,11.1,63.0,9.6,5.0,6.0,190.0,51.1,148.0,39.5,184.0,99.5,31.0,0.9,0.0,0.0,0.0,1.6,0.4,2.3333333333333335,"[0, 0, 7]",4.0,3.2998316455372216,5.253570214625479,"[1.6, 0, 0, 0, 0.9]",,,,
20.0,Isaiah Brown,6-4,210.0,So,32.0,30.1,126.1,17.7,20.5,54.1,57.3,7.4,13.2,7.8,10.7,2.4,1.5,4.8,3.5,31.9,32-43,0.744,46-83,0.554,18-52,0.346,https://kenpom.com/player.php?p=56099,18.0,16.0,9.0,15.0,22.0,14.0,Florida,SEC,70.5,29.0,125.9,9.0,54.1,64.0,16.3,156.0,43.5,2.0,38.7,85.0,91.8,6.0,45.9,8.0,15.2,270.0,24.6,7.0,33.8,145.0,31.2,315.0,58.4,17.0,71.1,233.0,7.2,19.0,9.0,121.0,7.3,195.0,4.9,29.0,54.2,134.0,37.0,231.0,20.2,158.0,54.3,44.0,25.5,320.0,21.2,101.0,50.8,105.0,28.0,293.0,SEC,32.2,73.0,44.6,5.0,73.1,226.0,12.6,34.0,9.1,199.0,6.1,319.0,6.5,58.0,44.3,18.0,33.8,30.0,91.8,6.0,Iowa,"W, 77-70",B10,62.9,361.0,122.5,29.0,56.3,20.0,15.2,81.0,30.6,177.0,35.3,170.0,99.5,31.0,52.6,243.0,20.6,15.0,28.1,69.0,38.6,275.0,35.3,99.0,58.7,16.0,77.0,33.0,8.3,83.0,8.0,37.0,7.2,185.0,5.2,65.0,57.4,64.0,42.1,133.0,19.5,203.0,48.6,192.0,31.9,168.0,21.1,104.0,49.0,184.0,29.9,242.0,B10,33.6,163.0,53.9,273.0,73.0,219.0,6.6,325.0,11.1,63.0,9.6,5.0,6.0,190.0,51.1,148.0,39.5,184.0,99.5,31.0,2.2,1.9,1.1,1.8,2.6,1.7,14.333333333333334,"[9, 16, 18]",16.0,3.858612300930075,4.242640687119285,"[2.6, 1.8, 1.1, 1.9, 2.2]",,,,
3.0,Micah Handlogten,7-1,260.0,Sr,33.0,36.2,126.9,15.2,12.8,63.7,61.0,21.9,20.1,7.8,17.7,6.0,1.8,5.5,2.3,26.5,10-27,0.37,65-100,0.65,0-2,0.0,https://kenpom.com/player.php?p=53686,18.0,8.0,15.0,14.0,21.0,15.0,Florida,SEC,70.5,29.0,125.9,9.0,54.1,64.0,16.3,156.0,43.5,2.0,38.7,85.0,91.8,6.0,45.9,8.0,15.2,270.0,24.6,7.0,33.8,145.0,31.2,315.0,58.4,17.0,71.1,233.0,7.2,19.0,9.0,121.0,7.3,195.0,4.9,29.0,54.2,134.0,37.0,231.0,20.2,158.0,54.3,44.0,25.5,320.0,21.2,101.0,50.8,105.0,28.0,293.0,SEC,32.2,73.0,44.6,5.0,73.1,226.0,12.6,34.0,9.1,199.0,6.1,319.0,6.5,58.0,44.3,18.0,33.8,30.0,91.8,6.0,Iowa,"W, 77-70",B10,62.9,361.0,122.5,29.0,56.3,20.0,15.2,81.0,30.6,177.0,35.3,170.0,99.5,31.0,52.6,243.0,20.6,15.0,28.1,69.0,38.6,275.0,35.3,99.0,58.7,16.0,77.0,33.0,8.3,83.0,8.0,37.0,7.2,185.0,5.2,65.0,57.4,64.0,42.1,133.0,19.5,203.0,48.6,192.0,31.9,168.0,21.1,104.0,49.0,184.0,29.9,242.0,B10,33.6,163.0,53.9,273.0,73.0,219.0,6.6,325.0,11.1,63.0,9.6,5.0,6.0,190.0,51.1,148.0,39.5,184.0,99.5,31.0,2.5,1.1,2.1,1.9,2.9,2.1,13.666666666666666,"[15, 8, 18]",15.2,4.189935029992178,4.354308211415448,"[2.9, 1.9, 2.1, 1.1, 2.5]",,,,
9.0,Rueben Chinyelu,6-10,265.0,Jr,34.0,61.6,122.7,20.5,18.9,58.8,61.4,17.5,31.1,4.6,16.8,4.2,1.7,4.7,4.3,46.3,82-118,0.695,150-253,0.593,0-2,0.0,https://kenpom.com/player.php?p=54976,20.0,30.0,25.0,26.0,31.0,24.0,Florida,SEC,70.5,29.0,125.9,9.0,54.1,64.0,16.3,156.0,43.5,2.0,38.7,85.0,91.8,6.0,45.9,8.0,15.2,270.0,24.6,7.0,33.8,145.0,31.2,315.0,58.4,17.0,71.1,233.0,7.2,19.0,9.0,121.0,7.3,195.0,4.9,29.0,54.2,134.0,37.0,231.0,20.2,158.0,54.3,44.0,25.5,320.0,21.2,101.0,50.8,105.0,28.0,293.0,SEC,32.2,73.0,44.6,5.0,73.1,226.0,12.6,34.0,9.1,199.0,6.1,319.0,6.5,58.0,44.3,18.0,33.8,30.0,91.8,6.0,Iowa,"W, 77-70",B10,62.9,361.0,122.5,29.0,56.3,20.0,15.2,81.0,30.6,177.0,35.3,170.0,99.5,31.0,52.6,243.0,20.6,15.0,28.1,69.0,38.6,275.0,35.3,99.0,58.7,16.0,77.0,33.0,8.3,83.0,8.0,37.0,7.2,185.0,5.2,65.0,57.4,64.0,42.1,133.0,19.5,203.0,48.6,192.0,31.9,168.0,21.1,104.0,49.0,184.0,29.9,242.0,B10,33.6,163.0,53.9,273.0,73.0,219.0,6.6,325.0,11.1,63.0,9.6,5.0,6.0,190.0,51.1,148.0,39.5,184.0,99.5,31.0,2.4,3.5,2.9,3.1,3.6,2.8,25.0,"[25, 30, 20]",26.4,4.08248290463863,3.9293765408777,"[3.6, 3.1, 2.9, 3.5, 2.4]",,,,
10.0,Thomas Haugh,6-9,215.0,Jr,33.0,80.3,127.3,21.0,22.0,53.9,58.8,7.1,12.2,10.6,11.6,3.0,1.7,2.8,5.0,48.2,143-187,0.765,125-219,0.571,56-169,0.331,https://kenpom.com/player.php?p=54392,23.0,35.0,35.0,37.0,0.0,30.0,Florida,SEC,70.5,29.0,125.9,9.0,54.1,64.0,16.3,156.0,43.5,2.0,38.7,85.0,91.8,6.0,45.9,8.0,15.2,270.0,24.6,7.0,33.8,145.0,31.2,315.0,58.4,17.0,71.1,233.0,7.2,19.0,9.0,121.0,7.3,195.0,4.9,29.0,54.2,134.0,37.0,231.0,20.2,158.0,54.3,44.0,25.5,320.0,21.2,101.0,50.8,105.0,28.0,293.0,SEC,32.2,73.0,44.6,5.0,73.1,226.0,12.6,34.0,9.1,199.0,6.1,319.0,6.5,58.0,44.3,18.0,33.8,30.0,91.8,6.0,Iowa,"W, 77-70",B10,62.9,361.0,122.5,29.0,56.3,20.0,15.2,81.0,30.6,177.0,35.3,170.0,99.5,31.0,52.6,243.0,20.6,15.0,28.1,69.0,38.6,275.0,35.3,99.0,58.7,16.0,77.0,33.0,8.3,83.0,8.0,37.0,7.2,185.0,5.2,65.0,57.4,64.0,42.1,133.0,19.5,203.0,48.6,192.0,31.9,168.0,21.1,104.0,49.0,184.0,29.9,242.0,B10,33.6,163.0,53.9,273.0,73.0,219.0,6.6,325.0,11.1,63.0,9.6,5.0,6.0,190.0,51.1,148.0,39.5,184.0,99.5,31.0,1.6,2.4,2.4,2.6,0.0,2.1,31.0,"[35, 35, 23]",26.0,5.656854249492381,13.914021704740868,"[0, 2.6, 2.4, 2.4, 1.6]",,,,
7.0,Urban Klavzar,6-1,190.0,Jr,34.0,52.0,132.1,16.7,20.4,59.2,63.1,1.5,6.2,9.4,13.6,0.3,0.9,2.9,3.0,25.8,54-60,0.9,33-60,0.55,70-173,0.405,https://kenpom.com/player.php?p=57483,17.0,16.0,14.0,16.0,21.0,26.0,Florida,SEC,70.5,29.0,125.9,9.0,54.1,64.0,16.3,156.0,43.5,2.0,38.7,85.0,91.8,6.0,45.9,8.0,15.2,270.0,24.6,7.0,33.8,145.0,31.2,315.0,58.4,17.0,71.1,233.0,7.2,19.0,9.0,121.0,7.3,195.0,4.9,29.0,54.2,134.0,37.0,231.0,20.2,158.0,54.3,44.0,25.5,320.0,21.2,101.0,50.8,105.0,28.0,293.0,SEC,32.2,73.0,44.6,5.0,73.1,226.0,12.6,34.0,9.1,199.0,6.1,319.0,6.5,58.0,44.3,18.0,33.8,30.0,91.8,6.0,Iowa,"W, 77-70",B10,62.9,361.0,122.5,29.0,56.3,20.0,15.2,81.0,30.6,177.0,35.3,170.0,99.5,31.0,52.6,243.0,20.6,15.0,28.1,69.0,38.6,275.0,35.3,99.0,58.7,16.0,77.0,33.0,8.3,83.0,8.0,37.0,7.2,185.0,5.2,65.0,57.4,64.0,42.1,133.0,19.5,203.0,48.6,192.0,31.9,168.0,21.1,104.0,49.0,184.0,29.9,242.0,B10,33.6,163.0,53.9,273.0,73.0,219.0,6.6,325.0,11.1,63.0,9.6,5.0,6.0,190.0,51.1,148.0,39.5,184.0,99.5,31.0,1.2,1.2,1.0,1.2,1.5,1.9,15.666666666666666,"[14, 16, 17]",16.8,1.247219128924647,2.315167380558045,"[1.5, 1.2, 1, 1.2, 1.2]",,,,
1.0,Xaivian Lee,6-4,180.0,Sr,34.0,68.1,116.8,20.6,21.9,49.5,52.9,1.6,12.3,24.0,17.1,0.4,2.4,2.7,3.2,26.0,65-85,0.765,81-138,0.587,54-189,0.286,https://kenpom.com/player.php?p=53977,23.0,30.0,31.0,31.0,25.0,28.0,Florida,SEC,70.5,29.0,125.9,9.0,54.1,64.0,16.3,156.0,43.5,2.0,38.7,85.0,91.8,6.0,45.9,8.0,15.2,270.0,24.6,7.0,33.8,145.0,31.2,315.0,58.4,17.0,71.1,233.0,7.2,19.0,9.0,121.0,7.3,195.0,4.9,29.0,54.2,134.0,37.0,231.0,20.2,158.0,54.3,44.0,25.5,320.0,21.2,101.0,50.8,105.0,28.0,293.0,SEC,32.2,73.0,44.6,5.0,73.1,226.0,12.6,34.0,9.1,199.0,6.1,319.0,6.5,58.0,44.3,18.0,33.8,30.0,91.8,6.0,Iowa,"W, 77-70",B10,62.9,361.0,122.5,29.0,56.3,20.0,15.2,81.0,30.6,177.0,35.3,170.0,99.5,31.0,52.6,243.0,20.6,15.0,28.1,69.0,38.6,275.0,35.3,99.0,58.7,16.0,77.0,33.0,8.3,83.0,8.0,37.0,7.2,185.0,5.2,65.0,57.4,64.0,42.1,133.0,19.5,203.0,48.6,192.0,31.9,168.0,21.1,104.0,49.0,184.0,29.9,242.0,B10,33.6,163.0,53.9,273.0,73.0,219.0,6.6,325.0,11.1,63.0,9.6,5.0,6.0,190.0,51.1,148.0,39.5,184.0,99.5,31.0,1.6,2.0,2.1,2.1,1.7,1.9,28.0,"[31, 30, 23]",28.0,3.559026084010437,3.3466401061363023,"[1.7, 2.1, 2.1, 2, 1.6]",,,,
7.0,Alvaro Folgueiras,6-10,230.0,Jr,34.0,51.9,120.6,22.1,20.7,57.1,60.6,6.8,18.3,21.3,16.2,1.5,2.4,3.9,3.9,39.3,58-77,0.753,64-96,0.667,32-100,0.32,https://kenpom.com/player.php?p=54747,20.0,23.0,18.0,30.0,22.0,17.0,Iowa,B10,62.9,361.0,122.5,29.0,56.3,20.0,15.2,81.0,30.6,177.0,35.3,170.0,99.5,31.0,52.6,243.0,20.6,15.0,28.1,69.0,38.6,275.0,35.3,99.0,58.7,16.0,77.0,33.0,8.3,83.0,8.0,37.0,7.2,185.0,5.2,65.0,57.4,64.0,42.1,133.0,19.5,203.0,48.6,192.0,31.9,168.0,21.1,104.0,49.0,184.0,29.9,242.0,B10,33.6,163.0,53.9,273.0,73.0,219.0,6.6,325.0,11.1,63.0,9.6,5.0,6.0,190.0,51.1,148.0,39.5,184.0,99.5,31.0,Florida,"L, 77-70",SEC,70.5,29.0,125.9,9.0,54.1,64.0,16.3,156.0,43.5,2.0,38.7,85.0,91.8,6.0,45.9,8.0,15.2,270.0,24.6,7.0,33.8,145.0,31.2,315.0,58.4,17.0,71.1,233.0,7.2,19.0,9.0,121.0,7.3,195.0,4.9,29.0,54.2,134.0,37.0,231.0,20.2,158.0,54.3,44.0,25.5,320.0,21.2,101.0,50.8,105.0,28.0,293.0,SEC,32.2,73.0,44.6,5.0,73.1,226.0,12.6,34.0,9.1,199.0,6.1,319.0,6.5,58.0,44.3,18.0,33.8,30.0,91.8,6.0,2.0,2.2,1.8,2.9,2.1,1.7,20.333333333333332,"[18, 23, 20]",22.6,2.0548046676563256,4.079215610874228,"[2.1, 2.9, 1.8, 2.2, 2]",,,,
14.0,Bennett Stirtz,6-4,190.0,Sr,34.0,93.5,123.7,26.0,28.0,57.2,61.4,1.1,8.5,25.1,12.6,0.9,2.5,2.2,4.3,32.2,130-154,0.844,146-250,0.584,85-228,0.373,https://kenpom.com/player.php?p=56549,40.0,39.0,39.0,45.0,40.0,40.0,Iowa,B10,62.9,361.0,122.5,29.0,56.3,20.0,15.2,81.0,30.6,177.0,35.3,170.0,99.5,31.0,52.6,243.0,20.6,15.0,28.1,69.0,38.6,275.0,35.3,99.0,58.7,16.0,77.0,33.0,8.3,83.0,8.0,37.0,7.2,185.0,5.2,65.0,57.4,64.0,42.1,133.0,19.5,203.0,48.6,192.0,31.9,168.0,21.1,104.0,49.0,184.0,29.9,242.0,B10,33.6,163.0,53.9,273.0,73.0,219.0,6.6,325.0,11.1,63.0,9.6,5.0,6.0,190.0,51.1,148.0,39.5,184.0,99.5,31.0,Florida,"L, 77-70",SEC,70.5,29.0,125.9,9.0,54.1,64.0,16.3,156.0,43.5,2.0,38.7,85.0,91.8,6.0,45.9,8.0,15.2,270.0,24.6,7.0,33.8,145.0,31.2,315.0,58.4,17.0,71.1,233.0,7.2,19.0,9.0,121.0,7.3,195.0,4.9,29.0,54.2,134.0,37.0,231.0,20.2,158.0,54.3,44.0,25.5,320.0,21.2,101.0,50.8,105.0,28.0,293.0,SEC,32.2,73.0,44.6,5.0,73.1,226.0,12.6,34.0,9.1,199.0,6.1,319.0,6.5,58.0,44.3,18.0,33.8,30.0,91.8,6.0,2.2,2.1,2.1,2.5,2.2,2.2,39.333333333333336,"[39, 39, 40]",40.6,0.4714045207910317,2.244994432064365,"[2.2, 2.5, 2.1, 2.1, 2.2]",,,,
15.0,Brendan Hausen,6-4,220.0,Sr,21.0,15.5,113.3,19.1,27.2,46.8,50.5,0.0,9.2,8.8,3.1,0.0,1.2,3.2,2.5,14.3,11-11,0.999,3-10,0.3,22-67,0.328,https://kenpom.com/player.php?p=53340,0.0,10.0,0.0,0.0,0.0,15.0,Iowa,B10,62.9,361.0,122.5,29.0,56.3,20.0,15.2,81.0,30.6,177.0,35.3,170.0,99.5,31.0,52.6,243.0,20.6,15.0,28.1,69.0,38.6,275.0,35.3,99.0,58.7,16.0,77.0,33.0,8.3,83.0,8.0,37.0,7.2,185.0,5.2,65.0,57.4,64.0,42.1,133.0,19.5,203.0,48.6,192.0,31.9,168.0,21.1,104.0,49.0,184.0,29.9,242.0,B10,33.6,163.0,53.9,273.0,73.0,219.0,6.6,325.0,11.1,63.0,9.6,5.0,6.0,190.0,51.1,148.0,39.5,184.0,99.5,31.0,Florida,"L, 77-70",SEC,70.5,29.0,125.9,9.0,54.1,64.0,16.3,156.0,43.5,2.0,38.7,85.0,91.8,6.0,45.9,8.0,15.2,270.0,24.6,7.0,33.8,145.0,31.2,315.0,58.4,17.0,71.1,233.0,7.2,19.0,9.0,121.0,7.3,195.0,4.9,29.0,54.2,134.0,37.0,231.0,20.2,158.0,54.3,44.0,25.5,320.0,21.2,101.0,50.8,105.0,28.0,293.0,SEC,32.2,73.0,44.6,5.0,73.1,226.0,12.6,34.0,9.1,199.0,6.1,319.0,6.5,58.0,44.3,18.0,33.8,30.0,91.8,6.0,0.0,0.8,0.0,0.0,0.0,1.2,3.3333333333333335,"[0, 10, 0]",2.0,4.714045207910316,4.0,"[0, 0, 0, 0.8, 0]",,,,
3.0,Cam Manyawu,6-9,250.0,Jr,34.0,47.4,125.7,18.9,17.4,64.0,63.5,13.1,20.9,10.4,13.4,4.0,2.8,5.0,3.8,48.0,42-72,0.583,96-150,0.64,0-0,0.0,https://kenpom.com/player.php?p=54984,23.0,22.0,26.0,15.0,28.0,24.0,Iowa,B10,62.9,361.0,122.5,29.0,56.3,20.0,15.2,81.0,30.6,177.0,35.3,170.0,99.5,31.0,52.6,243.0,20.6,15.0,28.1,69.0,38.6,275.0,35.3,99.0,58.7,16.0,77.0,33.0,8.3,83.0,8.0,37.0,7.2,185.0,5.2,65.0,57.4,64.0,42.1,133.0,19.5,203.0,48.6,192.0,31.9,168.0,21.1,104.0,49.0,184.0,29.9,242.0,B10,33.6,163.0,53.9,273.0,73.0,219.0,6.6,325.0,11.1,63.0,9.6,5.0,6.0,190.0,51.1,148.0,39.5,184.0,99.5,31.0,Florida,"L, 77-70",SEC,70.5,29.0,125.9,9.0,54.1,64.0,16.3,156.0,43.5,2.0,38.7,85.0,91.8,6.0,45.9,8.0,15.2,270.0,24.6,7.0,33.8,145.0,31.2,315.0,58.4,17.0,71.1,233.0,7.2,19.0,9.0,121.0,7.3,195.0,4.9,29.0,54.2,134.0,37.0,231.0,20.2,158.0,54.3,44.0,25.5,320.0,21.2,101.0,50.8,105.0,28.0,293.0,SEC,32.2,73.0,44.6,5.0,73.1,226.0,12.6,34.0,9.1,199.0,6.1,319.0,6.5,58.0,44.3,18.0,33.8,30.0,91.8,6.0,2.9,2.8,3.2,1.9,3.5,3.0,23.666666666666668,"[26, 22, 23]",22.8,1.699673171197595,4.445222154178573,"[3.5, 1.9, 3.2, 2.8, 2.9]",,,,
8.0,Cooper Koch,6-8,220.0,Fr,34.0,69.2,125.7,13.0,16.0,57.7,59.8,4.0,11.1,7.2,8.8,0.6,1.3,2.8,1.9,16.8,28-34,0.824,31-57,0.544,57-145,0.393,https://kenpom.com/player.php?p=56179,38.0,27.0,38.0,39.0,21.0,31.0,Iowa,B10,62.9,361.0,122.5,29.0,56.3,20.0,15.2,81.0,30.6,177.0,35.3,170.0,99.5,31.0,52.6,243.0,20.6,15.0,28.1,69.0,38.6,275.0,35.3,99.0,58.7,16.0,77.0,33.0,8.3,83.0,8.0,37.0,7.2,185.0,5.2,65.0,57.4,64.0,42.1,133.0,19.5,203.0,48.6,192.0,31.9,168.0,21.1,104.0,49.0,184.0,29.9,242.0,B10,33.6,163.0,53.9,273.0,73.0,219.0,6.6,325.0,11.1,63.0,9.6,5.0,6.0,190.0,51.1,148.0,39.5,184.0,99.5,31.0,Florida,"L, 77-70",SEC,70.5,29.0,125.9,9.0,54.1,64.0,16.3,156.0,43.5,2.0,38.7,85.0,91.8,6.0,45.9,8.0,15.2,270.0,24.6,7.0,33.8,145.0,31.2,315.0,58.4,17.0,71.1,233.0,7.2,19.0,9.0,121.0,7.3,195.0,4.9,29.0,54.2,134.0,37.0,231.0,20.2,158.0,54.3,44.0,25.5,320.0,21.2,101.0,50.8,105.0,28.0,293.0,SEC,32.2,73.0,44.6,5.0,73.1,226.0,12.6,34.0,9.1,199.0,6.1,319.0,6.5,58.0,44.3,18.0,33.8,30.0,91.8,6.0,2.7,1.9,2.7,2.7,1.5,2.2,34.333333333333336,"[38, 27, 38]",32.6,5.185449728701348,7.28285658241325,"[1.5, 2.7, 2.7, 1.9, 2.7]",,,,
23.0,Isaia Howard,6-5,215.0,So,34.0,46.2,110.9,17.0,18.4,50.3,52.7,6.5,14.8,11.7,14.2,2.1,3.7,4.4,2.4,20.0,23-31,0.742,54-96,0.562,16-59,0.271,https://kenpom.com/player.php?p=56551,10.0,18.0,17.0,19.0,21.0,15.0,Iowa,B10,62.9,361.0,122.5,29.0,56.3,20.0,15.2,81.0,30.6,177.0,35.3,170.0,99.5,31.0,52.6,243.0,20.6,15.0,28.1,69.0,38.6,275.0,35.3,99.0,58.7,16.0,77.0,33.0,8.3,83.0,8.0,37.0,7.2,185.0,5.2,65.0,57.4,64.0,42.1,133.0,19.5,203.0,48.6,192.0,31.9,168.0,21.1,104.0,49.0,184.0,29.9,242.0,B10,33.6,163.0,53.9,273.0,73.0,219.0,6.6,325.0,11.1,63.0,9.6,5.0,6.0,190.0,51.1,148.0,39.5,184.0,99.5,31.0,Florida,"L, 77-70",SEC,70.5,29.0,125.9,9.0,54.1,64.0,16.3,156.0,43.5,2.0,38.7,85.0,91.8,6.0,45.9,8.0,15.2,270.0,24.6,7.0,33.8,145.0,31.2,315.0,58.4,17.0,71.1,233.0,7.2,19.0,9.0,121.0,7.3,195.0,4.9,29.0,54.2,134.0,37.0,231.0,20.2,158.0,54.3,44.0,25.5,320.0,21.2,101.0,50.8,105.0,28.0,293.0,SEC,32.2,73.0,44.6,5.0,73.1,226.0,12.6,34.0,9.1,199.0,6.1,319.0,6.5,58.0,44.3,18.0,33.8,30.0,91.8,6.0,1.1,2.0,1.9,2.1,2.3,1.6,15.0,"[17, 18, 10]",17.0,3.559026084010437,3.7416573867739413,"[2.3, 2.1, 1.9, 2, 1.1]",,,,
11.0,Kael Combs,6-4,205.0,Jr,34.0,64.5,109.5,14.9,13.3,53.8,58.2,2.6,10.9,15.2,22.6,0.3,1.8,2.5,2.4,31.2,41-49,0.837,59-108,0.546,17-49,0.347,https://kenpom.com/player.php?p=54986,30.0,20.0,25.0,43.0,20.0,24.0,Iowa,B10,62.9,361.0,122.5,29.0,56.3,20.0,15.2,81.0,30.6,177.0,35.3,170.0,99.5,31.0,52.6,243.0,20.6,15.0,28.1,69.0,38.6,275.0,35.3,99.0,58.7,16.0,77.0,33.0,8.3,83.0,8.0,37.0,7.2,185.0,5.2,65.0,57.4,64.0,42.1,133.0,19.5,203.0,48.6,192.0,31.9,168.0,21.1,104.0,49.0,184.0,29.9,242.0,B10,33.6,163.0,53.9,273.0,73.0,219.0,6.6,325.0,11.1,63.0,9.6,5.0,6.0,190.0,51.1,148.0,39.5,184.0,99.5,31.0,Florida,"L, 77-70",SEC,70.5,29.0,125.9,9.0,54.1,64.0,16.3,156.0,43.5,2.0,38.7,85.0,91.8,6.0,45.9,8.0,15.2,270.0,24.6,7.0,33.8,145.0,31.2,315.0,58.4,17.0,71.1,233.0,7.2,19.0,9.0,121.0,7.3,195.0,4.9,29.0,54.2,134.0,37.0,231.0,20.2,158.0,54.3,44.0,25.5,320.0,21.2,101.0,50.8,105.0,28.0,293.0,SEC,32.2,73.0,44.6,5.0,73.1,226.0,12.6,34.0,9.1,199.0,6.1,319.0,6.5,58.0,44.3,18.0,33.8,30.0,91.8,6.0,1.9,1.2,1.6,2.7,1.2,1.5,25.0,"[25, 20, 30]",27.6,4.08248290463863,8.5463442476886,"[1.2, 2.7, 1.6, 1.2, 1.9]",,,,
24.0,Tate Sage,6-7,210.0,Fr,34.0,39.3,121.3,18.1,18.1,56.9,60.1,6.9,9.9,7.7,11.1,1.5,1.2,3.3,4.1,52.3,47-68,0.691,41-69,0.594,22-61,0.361,https://kenpom.com/player.php?p=57913,13.0,18.0,3.0,7.0,21.0,5.0,Iowa,B10,62.9,361.0,122.5,29.0,56.3,20.0,15.2,81.0,30.6,177.0,35.3,170.0,99.5,31.0,52.6,243.0,20.6,15.0,28.1,69.0,38.6,275.0,35.3,99.0,58.7,16.0,77.0,33.0,8.3,83.0,8.0,37.0,7.2,185.0,5.2,65.0,57.4,64.0,42.1,133.0,19.5,203.0,48.6,192.0,31.9,168.0,21.1,104.0,49.0,184.0,29.9,242.0,B10,33.6,163.0,53.9,273.0,73.0,219.0,6.6,325.0,11.1,63.0,9.6,5.0,6.0,190.0,51.1,148.0,39.5,184.0,99.5,31.0,Florida,"L, 77-70",SEC,70.5,29.0,125.9,9.0,54.1,64.0,16.3,156.0,43.5,2.0,38.7,85.0,91.8,6.0,45.9,8.0,15.2,270.0,24.6,7.0,33.8,145.0,31.2,315.0,58.4,17.0,71.1,233.0,7.2,19.0,9.0,121.0,7.3,195.0,4.9,29.0,54.2,134.0,37.0,231.0,20.2,158.0,54.3,44.0,25.5,320.0,21.2,101.0,50.8,105.0,28.0,293.0,SEC,32.2,73.0,44.6,5.0,73.1,226.0,12.6,34.0,9.1,199.0,6.1,319.0,6.5,58.0,44.3,18.0,33.8,30.0,91.8,6.0,1.1,1.5,0.2,0.6,1.7,0.4,11.333333333333334,"[3, 18, 13]",12.4,6.236095644623236,6.681317235396026,"[1.7, 0.6, 0.2, 1.5, 1.1]",,,,
6.0,Tavion Banks,6-7,215.0,Sr,34.0,58.0,118.2,22.9,21.2,56.9,62.7,8.4,19.4,9.8,16.8,1.4,2.6,5.0,4.8,52.7,96-118,0.814,102-186,0.548,17-38,0.447,https://kenpom.com/player.php?p=56548,25.0,19.0,34.0,26.0,27.0,29.0,Iowa,B10,62.9,361.0,122.5,29.0,56.3,20.0,15.2,81.0,30.6,177.0,35.3,170.0,99.5,31.0,52.6,243.0,20.6,15.0,28.1,69.0,38.6,275.0,35.3,99.0,58.7,16.0,77.0,33.0,8.3,83.0,8.0,37.0,7.2,185.0,5.2,65.0,57.4,64.0,42.1,133.0,19.5,203.0,48.6,192.0,31.9,168.0,21.1,104.0,49.0,184.0,29.9,242.0,B10,33.6,163.0,53.9,273.0,73.0,219.0,6.6,325.0,11.1,63.0,9.6,5.0,6.0,190.0,51.1,148.0,39.5,184.0,99.5,31.0,Florida,"L, 77-70",SEC,70.5,29.0,125.9,9.0,54.1,64.0,16.3,156.0,43.5,2.0,38.7,85.0,91.8,6.0,45.9,8.0,15.2,270.0,24.6,7.0,33.8,145.0,31.2,315.0,58.4,17.0,71.1,233.0,7.2,19.0,9.0,121.0,7.3,195.0,4.9,29.0,54.2,134.0,37.0,231.0,20.2,158.0,54.3,44.0,25.5,320.0,21.2,101.0,50.8,105.0,28.0,293.0,SEC,32.2,73.0,44.6,5.0,73.1,226.0,12.6,34.0,9.1,199.0,6.1,319.0,6.5,58.0,44.3,18.0,33.8,30.0,91.8,6.0,3.1,2.4,4.2,3.2,3.4,3.6,26.0,"[34, 19, 25]",26.2,6.164414002968976,4.791659420284375,"[3.4, 3.2, 4.2, 2.4, 3.1]",,,,
27.0,Trevin Jirak,6-11,250.0,Fr,16.0,10.0,101.3,28.2,20.4,52.7,58.2,2.0,14.3,26.9,26.4,1.0,0.9,5.6,6.2,73.0,19-27,0.704,15-20,0.75,3-17,0.176,https://kenpom.com/player.php?p=57914,0.0,5.0,0.0,0.0,0.0,0.0,Iowa,B10,62.9,361.0,122.5,29.0,56.3,20.0,15.2,81.0,30.6,177.0,35.3,170.0,99.5,31.0,52.6,243.0,20.6,15.0,28.1,69.0,38.6,275.0,35.3,99.0,58.7,16.0,77.0,33.0,8.3,83.0,8.0,37.0,7.2,185.0,5.2,65.0,57.4,64.0,42.1,133.0,19.5,203.0,48.6,192.0,31.9,168.0,21.1,104.0,49.0,184.0,29.9,242.0,B10,33.6,163.0,53.9,273.0,73.0,219.0,6.6,325.0,11.1,63.0,9.6,5.0,6.0,190.0,51.1,148.0,39.5,184.0,99.5,31.0,Florida,"L, 77-70",SEC,70.5,29.0,125.9,9.0,54.1,64.0,16.3,156.0,43.5,2.0,38.7,85.0,91.8,6.0,45.9,8.0,15.2,270.0,24.6,7.0,33.8,145.0,31.2,315.0,58.4,17.0,71.1,233.0,7.2,19.0,9.0,121.0,7.3,195.0,4.9,29.0,54.2,134.0,37.0,231.0,20.2,158.0,54.3,44.0,25.5,320.0,21.2,101.0,50.8,105.0,28.0,293.0,SEC,32.2,73.0,44.6,5.0,73.1,226.0,12.6,34.0,9.1,199.0,6.1,319.0,6.5,58.0,44.3,18.0,33.8,30.0,91.8,6.0,0.0,0.7,0.0,0.0,0.0,0.0,1.6666666666666667,"[0, 5, 0]",1.0,2.357022603955158,2.0,"[0, 0, 0, 0.7, 0]",,,,
23.0,Blake Buchanan,6-10,235.0,Jr,35.0,60.4,126.2,17.6,16.1,64.1,62.1,14.1,14.3,11.7,14.5,5.1,1.8,3.9,2.9,34.5,34-71,0.479,132-205,0.644,0-1,0.0,https://kenpom.com/player.php?p=54958,26.0,25.0,24.0,25.0,22.0,23.0,Iowa+St.,B12,66.9,208.0,124.2,17.0,56.6,15.0,15.0,63.0,35.8,32.0,34.1,203.0,91.4,5.0,49.4,82.0,22.3,4.0,28.2,72.0,27.9,33.0,38.9,7.0,55.5,49.0,67.6,332.0,9.9,234.0,9.8,229.0,5.2,9.0,5.5,105.0,58.6,48.0,38.6,199.0,16.9,315.0,50.1,149.0,33.0,135.0,16.8,324.0,49.0,181.0,34.2,75.0,B12,31.9,61.0,50.6,121.0,71.4,119.0,8.7,210.0,13.1,10.0,9.2,13.0,6.6,50.0,54.4,237.0,42.4,280.0,91.4,5.0,Kentucky,"W, 77-70",SEC,68.3,127.0,120.8,37.0,53.3,90.0,15.0,65.0,33.5,77.0,37.4,121.0,99.1,28.0,48.8,59.0,15.7,239.0,30.0,158.0,36.3,220.0,34.2,165.0,54.6,69.0,72.7,177.0,8.6,112.0,9.5,192.0,5.5,13.0,6.1,211.0,56.9,72.0,39.3,184.0,20.3,151.0,49.5,162.0,30.2,216.0,21.4,92.0,48.0,223.0,30.5,217.0,SEC,31.8,57.0,49.5,79.0,73.4,244.0,12.8,29.0,10.0,133.0,5.7,344.0,6.8,29.0,55.2,261.0,39.8,199.0,99.1,28.0,2.5,2.4,2.3,2.4,2.1,2.2,25.0,"[24, 25, 26]",24.4,0.816496580927726,1.3564659966250536,"[2.1, 2.4, 2.3, 2.4, 2.5]",,,,
13.0,Cade Kelderman,6-1,185.0,Jr,18.0,5.1,143.1,12.4,9.3,60.0,58.0,1.7,5.1,26.6,6.6,0.0,4.9,3.4,3.4,80.0,4-8,0.5,0-0,0.0,4-10,0.4,https://kenpom.com/player.php?p=54465,3.0,0.0,2.0,5.0,1.0,1.0,Iowa+St.,B12,66.9,208.0,124.2,17.0,56.6,15.0,15.0,63.0,35.8,32.0,34.1,203.0,91.4,5.0,49.4,82.0,22.3,4.0,28.2,72.0,27.9,33.0,38.9,7.0,55.5,49.0,67.6,332.0,9.9,234.0,9.8,229.0,5.2,9.0,5.5,105.0,58.6,48.0,38.6,199.0,16.9,315.0,50.1,149.0,33.0,135.0,16.8,324.0,49.0,181.0,34.2,75.0,B12,31.9,61.0,50.6,121.0,71.4,119.0,8.7,210.0,13.1,10.0,9.2,13.0,6.6,50.0,54.4,237.0,42.4,280.0,91.4,5.0,Kentucky,"W, 77-70",SEC,68.3,127.0,120.8,37.0,53.3,90.0,15.0,65.0,33.5,77.0,37.4,121.0,99.1,28.0,48.8,59.0,15.7,239.0,30.0,158.0,36.3,220.0,34.2,165.0,54.6,69.0,72.7,177.0,8.6,112.0,9.5,192.0,5.5,13.0,6.1,211.0,56.9,72.0,39.3,184.0,20.3,151.0,49.5,162.0,30.2,216.0,21.4,92.0,48.0,223.0,30.5,217.0,SEC,31.8,57.0,49.5,79.0,73.4,244.0,12.8,29.0,10.0,133.0,5.7,344.0,6.8,29.0,55.2,261.0,39.8,199.0,99.1,28.0,0.3,0.0,0.2,0.4,0.1,0.1,1.6666666666666667,"[2, 0, 3]",2.2,1.247219128924647,1.7204650534085253,"[0.1, 0.4, 0.2, 0, 0.3]",,,,
11.0,Dominick Nelson,6-5,190.0,Sr,22.0,13.8,94.1,25.1,21.2,45.2,50.5,2.5,11.3,6.1,18.1,2.6,2.7,2.9,7.1,82.3,31-51,0.608,28-55,0.509,0-7,0.0,https://kenpom.com/player.php?p=57071,19.0,0.0,2.0,2.0,2.0,1.0,Iowa+St.,B12,66.9,208.0,124.2,17.0,56.6,15.0,15.0,63.0,35.8,32.0,34.1,203.0,91.4,5.0,49.4,82.0,22.3,4.0,28.2,72.0,27.9,33.0,38.9,7.0,55.5,49.0,67.6,332.0,9.9,234.0,9.8,229.0,5.2,9.0,5.5,105.0,58.6,48.0,38.6,199.0,16.9,315.0,50.1,149.0,33.0,135.0,16.8,324.0,49.0,181.0,34.2,75.0,B12,31.9,61.0,50.6,121.0,71.4,119.0,8.7,210.0,13.1,10.0,9.2,13.0,6.6,50.0,54.4,237.0,42.4,280.0,91.4,5.0,Kentucky,"W, 77-70",SEC,68.3,127.0,120.8,37.0,53.3,90.0,15.0,65.0,33.5,77.0,37.4,121.0,99.1,28.0,48.8,59.0,15.7,239.0,30.0,158.0,36.3,220.0,34.2,165.0,54.6,69.0,72.7,177.0,8.6,112.0,9.5,192.0,5.5,13.0,6.1,211.0,56.9,72.0,39.3,184.0,20.3,151.0,49.5,162.0,30.2,216.0,21.4,92.0,48.0,223.0,30.5,217.0,SEC,31.8,57.0,49.5,79.0,73.4,244.0,12.8,29.0,10.0,133.0,5.7,344.0,6.8,29.0,55.2,261.0,39.8,199.0,99.1,28.0,1.4,0.0,0.1,0.1,0.1,0.1,7.0,"[2, 0, 19]",5.0,8.524474568362947,7.042726744663604,"[0.1, 0.1, 0.1, 0, 1.4]",,,,
21.0,Dominykas Pleta,6-11,240.0,Fr,33.0,26.8,122.1,19.2,14.8,71.4,70.2,13.6,10.6,8.2,21.9,2.7,1.9,6.1,4.1,60.7,32-51,0.627,60-84,0.714,0-0,0.0,https://kenpom.com/player.php?p=58269,12.0,15.0,14.0,15.0,15.0,11.0,Iowa+St.,B12,66.9,208.0,124.2,17.0,56.6,15.0,15.0,63.0,35.8,32.0,34.1,203.0,91.4,5.0,49.4,82.0,22.3,4.0,28.2,72.0,27.9,33.0,38.9,7.0,55.5,49.0,67.6,332.0,9.9,234.0,9.8,229.0,5.2,9.0,5.5,105.0,58.6,48.0,38.6,199.0,16.9,315.0,50.1,149.0,33.0,135.0,16.8,324.0,49.0,181.0,34.2,75.0,B12,31.9,61.0,50.6,121.0,71.4,119.0,8.7,210.0,13.1,10.0,9.2,13.0,6.6,50.0,54.4,237.0,42.4,280.0,91.4,5.0,Kentucky,"W, 77-70",SEC,68.3,127.0,120.8,37.0,53.3,90.0,15.0,65.0,33.5,77.0,37.4,121.0,99.1,28.0,48.8,59.0,15.7,239.0,30.0,158.0,36.3,220.0,34.2,165.0,54.6,69.0,72.7,177.0,8.6,112.0,9.5,192.0,5.5,13.0,6.1,211.0,56.9,72.0,39.3,184.0,20.3,151.0,49.5,162.0,30.2,216.0,21.4,92.0,48.0,223.0,30.5,217.0,SEC,31.8,57.0,49.5,79.0,73.4,244.0,12.8,29.0,10.0,133.0,5.7,344.0,6.8,29.0,55.2,261.0,39.8,199.0,99.1,28.0,1.8,2.3,2.1,2.3,2.3,1.7,13.666666666666666,"[14, 15, 12]",14.2,1.247219128924647,1.1661903789690602,"[2.3, 2.3, 2.1, 2.3, 1.8]",,,,
4.0,Eric Mulder,6-9,230.0,Sr,20.0,5.5,103.5,17.0,12.0,53.6,52.0,15.4,32.9,6.0,22.4,0.0,3.8,8.3,3.6,64.3,4-9,0.444,6-13,0.462,1-1,0.999,https://kenpom.com/player.php?p=52907,3.0,0.0,2.0,3.0,2.0,2.0,Iowa+St.,B12,66.9,208.0,124.2,17.0,56.6,15.0,15.0,63.0,35.8,32.0,34.1,203.0,91.4,5.0,49.4,82.0,22.3,4.0,28.2,72.0,27.9,33.0,38.9,7.0,55.5,49.0,67.6,332.0,9.9,234.0,9.8,229.0,5.2,9.0,5.5,105.0,58.6,48.0,38.6,199.0,16.9,315.0,50.1,149.0,33.0,135.0,16.8,324.0,49.0,181.0,34.2,75.0,B12,31.9,61.0,50.6,121.0,71.4,119.0,8.7,210.0,13.1,10.0,9.2,13.0,6.6,50.0,54.4,237.0,42.4,280.0,91.4,5.0,Kentucky,"W, 77-70",SEC,68.3,127.0,120.8,37.0,53.3,90.0,15.0,65.0,33.5,77.0,37.4,121.0,99.1,28.0,48.8,59.0,15.7,239.0,30.0,158.0,36.3,220.0,34.2,165.0,54.6,69.0,72.7,177.0,8.6,112.0,9.5,192.0,5.5,13.0,6.1,211.0,56.9,72.0,39.3,184.0,20.3,151.0,49.5,162.0,30.2,216.0,21.4,92.0,48.0,223.0,30.5,217.0,SEC,31.8,57.0,49.5,79.0,73.4,244.0,12.8,29.0,10.0,133.0,5.7,344.0,6.8,29.0,55.2,261.0,39.8,199.0,99.1,28.0,0.6,0.0,0.4,0.6,0.4,0.4,1.6666666666666667,"[2, 0, 3]",2.0,1.247219128924647,1.0954451150103321,"[0.4, 0.6, 0.4, 0, 0.6]",,,,
1.0,Jamarion Batemon,6-3,195.0,Fr,35.0,38.7,114.3,18.3,24.4,53.8,55.9,0.9,8.5,4.3,10.0,0.5,2.3,3.5,2.4,16.5,26-33,0.788,28-62,0.452,53-138,0.384,https://kenpom.com/player.php?p=58266,23.0,10.0,21.0,21.0,22.0,27.0,Iowa+St.,B12,66.9,208.0,124.2,17.0,56.6,15.0,15.0,63.0,35.8,32.0,34.1,203.0,91.4,5.0,49.4,82.0,22.3,4.0,28.2,72.0,27.9,33.0,38.9,7.0,55.5,49.0,67.6,332.0,9.9,234.0,9.8,229.0,5.2,9.0,5.5,105.0,58.6,48.0,38.6,199.0,16.9,315.0,50.1,149.0,33.0,135.0,16.8,324.0,49.0,181.0,34.2,75.0,B12,31.9,61.0,50.6,121.0,71.4,119.0,8.7,210.0,13.1,10.0,9.2,13.0,6.6,50.0,54.4,237.0,42.4,280.0,91.4,5.0,Kentucky,"W, 77-70",SEC,68.3,127.0,120.8,37.0,53.3,90.0,15.0,65.0,33.5,77.0,37.4,121.0,99.1,28.0,48.8,59.0,15.7,239.0,30.0,158.0,36.3,220.0,34.2,165.0,54.6,69.0,72.7,177.0,8.6,112.0,9.5,192.0,5.5,13.0,6.1,211.0,56.9,72.0,39.3,184.0,20.3,151.0,49.5,162.0,30.2,216.0,21.4,92.0,48.0,223.0,30.5,217.0,SEC,31.8,57.0,49.5,79.0,73.4,244.0,12.8,29.0,10.0,133.0,5.7,344.0,6.8,29.0,55.2,261.0,39.8,199.0,99.1,28.0,2.0,0.9,1.8,1.8,1.9,2.4,18.0,"[21, 10, 23]",19.4,5.715476066494082,4.758150901348127,"[1.9, 1.8, 1.8, 0.9, 2]",,,,
5.0,Joshua Jefferson,6-9,240.0,Sr,35.0,77.1,115.7,28.9,25.2,51.7,56.0,7.3,21.7,27.4,16.7,3.4,3.1,3.0,5.7,51.7,149-213,0.7,156-302,0.517,38-110,0.345,https://kenpom.com/player.php?p=53403,3.0,33.0,33.0,30.0,30.0,28.0,Iowa+St.,B12,66.9,208.0,124.2,17.0,56.6,15.0,15.0,63.0,35.8,32.0,34.1,203.0,91.4,5.0,49.4,82.0,22.3,4.0,28.2,72.0,27.9,33.0,38.9,7.0,55.5,49.0,67.6,332.0,9.9,234.0,9.8,229.0,5.2,9.0,5.5,105.0,58.6,48.0,38.6,199.0,16.9,315.0,50.1,149.0,33.0,135.0,16.8,324.0,49.0,181.0,34.2,75.0,B12,31.9,61.0,50.6,121.0,71.4,119.0,8.7,210.0,13.1,10.0,9.2,13.0,6.6,50.0,54.4,237.0,42.4,280.0,91.4,5.0,Kentucky,"W, 77-70",SEC,68.3,127.0,120.8,37.0,53.3,90.0,15.0,65.0,33.5,77.0,37.4,121.0,99.1,28.0,48.8,59.0,15.7,239.0,30.0,158.0,36.3,220.0,34.2,165.0,54.6,69.0,72.7,177.0,8.6,112.0,9.5,192.0,5.5,13.0,6.1,211.0,56.9,72.0,39.3,184.0,20.3,151.0,49.5,162.0,30.2,216.0,21.4,92.0,48.0,223.0,30.5,217.0,SEC,31.8,57.0,49.5,79.0,73.4,244.0,12.8,29.0,10.0,133.0,5.7,344.0,6.8,29.0,55.2,261.0,39.8,199.0,99.1,28.0,0.2,2.5,2.5,2.2,2.2,2.1,23.0,"[33, 33, 3]",25.8,14.142135623730951,11.478675881825396,"[2.2, 2.2, 2.5, 2.5, 0.2]",,,,
27.0,Killyan Toure,6-3,205.0,Fr,35.0,62.3,108.0,19.6,18.3,51.0,54.1,6.3,10.2,14.9,20.5,1.0,3.3,3.8,2.9,29.8,52-72,0.722,86-163,0.528,25-79,0.316,https://kenpom.com/player.php?p=58270,30.0,27.0,22.0,21.0,16.0,18.0,Iowa+St.,B12,66.9,208.0,124.2,17.0,56.6,15.0,15.0,63.0,35.8,32.0,34.1,203.0,91.4,5.0,49.4,82.0,22.3,4.0,28.2,72.0,27.9,33.0,38.9,7.0,55.5,49.0,67.6,332.0,9.9,234.0,9.8,229.0,5.2,9.0,5.5,105.0,58.6,48.0,38.6,199.0,16.9,315.0,50.1,149.0,33.0,135.0,16.8,324.0,49.0,181.0,34.2,75.0,B12,31.9,61.0,50.6,121.0,71.4,119.0,8.7,210.0,13.1,10.0,9.2,13.0,6.6,50.0,54.4,237.0,42.4,280.0,91.4,5.0,Kentucky,"W, 77-70",SEC,68.3,127.0,120.8,37.0,53.3,90.0,15.0,65.0,33.5,77.0,37.4,121.0,99.1,28.0,48.8,59.0,15.7,239.0,30.0,158.0,36.3,220.0,34.2,165.0,54.6,69.0,72.7,177.0,8.6,112.0,9.5,192.0,5.5,13.0,6.1,211.0,56.9,72.0,39.3,184.0,20.3,151.0,49.5,162.0,30.2,216.0,21.4,92.0,48.0,223.0,30.5,217.0,SEC,31.8,57.0,49.5,79.0,73.4,244.0,12.8,29.0,10.0,133.0,5.7,344.0,6.8,29.0,55.2,261.0,39.8,199.0,99.1,28.0,2.8,2.6,2.1,2.0,1.5,1.7,26.333333333333332,"[22, 27, 30]",23.2,3.299831645537222,4.874423042781576,"[1.5, 2, 2.1, 2.6, 2.8]",,,,
22.0,Milan Momcilovic,6-8,225.0,Jr,35.0,75.7,139.0,18.2,24.3,68.0,70.1,0.8,11.7,5.8,8.5,1.1,1.5,2.1,2.7,19.7,68-77,0.883,70-127,0.551,130-263,0.494,https://kenpom.com/player.php?p=54466,35.0,36.0,31.0,31.0,36.0,33.0,Iowa+St.,B12,66.9,208.0,124.2,17.0,56.6,15.0,15.0,63.0,35.8,32.0,34.1,203.0,91.4,5.0,49.4,82.0,22.3,4.0,28.2,72.0,27.9,33.0,38.9,7.0,55.5,49.0,67.6,332.0,9.9,234.0,9.8,229.0,5.2,9.0,5.5,105.0,58.6,48.0,38.6,199.0,16.9,315.0,50.1,149.0,33.0,135.0,16.8,324.0,49.0,181.0,34.2,75.0,B12,31.9,61.0,50.6,121.0,71.4,119.0,8.7,210.0,13.1,10.0,9.2,13.0,6.6,50.0,54.4,237.0,42.4,280.0,91.4,5.0,Kentucky,"W, 77-70",SEC,68.3,127.0,120.8,37.0,53.3,90.0,15.0,65.0,33.5,77.0,37.4,121.0,99.1,28.0,48.8,59.0,15.7,239.0,30.0,158.0,36.3,220.0,34.2,165.0,54.6,69.0,72.7,177.0,8.6,112.0,9.5,192.0,5.5,13.0,6.1,211.0,56.9,72.0,39.3,184.0,20.3,151.0,49.5,162.0,30.2,216.0,21.4,92.0,48.0,223.0,30.5,217.0,SEC,31.8,57.0,49.5,79.0,73.4,244.0,12.8,29.0,10.0,133.0,5.7,344.0,6.8,29.0,55.2,261.0,39.8,199.0,99.1,28.0,1.8,1.9,1.6,1.6,1.9,1.7,34.0,"[31, 36, 35]",33.8,2.160246899469287,2.315167380558045,"[1.9, 1.6, 1.6, 1.9, 1.8]",,,,
0.0,Nate Heise,6-5,212.0,Sr,35.0,60.9,121.6,11.0,11.6,53.7,55.1,4.3,15.4,10.2,13.1,0.4,2.0,2.4,1.6,20.0,20-30,0.667,40-70,0.571,27-80,0.338,https://kenpom.com/player.php?p=49214,27.0,24.0,17.0,16.0,20.0,24.0,Iowa+St.,B12,66.9,208.0,124.2,17.0,56.6,15.0,15.0,63.0,35.8,32.0,34.1,203.0,91.4,5.0,49.4,82.0,22.3,4.0,28.2,72.0,27.9,33.0,38.9,7.0,55.5,49.0,67.6,332.0,9.9,234.0,9.8,229.0,5.2,9.0,5.5,105.0,58.6,48.0,38.6,199.0,16.9,315.0,50.1,149.0,33.0,135.0,16.8,324.0,49.0,181.0,34.2,75.0,B12,31.9,61.0,50.6,121.0,71.4,119.0,8.7,210.0,13.1,10.0,9.2,13.0,6.6,50.0,54.4,237.0,42.4,280.0,91.4,5.0,Kentucky,"W, 77-70",SEC,68.3,127.0,120.8,37.0,53.3,90.0,15.0,65.0,33.5,77.0,37.4,121.0,99.1,28.0,48.8,59.0,15.7,239.0,30.0,158.0,36.3,220.0,34.2,165.0,54.6,69.0,72.7,177.0,8.6,112.0,9.5,192.0,5.5,13.0,6.1,211.0,56.9,72.0,39.3,184.0,20.3,151.0,49.5,162.0,30.2,216.0,21.4,92.0,48.0,223.0,30.5,217.0,SEC,31.8,57.0,49.5,79.0,73.4,244.0,12.8,29.0,10.0,133.0,5.7,344.0,6.8,29.0,55.2,261.0,39.8,199.0,99.1,28.0,1.6,1.4,1.0,1.0,1.2,1.4,22.666666666666668,"[17, 24, 27]",20.8,4.189935029992178,4.166533331199932,"[1.2, 1, 1, 1.4, 1.6]",,,,
3.0,Tamin Lipsey,6-1,200.0,Sr,32.0,71.1,120.3,22.5,22.4,51.2,53.3,5.4,9.7,27.0,12.0,0.1,4.2,2.4,3.5,31.4,68-106,0.642,116-215,0.54,38-123,0.309,https://kenpom.com/player.php?p=52597,17.0,30.0,31.0,30.0,34.0,32.0,Iowa+St.,B12,66.9,208.0,124.2,17.0,56.6,15.0,15.0,63.0,35.8,32.0,34.1,203.0,91.4,5.0,49.4,82.0,22.3,4.0,28.2,72.0,27.9,33.0,38.9,7.0,55.5,49.0,67.6,332.0,9.9,234.0,9.8,229.0,5.2,9.0,5.5,105.0,58.6,48.0,38.6,199.0,16.9,315.0,50.1,149.0,33.0,135.0,16.8,324.0,49.0,181.0,34.2,75.0,B12,31.9,61.0,50.6,121.0,71.4,119.0,8.7,210.0,13.1,10.0,9.2,13.0,6.6,50.0,54.4,237.0,42.4,280.0,91.4,5.0,Kentucky,"W, 77-70",SEC,68.3,127.0,120.8,37.0,53.3,90.0,15.0,65.0,33.5,77.0,37.4,121.0,99.1,28.0,48.8,59.0,15.7,239.0,30.0,158.0,36.3,220.0,34.2,165.0,54.6,69.0,72.7,177.0,8.6,112.0,9.5,192.0,5.5,13.0,6.1,211.0,56.9,72.0,39.3,184.0,20.3,151.0,49.5,162.0,30.2,216.0,21.4,92.0,48.0,223.0,30.5,217.0,SEC,31.8,57.0,49.5,79.0,73.4,244.0,12.8,29.0,10.0,133.0,5.7,344.0,6.8,29.0,55.2,261.0,39.8,199.0,99.1,28.0,1.0,1.8,1.9,1.8,2.0,1.9,26.0,"[31, 30, 17]",28.4,6.377042156569663,5.885575587824865,"[2, 1.8, 1.9, 1.8, 1]",,,,
4.0,Andrija Jelavic,6-11,225.0,So,31.0,34.7,110.3,18.1,20.5,54.6,54.7,10.0,17.9,8.1,16.2,2.3,1.6,3.4,1.8,9.9,8-15,0.533,51-76,0.671,21-75,0.28,https://kenpom.com/player.php?p=57875,13.0,13.0,18.0,14.0,21.0,13.0,Kentucky,SEC,68.3,127.0,120.8,37.0,53.3,90.0,15.0,65.0,33.5,77.0,37.4,121.0,99.1,28.0,48.8,59.0,15.7,239.0,30.0,158.0,36.3,220.0,34.2,165.0,54.6,69.0,72.7,177.0,8.6,112.0,9.5,192.0,5.5,13.0,6.1,211.0,56.9,72.0,39.3,184.0,20.3,151.0,49.5,162.0,30.2,216.0,21.4,92.0,48.0,223.0,30.5,217.0,SEC,31.8,57.0,49.5,79.0,73.4,244.0,12.8,29.0,10.0,133.0,5.7,344.0,6.8,29.0,55.2,261.0,39.8,199.0,99.1,28.0,Iowa St.,"L, 77-70",B12,66.9,208.0,124.2,17.0,56.6,15.0,15.0,63.0,35.8,32.0,34.1,203.0,91.4,5.0,49.4,82.0,22.3,4.0,28.2,72.0,27.9,33.0,38.9,7.0,55.5,49.0,67.6,332.0,9.9,234.0,9.8,229.0,5.2,9.0,5.5,105.0,58.6,48.0,38.6,199.0,16.9,315.0,50.1,149.0,33.0,135.0,16.8,324.0,49.0,181.0,34.2,75.0,B12,31.9,61.0,50.6,121.0,71.4,119.0,8.7,210.0,13.1,10.0,9.2,13.0,6.6,50.0,54.4,237.0,42.4,280.0,91.4,5.0,1.1,1.1,1.5,1.2,1.8,1.1,14.666666666666666,"[18, 13, 13]",15.8,2.357022603955158,3.1874754901018454,"[1.8, 1.2, 1.5, 1.1, 1.1]",,,,
10.0,Brandon Garrison,6-10,245.0,Jr,35.0,39.9,112.9,16.6,14.5,57.7,58.4,10.5,17.1,11.7,20.3,6.0,1.9,6.3,2.7,34.1,25-42,0.595,65-106,0.613,4-17,0.235,https://kenpom.com/player.php?p=54679,25.0,21.0,9.0,26.0,14.0,17.0,Kentucky,SEC,68.3,127.0,120.8,37.0,53.3,90.0,15.0,65.0,33.5,77.0,37.4,121.0,99.1,28.0,48.8,59.0,15.7,239.0,30.0,158.0,36.3,220.0,34.2,165.0,54.6,69.0,72.7,177.0,8.6,112.0,9.5,192.0,5.5,13.0,6.1,211.0,56.9,72.0,39.3,184.0,20.3,151.0,49.5,162.0,30.2,216.0,21.4,92.0,48.0,223.0,30.5,217.0,SEC,31.8,57.0,49.5,79.0,73.4,244.0,12.8,29.0,10.0,133.0,5.7,344.0,6.8,29.0,55.2,261.0,39.8,199.0,99.1,28.0,Iowa St.,"L, 77-70",B12,66.9,208.0,124.2,17.0,56.6,15.0,15.0,63.0,35.8,32.0,34.1,203.0,91.4,5.0,49.4,82.0,22.3,4.0,28.2,72.0,27.9,33.0,38.9,7.0,55.5,49.0,67.6,332.0,9.9,234.0,9.8,229.0,5.2,9.0,5.5,105.0,58.6,48.0,38.6,199.0,16.9,315.0,50.1,149.0,33.0,135.0,16.8,324.0,49.0,181.0,34.2,75.0,B12,31.9,61.0,50.6,121.0,71.4,119.0,8.7,210.0,13.1,10.0,9.2,13.0,6.6,50.0,54.4,237.0,42.4,280.0,91.4,5.0,3.9,3.3,1.4,4.1,2.2,2.7,18.333333333333332,"[9, 21, 25]",19.0,6.79869268479038,6.54217089351845,"[2.2, 4.1, 1.4, 3.3, 3.9]",,,,
5.0,Collin Chandler,6-5,205.0,So,35.0,67.0,121.8,16.0,17.9,57.5,60.5,1.6,9.9,14.5,14.1,1.1,2.5,3.2,2.4,23.5,50-60,0.833,40-82,0.488,71-173,0.41,https://kenpom.com/player.php?p=56073,42.0,28.0,33.0,30.0,35.0,33.0,Kentucky,SEC,68.3,127.0,120.8,37.0,53.3,90.0,15.0,65.0,33.5,77.0,37.4,121.0,99.1,28.0,48.8,59.0,15.7,239.0,30.0,158.0,36.3,220.0,34.2,165.0,54.6,69.0,72.7,177.0,8.6,112.0,9.5,192.0,5.5,13.0,6.1,211.0,56.9,72.0,39.3,184.0,20.3,151.0,49.5,162.0,30.2,216.0,21.4,92.0,48.0,223.0,30.5,217.0,SEC,31.8,57.0,49.5,79.0,73.4,244.0,12.8,29.0,10.0,133.0,5.7,344.0,6.8,29.0,55.2,261.0,39.8,199.0,99.1,28.0,Iowa St.,"L, 77-70",B12,66.9,208.0,124.2,17.0,56.6,15.0,15.0,63.0,35.8,32.0,34.1,203.0,91.4,5.0,49.4,82.0,22.3,4.0,28.2,72.0,27.9,33.0,38.9,7.0,55.5,49.0,67.6,332.0,9.9,234.0,9.8,229.0,5.2,9.0,5.5,105.0,58.6,48.0,38.6,199.0,16.9,315.0,50.1,149.0,33.0,135.0,16.8,324.0,49.0,181.0,34.2,75.0,B12,31.9,61.0,50.6,121.0,71.4,119.0,8.7,210.0,13.1,10.0,9.2,13.0,6.6,50.0,54.4,237.0,42.4,280.0,91.4,5.0,3.4,2.2,2.6,2.4,2.8,2.6,34.333333333333336,"[33, 28, 42]",33.6,5.792715732327589,4.841487374764082,"[2.8, 2.4, 2.6, 2.2, 3.4]",,,,
1.0,Denzel Aberdeen,6-5,195.0,Sr,35.0,75.7,119.6,20.8,22.4,51.4,55.8,2.5,6.7,20.6,11.2,0.3,1.3,2.5,3.6,33.1,95-119,0.798,98-198,0.495,58-162,0.358,https://kenpom.com/player.php?p=52525,38.0,35.0,34.0,37.0,36.0,30.0,Kentucky,SEC,68.3,127.0,120.8,37.0,53.3,90.0,15.0,65.0,33.5,77.0,37.4,121.0,99.1,28.0,48.8,59.0,15.7,239.0,30.0,158.0,36.3,220.0,34.2,165.0,54.6,69.0,72.7,177.0,8.6,112.0,9.5,192.0,5.5,13.0,6.1,211.0,56.9,72.0,39.3,184.0,20.3,151.0,49.5,162.0,30.2,216.0,21.4,92.0,48.0,223.0,30.5,217.0,SEC,31.8,57.0,49.5,79.0,73.4,244.0,12.8,29.0,10.0,133.0,5.7,344.0,6.8,29.0,55.2,261.0,39.8,199.0,99.1,28.0,Iowa St.,"L, 77-70",B12,66.9,208.0,124.2,17.0,56.6,15.0,15.0,63.0,35.8,32.0,34.1,203.0,91.4,5.0,49.4,82.0,22.3,4.0,28.2,72.0,27.9,33.0,38.9,7.0,55.5,49.0,67.6,332.0,9.9,234.0,9.8,229.0,5.2,9.0,5.5,105.0,58.6,48.0,38.6,199.0,16.9,315.0,50.1,149.0,33.0,135.0,16.8,324.0,49.0,181.0,34.2,75.0,B12,31.9,61.0,50.6,121.0,71.4,119.0,8.7,210.0,13.1,10.0,9.2,13.0,6.6,50.0,54.4,237.0,42.4,280.0,91.4,5.0,2.4,2.2,2.1,2.3,2.2,1.9,35.666666666666664,"[34, 35, 38]",36.0,1.699673171197595,1.4142135623730951,"[2.2, 2.3, 2.1, 2.2, 2.4]",,,,
15.0,Jaland Lowe,6-3,170.0,Jr,9.0,11.9,102.2,25.2,26.6,39.5,45.1,2.0,10.5,23.6,10.9,1.3,2.1,2.9,4.8,40.3,19-27,0.704,19-43,0.442,5-24,0.208,https://kenpom.com/player.php?p=54709,0.0,0.0,0.0,0.0,0.0,0.0,Kentucky,SEC,68.3,127.0,120.8,37.0,53.3,90.0,15.0,65.0,33.5,77.0,37.4,121.0,99.1,28.0,48.8,59.0,15.7,239.0,30.0,158.0,36.3,220.0,34.2,165.0,54.6,69.0,72.7,177.0,8.6,112.0,9.5,192.0,5.5,13.0,6.1,211.0,56.9,72.0,39.3,184.0,20.3,151.0,49.5,162.0,30.2,216.0,21.4,92.0,48.0,223.0,30.5,217.0,SEC,31.8,57.0,49.5,79.0,73.4,244.0,12.8,29.0,10.0,133.0,5.7,344.0,6.8,29.0,55.2,261.0,39.8,199.0,99.1,28.0,Iowa St.,"L, 77-70",B12,66.9,208.0,124.2,17.0,56.6,15.0,15.0,63.0,35.8,32.0,34.1,203.0,91.4,5.0,49.4,82.0,22.3,4.0,28.2,72.0,27.9,33.0,38.9,7.0,55.5,49.0,67.6,332.0,9.9,234.0,9.8,229.0,5.2,9.0,5.5,105.0,58.6,48.0,38.6,199.0,16.9,315.0,50.1,149.0,33.0,135.0,16.8,324.0,49.0,181.0,34.2,75.0,B12,31.9,61.0,50.6,121.0,71.4,119.0,8.7,210.0,13.1,10.0,9.2,13.0,6.6,50.0,54.4,237.0,42.4,280.0,91.4,5.0,0.0,0.0,0.0,0.0,0.0,0.0,0.0,"[0, 0, 0]",0.0,0.0,0.0,"[0, 0, 0, 0, 0]",,,,
2.0,Jasper Johnson,6-5,180.0,Fr,34.0,29.5,105.9,22.5,23.5,50.3,53.5,1.9,7.9,23.7,20.3,0.5,0.7,3.9,2.5,17.0,22-25,0.88,29-59,0.492,30-88,0.341,https://kenpom.com/player.php?p=58395,2.0,11.0,6.0,3.0,10.0,13.0,Kentucky,SEC,68.3,127.0,120.8,37.0,53.3,90.0,15.0,65.0,33.5,77.0,37.4,121.0,99.1,28.0,48.8,59.0,15.7,239.0,30.0,158.0,36.3,220.0,34.2,165.0,54.6,69.0,72.7,177.0,8.6,112.0,9.5,192.0,5.5,13.0,6.1,211.0,56.9,72.0,39.3,184.0,20.3,151.0,49.5,162.0,30.2,216.0,21.4,92.0,48.0,223.0,30.5,217.0,SEC,31.8,57.0,49.5,79.0,73.4,244.0,12.8,29.0,10.0,133.0,5.7,344.0,6.8,29.0,55.2,261.0,39.8,199.0,99.1,28.0,Iowa St.,"L, 77-70",B12,66.9,208.0,124.2,17.0,56.6,15.0,15.0,63.0,35.8,32.0,34.1,203.0,91.4,5.0,49.4,82.0,22.3,4.0,28.2,72.0,27.9,33.0,38.9,7.0,55.5,49.0,67.6,332.0,9.9,234.0,9.8,229.0,5.2,9.0,5.5,105.0,58.6,48.0,38.6,199.0,16.9,315.0,50.1,149.0,33.0,135.0,16.8,324.0,49.0,181.0,34.2,75.0,B12,31.9,61.0,50.6,121.0,71.4,119.0,8.7,210.0,13.1,10.0,9.2,13.0,6.6,50.0,54.4,237.0,42.4,280.0,91.4,5.0,0.2,1.1,0.6,0.3,1.0,1.3,6.333333333333333,"[6, 11, 2]",6.4,3.6817870057290873,3.6110940170535577,"[1, 0.3, 0.6, 1.1, 0.2]",,,,
21.0,Jayden Quaintance,6-10,255.0,So,4.0,4.8,88.3,20.7,13.6,57.1,49.6,13.4,19.3,5.0,24.5,4.9,1.7,2.9,5.4,92.9,4-13,0.308,8-14,0.571,0-0,0.0,https://kenpom.com/player.php?p=56210,0.0,0.0,0.0,0.0,0.0,0.0,Kentucky,SEC,68.3,127.0,120.8,37.0,53.3,90.0,15.0,65.0,33.5,77.0,37.4,121.0,99.1,28.0,48.8,59.0,15.7,239.0,30.0,158.0,36.3,220.0,34.2,165.0,54.6,69.0,72.7,177.0,8.6,112.0,9.5,192.0,5.5,13.0,6.1,211.0,56.9,72.0,39.3,184.0,20.3,151.0,49.5,162.0,30.2,216.0,21.4,92.0,48.0,223.0,30.5,217.0,SEC,31.8,57.0,49.5,79.0,73.4,244.0,12.8,29.0,10.0,133.0,5.7,344.0,6.8,29.0,55.2,261.0,39.8,199.0,99.1,28.0,Iowa St.,"L, 77-70",B12,66.9,208.0,124.2,17.0,56.6,15.0,15.0,63.0,35.8,32.0,34.1,203.0,91.4,5.0,49.4,82.0,22.3,4.0,28.2,72.0,27.9,33.0,38.9,7.0,55.5,49.0,67.6,332.0,9.9,234.0,9.8,229.0,5.2,9.0,5.5,105.0,58.6,48.0,38.6,199.0,16.9,315.0,50.1,149.0,33.0,135.0,16.8,324.0,49.0,181.0,34.2,75.0,B12,31.9,61.0,50.6,121.0,71.4,119.0,8.7,210.0,13.1,10.0,9.2,13.0,6.6,50.0,54.4,237.0,42.4,280.0,91.4,5.0,0.0,0.0,0.0,0.0,0.0,0.0,0.0,"[0, 0, 0]",0.0,0.0,0.0,"[0, 0, 0, 0, 0]",,,,
3.0,Kam Williams,6-8,205.0,So,23.0,30.1,124.8,14.1,16.4,57.6,61.1,4.3,8.8,8.4,12.5,1.9,1.9,4.0,2.0,19.1,19-20,0.95,20-29,0.69,27-76,0.355,https://kenpom.com/player.php?p=56386,10.0,7.0,13.0,17.0,0.0,0.0,Kentucky,SEC,68.3,127.0,120.8,37.0,53.3,90.0,15.0,65.0,33.5,77.0,37.4,121.0,99.1,28.0,48.8,59.0,15.7,239.0,30.0,158.0,36.3,220.0,34.2,165.0,54.6,69.0,72.7,177.0,8.6,112.0,9.5,192.0,5.5,13.0,6.1,211.0,56.9,72.0,39.3,184.0,20.3,151.0,49.5,162.0,30.2,216.0,21.4,92.0,48.0,223.0,30.5,217.0,SEC,31.8,57.0,49.5,79.0,73.4,244.0,12.8,29.0,10.0,133.0,5.7,344.0,6.8,29.0,55.2,261.0,39.8,199.0,99.1,28.0,Iowa St.,"L, 77-70",B12,66.9,208.0,124.2,17.0,56.6,15.0,15.0,63.0,35.8,32.0,34.1,203.0,91.4,5.0,49.4,82.0,22.3,4.0,28.2,72.0,27.9,33.0,38.9,7.0,55.5,49.0,67.6,332.0,9.9,234.0,9.8,229.0,5.2,9.0,5.5,105.0,58.6,48.0,38.6,199.0,16.9,315.0,50.1,149.0,33.0,135.0,16.8,324.0,49.0,181.0,34.2,75.0,B12,31.9,61.0,50.6,121.0,71.4,119.0,8.7,210.0,13.1,10.0,9.2,13.0,6.6,50.0,54.4,237.0,42.4,280.0,91.4,5.0,1.0,0.7,1.3,1.7,0.0,0.0,10.0,"[13, 7, 10]",9.4,2.449489742783178,5.748043145279966,"[0, 1.7, 1.3, 0.7, 1]",,,,
24.0,Malachi Moreno,7-0,250.0,Fr,35.0,56.6,121.8,18.3,13.7,58.2,62.2,12.3,18.7,13.2,17.7,7.4,1.4,3.8,4.4,72.7,84-120,0.7,96-162,0.593,0-3,0.0,https://kenpom.com/player.php?p=58397,20.0,21.0,32.0,12.0,28.0,22.0,Kentucky,SEC,68.3,127.0,120.8,37.0,53.3,90.0,15.0,65.0,33.5,77.0,37.4,121.0,99.1,28.0,48.8,59.0,15.7,239.0,30.0,158.0,36.3,220.0,34.2,165.0,54.6,69.0,72.7,177.0,8.6,112.0,9.5,192.0,5.5,13.0,6.1,211.0,56.9,72.0,39.3,184.0,20.3,151.0,49.5,162.0,30.2,216.0,21.4,92.0,48.0,223.0,30.5,217.0,SEC,31.8,57.0,49.5,79.0,73.4,244.0,12.8,29.0,10.0,133.0,5.7,344.0,6.8,29.0,55.2,261.0,39.8,199.0,99.1,28.0,Iowa St.,"L, 77-70",B12,66.9,208.0,124.2,17.0,56.6,15.0,15.0,63.0,35.8,32.0,34.1,203.0,91.4,5.0,49.4,82.0,22.3,4.0,28.2,72.0,27.9,33.0,38.9,7.0,55.5,49.0,67.6,332.0,9.9,234.0,9.8,229.0,5.2,9.0,5.5,105.0,58.6,48.0,38.6,199.0,16.9,315.0,50.1,149.0,33.0,135.0,16.8,324.0,49.0,181.0,34.2,75.0,B12,31.9,61.0,50.6,121.0,71.4,119.0,8.7,210.0,13.1,10.0,9.2,13.0,6.6,50.0,54.4,237.0,42.4,280.0,91.4,5.0,1.9,2.0,3.0,1.1,2.7,2.1,24.333333333333332,"[32, 21, 20]",22.6,5.436502143433363,6.916646586316233,"[2.7, 1.1, 3, 2, 1.9]",,,,
23.0,Mouhamed Dioubate,6-7,220.0,Jr,30.0,46.3,121.2,19.8,17.9,55.7,58.7,11.7,17.0,8.0,11.2,5.2,2.5,4.9,4.9,63.6,73-112,0.652,89-148,0.601,6-28,0.214,https://kenpom.com/player.php?p=55283,32.0,23.0,20.0,21.0,17.0,23.0,Kentucky,SEC,68.3,127.0,120.8,37.0,53.3,90.0,15.0,65.0,33.5,77.0,37.4,121.0,99.1,28.0,48.8,59.0,15.7,239.0,30.0,158.0,36.3,220.0,34.2,165.0,54.6,69.0,72.7,177.0,8.6,112.0,9.5,192.0,5.5,13.0,6.1,211.0,56.9,72.0,39.3,184.0,20.3,151.0,49.5,162.0,30.2,216.0,21.4,92.0,48.0,223.0,30.5,217.0,SEC,31.8,57.0,49.5,79.0,73.4,244.0,12.8,29.0,10.0,133.0,5.7,344.0,6.8,29.0,55.2,261.0,39.8,199.0,99.1,28.0,Iowa St.,"L, 77-70",B12,66.9,208.0,124.2,17.0,56.6,15.0,15.0,63.0,35.8,32.0,34.1,203.0,91.4,5.0,49.4,82.0,22.3,4.0,28.2,72.0,27.9,33.0,38.9,7.0,55.5,49.0,67.6,332.0,9.9,234.0,9.8,229.0,5.2,9.0,5.5,105.0,58.6,48.0,38.6,199.0,16.9,315.0,50.1,149.0,33.0,135.0,16.8,324.0,49.0,181.0,34.2,75.0,B12,31.9,61.0,50.6,121.0,71.4,119.0,8.7,210.0,13.1,10.0,9.2,13.0,6.6,50.0,54.4,237.0,42.4,280.0,91.4,5.0,3.9,2.8,2.4,2.6,2.1,2.8,25.0,"[20, 23, 32]",22.6,5.0990195135927845,5.083306010855534,"[2.1, 2.6, 2.4, 2.8, 3.9]",,,,
0.0,Otega Oweh,6-4,220.0,Sr,35.0,81.2,111.9,27.2,28.3,50.8,55.4,3.3,12.6,16.7,12.9,0.9,3.1,3.2,5.5,43.9,157-214,0.734,182-358,0.508,44-130,0.338,https://kenpom.com/player.php?p=52919,43.0,39.0,35.0,39.0,38.0,37.0,Kentucky,SEC,68.3,127.0,120.8,37.0,53.3,90.0,15.0,65.0,33.5,77.0,37.4,121.0,99.1,28.0,48.8,59.0,15.7,239.0,30.0,158.0,36.3,220.0,34.2,165.0,54.6,69.0,72.7,177.0,8.6,112.0,9.5,192.0,5.5,13.0,6.1,211.0,56.9,72.0,39.3,184.0,20.3,151.0,49.5,162.0,30.2,216.0,21.4,92.0,48.0,223.0,30.5,217.0,SEC,31.8,57.0,49.5,79.0,73.4,244.0,12.8,29.0,10.0,133.0,5.7,344.0,6.8,29.0,55.2,261.0,39.8,199.0,99.1,28.0,Iowa St.,"L, 77-70",B12,66.9,208.0,124.2,17.0,56.6,15.0,15.0,63.0,35.8,32.0,34.1,203.0,91.4,5.0,49.4,82.0,22.3,4.0,28.2,72.0,27.9,33.0,38.9,7.0,55.5,49.0,67.6,332.0,9.9,234.0,9.8,229.0,5.2,9.0,5.5,105.0,58.6,48.0,38.6,199.0,16.9,315.0,50.1,149.0,33.0,135.0,16.8,324.0,49.0,181.0,34.2,75.0,B12,31.9,61.0,50.6,121.0,71.4,119.0,8.7,210.0,13.1,10.0,9.2,13.0,6.6,50.0,54.4,237.0,42.4,280.0,91.4,5.0,3.4,3.1,2.8,3.1,3.0,3.0,39.0,"[35, 39, 43]",38.8,3.265986323710904,2.5612496949731396,"[3, 3.1, 2.8, 3.1, 3.4]",,,,
9.0,Trent Noah,6-5,220.0,So,27.0,20.4,117.4,13.5,14.4,49.2,54.9,4.4,19.5,7.3,11.9,1.2,2.4,3.6,2.7,37.1,19-23,0.826,5-11,0.455,17-51,0.333,https://kenpom.com/player.php?p=56074,0.0,3.0,0.0,0.0,1.0,12.0,Kentucky,SEC,68.3,127.0,120.8,37.0,53.3,90.0,15.0,65.0,33.5,77.0,37.4,121.0,99.1,28.0,48.8,59.0,15.7,239.0,30.0,158.0,36.3,220.0,34.2,165.0,54.6,69.0,72.7,177.0,8.6,112.0,9.5,192.0,5.5,13.0,6.1,211.0,56.9,72.0,39.3,184.0,20.3,151.0,49.5,162.0,30.2,216.0,21.4,92.0,48.0,223.0,30.5,217.0,SEC,31.8,57.0,49.5,79.0,73.4,244.0,12.8,29.0,10.0,133.0,5.7,344.0,6.8,29.0,55.2,261.0,39.8,199.0,99.1,28.0,Iowa St.,"L, 77-70",B12,66.9,208.0,124.2,17.0,56.6,15.0,15.0,63.0,35.8,32.0,34.1,203.0,91.4,5.0,49.4,82.0,22.3,4.0,28.2,72.0,27.9,33.0,38.9,7.0,55.5,49.0,67.6,332.0,9.9,234.0,9.8,229.0,5.2,9.0,5.5,105.0,58.6,48.0,38.6,199.0,16.9,315.0,50.1,149.0,33.0,135.0,16.8,324.0,49.0,181.0,34.2,75.0,B12,31.9,61.0,50.6,121.0,71.4,119.0,8.7,210.0,13.1,10.0,9.2,13.0,6.6,50.0,54.4,237.0,42.4,280.0,91.4,5.0,0.0,0.3,0.0,0.0,0.1,1.1,1.0,"[0, 3, 0]",0.8,1.4142135623730951,1.1661903789690602,"[0.1, 0, 0, 0.3, 0]",,,,
3.0,Anthony Dell'Orso,6-6,205.0,Sr,35.0,54.0,111.3,19.4,22.8,49.8,53.6,0.8,8.8,14.7,15.6,0.8,2.3,2.2,2.9,24.1,52-63,0.825,63-123,0.512,45-139,0.324,https://kenpom.com/player.php?p=52478,22.0,22.0,30.0,17.0,16.0,21.0,Arizona,B12,69.9,55.0,127.9,5.0,55.1,37.0,15.1,73.0,38.3,6.0,43.2,19.0,90.0,3.0,44.8,1.0,16.7,174.0,26.8,31.0,27.3,25.0,36.3,48.0,55.4,51.0,73.2,164.0,8.4,94.0,8.4,70.0,6.7,126.0,5.7,144.0,55.3,106.0,26.7,363.0,22.3,63.0,57.3,10.0,20.5,360.0,17.9,282.0,50.0,136.0,32.2,146.0,B12,31.4,44.0,43.5,2.0,71.3,114.0,11.2,79.0,10.8,87.0,5.9,331.0,7.0,11.0,49.2,91.0,37.3,109.0,90.0,3.0,Utah St.,"W, 84-72",MWC,67.8,157.0,122.8,28.0,56.6,14.0,15.3,89.0,33.2,87.0,39.5,67.0,101.4,43.0,49.8,90.0,20.4,17.0,32.0,259.0,38.3,268.0,34.6,141.0,59.8,9.0,71.0,240.0,9.6,206.0,8.2,51.0,7.1,171.0,5.1,46.0,60.0,30.0,40.5,156.0,19.8,177.0,50.3,139.0,29.8,223.0,21.9,76.0,44.8,320.0,33.3,103.0,MWC,34.4,214.0,48.5,50.0,72.8,208.0,8.5,228.0,12.4,18.0,7.9,80.0,6.5,68.0,49.8,109.0,41.1,242.0,101.4,43.0,1.2,1.2,1.6,0.9,0.9,1.2,24.666666666666668,"[30, 22, 22]",21.4,3.7712361663282534,4.963869458396342,"[0.9, 0.9, 1.6, 1.2, 1.2]",,,,
5.0,Brayden Burries,6-4,205.0,Fr,35.0,73.6,126.0,21.7,24.5,57.2,61.5,2.2,13.8,14.7,12.0,0.7,2.9,2.8,4.3,39.1,121-150,0.807,131-229,0.572,59-155,0.381,https://kenpom.com/player.php?p=59285,28.0,33.0,19.0,33.0,33.0,24.0,Arizona,B12,69.9,55.0,127.9,5.0,55.1,37.0,15.1,73.0,38.3,6.0,43.2,19.0,90.0,3.0,44.8,1.0,16.7,174.0,26.8,31.0,27.3,25.0,36.3,48.0,55.4,51.0,73.2,164.0,8.4,94.0,8.4,70.0,6.7,126.0,5.7,144.0,55.3,106.0,26.7,363.0,22.3,63.0,57.3,10.0,20.5,360.0,17.9,282.0,50.0,136.0,32.2,146.0,B12,31.4,44.0,43.5,2.0,71.3,114.0,11.2,79.0,10.8,87.0,5.9,331.0,7.0,11.0,49.2,91.0,37.3,109.0,90.0,3.0,Utah St.,"W, 84-72",MWC,67.8,157.0,122.8,28.0,56.6,14.0,15.3,89.0,33.2,87.0,39.5,67.0,101.4,43.0,49.8,90.0,20.4,17.0,32.0,259.0,38.3,268.0,34.6,141.0,59.8,9.0,71.0,240.0,9.6,206.0,8.2,51.0,7.1,171.0,5.1,46.0,60.0,30.0,40.5,156.0,19.8,177.0,50.3,139.0,29.8,223.0,21.9,76.0,44.8,320.0,33.3,103.0,MWC,34.4,214.0,48.5,50.0,72.8,208.0,8.5,228.0,12.4,18.0,7.9,80.0,6.5,68.0,49.8,109.0,41.1,242.0,101.4,43.0,2.0,2.3,1.3,2.3,2.3,1.7,26.666666666666668,"[19, 33, 28]",29.2,5.792715732327588,5.455272678794342,"[2.3, 2.3, 1.3, 2.3, 2]",,,,
2.0,Dwayne Aristode,6-8,215.0,Fr,31.0,31.7,127.5,12.2,13.9,62.8,61.8,5.6,8.1,8.5,13.4,0.7,2.0,2.5,1.9,21.3,10-20,0.5,17-31,0.548,28-63,0.444,https://kenpom.com/player.php?p=57945,15.0,7.0,8.0,11.0,12.0,16.0,Arizona,B12,69.9,55.0,127.9,5.0,55.1,37.0,15.1,73.0,38.3,6.0,43.2,19.0,90.0,3.0,44.8,1.0,16.7,174.0,26.8,31.0,27.3,25.0,36.3,48.0,55.4,51.0,73.2,164.0,8.4,94.0,8.4,70.0,6.7,126.0,5.7,144.0,55.3,106.0,26.7,363.0,22.3,63.0,57.3,10.0,20.5,360.0,17.9,282.0,50.0,136.0,32.2,146.0,B12,31.4,44.0,43.5,2.0,71.3,114.0,11.2,79.0,10.8,87.0,5.9,331.0,7.0,11.0,49.2,91.0,37.3,109.0,90.0,3.0,Utah St.,"W, 84-72",MWC,67.8,157.0,122.8,28.0,56.6,14.0,15.3,89.0,33.2,87.0,39.5,67.0,101.4,43.0,49.8,90.0,20.4,17.0,32.0,259.0,38.3,268.0,34.6,141.0,59.8,9.0,71.0,240.0,9.6,206.0,8.2,51.0,7.1,171.0,5.1,46.0,60.0,30.0,40.5,156.0,19.8,177.0,50.3,139.0,29.8,223.0,21.9,76.0,44.8,320.0,33.3,103.0,MWC,34.4,214.0,48.5,50.0,72.8,208.0,8.5,228.0,12.4,18.0,7.9,80.0,6.5,68.0,49.8,109.0,41.1,242.0,101.4,43.0,0.9,0.4,0.5,0.7,0.8,1.0,10.0,"[8, 7, 15]",10.6,3.559026084010437,2.870540018881465,"[0.8, 0.7, 0.5, 0.4, 0.9]",,,,
21.0,Evan Nelson,6-2,175.0,Sr,23.0,5.8,87.4,12.3,10.6,53.9,53.9,1.5,13.3,12.3,39.5,1.3,2.1,1.5,0.9,0.0,0-0,0.0,1-3,0.333,4-10,0.4,https://kenpom.com/player.php?p=49891,3.0,0.0,0.0,1.0,0.0,1.0,Arizona,B12,69.9,55.0,127.9,5.0,55.1,37.0,15.1,73.0,38.3,6.0,43.2,19.0,90.0,3.0,44.8,1.0,16.7,174.0,26.8,31.0,27.3,25.0,36.3,48.0,55.4,51.0,73.2,164.0,8.4,94.0,8.4,70.0,6.7,126.0,5.7,144.0,55.3,106.0,26.7,363.0,22.3,63.0,57.3,10.0,20.5,360.0,17.9,282.0,50.0,136.0,32.2,146.0,B12,31.4,44.0,43.5,2.0,71.3,114.0,11.2,79.0,10.8,87.0,5.9,331.0,7.0,11.0,49.2,91.0,37.3,109.0,90.0,3.0,Utah St.,"W, 84-72",MWC,67.8,157.0,122.8,28.0,56.6,14.0,15.3,89.0,33.2,87.0,39.5,67.0,101.4,43.0,49.8,90.0,20.4,17.0,32.0,259.0,38.3,268.0,34.6,141.0,59.8,9.0,71.0,240.0,9.6,206.0,8.2,51.0,7.1,171.0,5.1,46.0,60.0,30.0,40.5,156.0,19.8,177.0,50.3,139.0,29.8,223.0,21.9,76.0,44.8,320.0,33.3,103.0,MWC,34.4,214.0,48.5,50.0,72.8,208.0,8.5,228.0,12.4,18.0,7.9,80.0,6.5,68.0,49.8,109.0,41.1,242.0,101.4,43.0,0.1,0.0,0.0,0.0,0.0,0.0,1.0,"[0, 0, 3]",0.8,1.4142135623730951,1.1661903789690602,"[0, 0, 0, 0, 0.1]",,,,
8.0,Ivan Kharchenkov,6-7,230.0,Fr,35.0,68.8,118.3,17.3,18.4,55.6,58.1,4.7,11.2,13.4,15.8,1.2,2.8,2.3,2.9,30.5,59-82,0.72,103-175,0.589,31-94,0.33,https://kenpom.com/player.php?p=59287,26.0,36.0,32.0,29.0,24.0,20.0,Arizona,B12,69.9,55.0,127.9,5.0,55.1,37.0,15.1,73.0,38.3,6.0,43.2,19.0,90.0,3.0,44.8,1.0,16.7,174.0,26.8,31.0,27.3,25.0,36.3,48.0,55.4,51.0,73.2,164.0,8.4,94.0,8.4,70.0,6.7,126.0,5.7,144.0,55.3,106.0,26.7,363.0,22.3,63.0,57.3,10.0,20.5,360.0,17.9,282.0,50.0,136.0,32.2,146.0,B12,31.4,44.0,43.5,2.0,71.3,114.0,11.2,79.0,10.8,87.0,5.9,331.0,7.0,11.0,49.2,91.0,37.3,109.0,90.0,3.0,Utah St.,"W, 84-72",MWC,67.8,157.0,122.8,28.0,56.6,14.0,15.3,89.0,33.2,87.0,39.5,67.0,101.4,43.0,49.8,90.0,20.4,17.0,32.0,259.0,38.3,268.0,34.6,141.0,59.8,9.0,71.0,240.0,9.6,206.0,8.2,51.0,7.1,171.0,5.1,46.0,60.0,30.0,40.5,156.0,19.8,177.0,50.3,139.0,29.8,223.0,21.9,76.0,44.8,320.0,33.3,103.0,MWC,34.4,214.0,48.5,50.0,72.8,208.0,8.5,228.0,12.4,18.0,7.9,80.0,6.5,68.0,49.8,109.0,41.1,242.0,101.4,43.0,1.5,2.1,1.8,1.7,1.4,1.2,31.333333333333332,"[32, 36, 26]",29.4,4.109609335312651,4.2708313008125245,"[1.4, 1.7, 1.8, 2.1, 1.5]",,,,
0.0,Jaden Bradley,6-3,205.0,Sr,35.0,75.0,119.8,21.4,20.5,50.0,56.6,2.0,10.1,24.2,14.9,0.4,2.9,2.5,4.5,49.7,131-163,0.804,128-269,0.476,24-59,0.407,https://kenpom.com/player.php?p=52396,23.0,34.0,31.0,31.0,35.0,36.0,Arizona,B12,69.9,55.0,127.9,5.0,55.1,37.0,15.1,73.0,38.3,6.0,43.2,19.0,90.0,3.0,44.8,1.0,16.7,174.0,26.8,31.0,27.3,25.0,36.3,48.0,55.4,51.0,73.2,164.0,8.4,94.0,8.4,70.0,6.7,126.0,5.7,144.0,55.3,106.0,26.7,363.0,22.3,63.0,57.3,10.0,20.5,360.0,17.9,282.0,50.0,136.0,32.2,146.0,B12,31.4,44.0,43.5,2.0,71.3,114.0,11.2,79.0,10.8,87.0,5.9,331.0,7.0,11.0,49.2,91.0,37.3,109.0,90.0,3.0,Utah St.,"W, 84-72",MWC,67.8,157.0,122.8,28.0,56.6,14.0,15.3,89.0,33.2,87.0,39.5,67.0,101.4,43.0,49.8,90.0,20.4,17.0,32.0,259.0,38.3,268.0,34.6,141.0,59.8,9.0,71.0,240.0,9.6,206.0,8.2,51.0,7.1,171.0,5.1,46.0,60.0,30.0,40.5,156.0,19.8,177.0,50.3,139.0,29.8,223.0,21.9,76.0,44.8,320.0,33.3,103.0,MWC,34.4,214.0,48.5,50.0,72.8,208.0,8.5,228.0,12.4,18.0,7.9,80.0,6.5,68.0,49.8,109.0,41.1,242.0,101.4,43.0,1.4,2.1,1.9,1.9,2.2,2.2,29.333333333333332,"[31, 34, 23]",30.8,4.642796092394707,4.214261501141095,"[2.2, 1.9, 1.9, 2.1, 1.4]",,,,
10.0,Koa Peat,6-8,235.0,Fr,32.0,62.1,114.6,24.6,24.6,54.1,55.8,8.9,12.0,17.7,14.7,2.7,1.4,3.2,4.7,43.1,85-140,0.607,167-306,0.546,6-19,0.316,https://kenpom.com/player.php?p=59288,28.0,27.0,26.0,29.0,35.0,28.0,Arizona,B12,69.9,55.0,127.9,5.0,55.1,37.0,15.1,73.0,38.3,6.0,43.2,19.0,90.0,3.0,44.8,1.0,16.7,174.0,26.8,31.0,27.3,25.0,36.3,48.0,55.4,51.0,73.2,164.0,8.4,94.0,8.4,70.0,6.7,126.0,5.7,144.0,55.3,106.0,26.7,363.0,22.3,63.0,57.3,10.0,20.5,360.0,17.9,282.0,50.0,136.0,32.2,146.0,B12,31.4,44.0,43.5,2.0,71.3,114.0,11.2,79.0,10.8,87.0,5.9,331.0,7.0,11.0,49.2,91.0,37.3,109.0,90.0,3.0,Utah St.,"W, 84-72",MWC,67.8,157.0,122.8,28.0,56.6,14.0,15.3,89.0,33.2,87.0,39.5,67.0,101.4,43.0,49.8,90.0,20.4,17.0,32.0,259.0,38.3,268.0,34.6,141.0,59.8,9.0,71.0,240.0,9.6,206.0,8.2,51.0,7.1,171.0,5.1,46.0,60.0,30.0,40.5,156.0,19.8,177.0,50.3,139.0,29.8,223.0,21.9,76.0,44.8,320.0,33.3,103.0,MWC,34.4,214.0,48.5,50.0,72.8,208.0,8.5,228.0,12.4,18.0,7.9,80.0,6.5,68.0,49.8,109.0,41.1,242.0,101.4,43.0,2.2,2.2,2.1,2.3,2.8,2.2,27.0,"[26, 27, 28]",29.0,0.816496580927726,3.1622776601683795,"[2.8, 2.3, 2.1, 2.2, 2.2]",,,,
13.0,Motiejus Krivas,7-2,260.0,Jr,35.0,62.1,125.8,19.2,16.0,59.2,64.9,14.3,19.9,6.5,16.8,7.7,1.5,4.3,4.8,70.1,115-148,0.777,119-199,0.598,4-12,0.333,https://kenpom.com/player.php?p=55294,22.0,25.0,27.0,23.0,25.0,25.0,Arizona,B12,69.9,55.0,127.9,5.0,55.1,37.0,15.1,73.0,38.3,6.0,43.2,19.0,90.0,3.0,44.8,1.0,16.7,174.0,26.8,31.0,27.3,25.0,36.3,48.0,55.4,51.0,73.2,164.0,8.4,94.0,8.4,70.0,6.7,126.0,5.7,144.0,55.3,106.0,26.7,363.0,22.3,63.0,57.3,10.0,20.5,360.0,17.9,282.0,50.0,136.0,32.2,146.0,B12,31.4,44.0,43.5,2.0,71.3,114.0,11.2,79.0,10.8,87.0,5.9,331.0,7.0,11.0,49.2,91.0,37.3,109.0,90.0,3.0,Utah St.,"W, 84-72",MWC,67.8,157.0,122.8,28.0,56.6,14.0,15.3,89.0,33.2,87.0,39.5,67.0,101.4,43.0,49.8,90.0,20.4,17.0,32.0,259.0,38.3,268.0,34.6,141.0,59.8,9.0,71.0,240.0,9.6,206.0,8.2,51.0,7.1,171.0,5.1,46.0,60.0,30.0,40.5,156.0,19.8,177.0,50.3,139.0,29.8,223.0,21.9,76.0,44.8,320.0,33.3,103.0,MWC,34.4,214.0,48.5,50.0,72.8,208.0,8.5,228.0,12.4,18.0,7.9,80.0,6.5,68.0,49.8,109.0,41.1,242.0,101.4,43.0,2.4,2.7,2.9,2.5,2.7,2.7,24.666666666666668,"[27, 25, 22]",24.4,2.0548046676563256,1.7435595774162693,"[2.7, 2.5, 2.9, 2.7, 2.4]",,,,
15.0,Sidi Gueye,6-11,215.0,Fr,25.0,6.2,124.0,16.0,13.7,72.2,71.0,6.9,15.8,9.4,20.2,9.4,1.3,5.5,3.8,61.1,7-11,0.636,13-18,0.722,0-0,0.0,https://kenpom.com/player.php?p=59289,7.0,1.0,0.0,2.0,0.0,1.0,Arizona,B12,69.9,55.0,127.9,5.0,55.1,37.0,15.1,73.0,38.3,6.0,43.2,19.0,90.0,3.0,44.8,1.0,16.7,174.0,26.8,31.0,27.3,25.0,36.3,48.0,55.4,51.0,73.2,164.0,8.4,94.0,8.4,70.0,6.7,126.0,5.7,144.0,55.3,106.0,26.7,363.0,22.3,63.0,57.3,10.0,20.5,360.0,17.9,282.0,50.0,136.0,32.2,146.0,B12,31.4,44.0,43.5,2.0,71.3,114.0,11.2,79.0,10.8,87.0,5.9,331.0,7.0,11.0,49.2,91.0,37.3,109.0,90.0,3.0,Utah St.,"W, 84-72",MWC,67.8,157.0,122.8,28.0,56.6,14.0,15.3,89.0,33.2,87.0,39.5,67.0,101.4,43.0,49.8,90.0,20.4,17.0,32.0,259.0,38.3,268.0,34.6,141.0,59.8,9.0,71.0,240.0,9.6,206.0,8.2,51.0,7.1,171.0,5.1,46.0,60.0,30.0,40.5,156.0,19.8,177.0,50.3,139.0,29.8,223.0,21.9,76.0,44.8,320.0,33.3,103.0,MWC,34.4,214.0,48.5,50.0,72.8,208.0,8.5,228.0,12.4,18.0,7.9,80.0,6.5,68.0,49.8,109.0,41.1,242.0,101.4,43.0,1.0,0.1,0.0,0.3,0.0,0.1,2.6666666666666665,"[0, 1, 7]",2.0,3.091206165165235,2.6076809620810595,"[0, 0.3, 0, 0.1, 1]",,,,
30.0,Tobe Awaka,6-8,250.0,Sr,35.0,53.0,127.9,21.0,17.9,60.6,62.6,20.5,26.7,6.5,13.3,3.3,1.0,5.2,5.0,65.8,87-133,0.654,115-191,0.602,5-11,0.455,https://kenpom.com/player.php?p=53032,18.0,14.0,27.0,20.0,20.0,25.0,Arizona,B12,69.9,55.0,127.9,5.0,55.1,37.0,15.1,73.0,38.3,6.0,43.2,19.0,90.0,3.0,44.8,1.0,16.7,174.0,26.8,31.0,27.3,25.0,36.3,48.0,55.4,51.0,73.2,164.0,8.4,94.0,8.4,70.0,6.7,126.0,5.7,144.0,55.3,106.0,26.7,363.0,22.3,63.0,57.3,10.0,20.5,360.0,17.9,282.0,50.0,136.0,32.2,146.0,B12,31.4,44.0,43.5,2.0,71.3,114.0,11.2,79.0,10.8,87.0,5.9,331.0,7.0,11.0,49.2,91.0,37.3,109.0,90.0,3.0,Utah St.,"W, 84-72",MWC,67.8,157.0,122.8,28.0,56.6,14.0,15.3,89.0,33.2,87.0,39.5,67.0,101.4,43.0,49.8,90.0,20.4,17.0,32.0,259.0,38.3,268.0,34.6,141.0,59.8,9.0,71.0,240.0,9.6,206.0,8.2,51.0,7.1,171.0,5.1,46.0,60.0,30.0,40.5,156.0,19.8,177.0,50.3,139.0,29.8,223.0,21.9,76.0,44.8,320.0,33.3,103.0,MWC,34.4,214.0,48.5,50.0,72.8,208.0,8.5,228.0,12.4,18.0,7.9,80.0,6.5,68.0,49.8,109.0,41.1,242.0,101.4,43.0,2.3,1.8,3.5,2.6,2.6,3.2,19.666666666666668,"[27, 14, 18]",19.8,5.436502143433363,4.214261501141095,"[2.6, 2.6, 3.5, 1.8, 2.3]",,,,
35.0,Adlan Elamin,6-9,185.0,Fr,33.0,47.2,112.9,16.3,18.7,53.2,56.1,4.8,14.4,8.1,14.5,2.1,2.2,3.7,2.4,22.4,31-39,0.795,52-87,0.598,27-87,0.31,https://kenpom.com/player.php?p=58058,30.0,24.0,28.0,17.0,17.0,11.0,Utah+St.,MWC,67.8,157.0,122.8,28.0,56.6,14.0,15.3,89.0,33.2,87.0,39.5,67.0,101.4,43.0,49.8,90.0,20.4,17.0,32.0,259.0,38.3,268.0,34.6,141.0,59.8,9.0,71.0,240.0,9.6,206.0,8.2,51.0,7.1,171.0,5.1,46.0,60.0,30.0,40.5,156.0,19.8,177.0,50.3,139.0,29.8,223.0,21.9,76.0,44.8,320.0,33.3,103.0,MWC,34.4,214.0,48.5,50.0,72.8,208.0,8.5,228.0,12.4,18.0,7.9,80.0,6.5,68.0,49.8,109.0,41.1,242.0,101.4,43.0,Arizona,"L, 84-72",B12,69.9,55.0,127.9,5.0,55.1,37.0,15.1,73.0,38.3,6.0,43.2,19.0,90.0,3.0,44.8,1.0,16.7,174.0,26.8,31.0,27.3,25.0,36.3,48.0,55.4,51.0,73.2,164.0,8.4,94.0,8.4,70.0,6.7,126.0,5.7,144.0,55.3,106.0,26.7,363.0,22.3,63.0,57.3,10.0,20.5,360.0,17.9,282.0,50.0,136.0,32.2,146.0,B12,31.4,44.0,43.5,2.0,71.3,114.0,11.2,79.0,10.8,87.0,5.9,331.0,7.0,11.0,49.2,91.0,37.3,109.0,90.0,3.0,2.8,2.2,2.6,1.6,1.6,1.0,27.333333333333332,"[28, 24, 30]",23.2,2.494438257849294,5.418486873657627,"[1.6, 1.6, 2.6, 2.2, 2.8]",,,,
8.0,Drake Allen,6-5,205.0,Sr,33.0,61.8,109.1,20.1,16.0,52.3,54.8,2.3,11.0,29.4,22.4,1.9,4.6,3.8,3.6,49.0,59-95,0.621,64-116,0.552,25-78,0.321,https://kenpom.com/player.php?p=53191,33.0,30.0,31.0,30.0,37.0,33.0,Utah+St.,MWC,67.8,157.0,122.8,28.0,56.6,14.0,15.3,89.0,33.2,87.0,39.5,67.0,101.4,43.0,49.8,90.0,20.4,17.0,32.0,259.0,38.3,268.0,34.6,141.0,59.8,9.0,71.0,240.0,9.6,206.0,8.2,51.0,7.1,171.0,5.1,46.0,60.0,30.0,40.5,156.0,19.8,177.0,50.3,139.0,29.8,223.0,21.9,76.0,44.8,320.0,33.3,103.0,MWC,34.4,214.0,48.5,50.0,72.8,208.0,8.5,228.0,12.4,18.0,7.9,80.0,6.5,68.0,49.8,109.0,41.1,242.0,101.4,43.0,Arizona,"L, 84-72",B12,69.9,55.0,127.9,5.0,55.1,37.0,15.1,73.0,38.3,6.0,43.2,19.0,90.0,3.0,44.8,1.0,16.7,174.0,26.8,31.0,27.3,25.0,36.3,48.0,55.4,51.0,73.2,164.0,8.4,94.0,8.4,70.0,6.7,126.0,5.7,144.0,55.3,106.0,26.7,363.0,22.3,63.0,57.3,10.0,20.5,360.0,17.9,282.0,50.0,136.0,32.2,146.0,B12,31.4,44.0,43.5,2.0,71.3,114.0,11.2,79.0,10.8,87.0,5.9,331.0,7.0,11.0,49.2,91.0,37.3,109.0,90.0,3.0,3.1,2.8,2.9,2.8,3.5,3.1,31.333333333333332,"[31, 30, 33]",32.2,1.247219128924647,2.6381811916545836,"[3.5, 2.8, 2.9, 2.8, 3.1]",,,,
1.0,Elijah Perryman,6-2,190.0,Fr,34.0,34.2,104.1,22.2,18.3,48.0,52.3,0.8,12.2,35.8,26.0,2.4,3.0,3.8,2.9,28.5,28-35,0.8,38-73,0.521,14-50,0.28,https://kenpom.com/player.php?p=58054,7.0,9.0,9.0,8.0,3.0,6.0,Utah+St.,MWC,67.8,157.0,122.8,28.0,56.6,14.0,15.3,89.0,33.2,87.0,39.5,67.0,101.4,43.0,49.8,90.0,20.4,17.0,32.0,259.0,38.3,268.0,34.6,141.0,59.8,9.0,71.0,240.0,9.6,206.0,8.2,51.0,7.1,171.0,5.1,46.0,60.0,30.0,40.5,156.0,19.8,177.0,50.3,139.0,29.8,223.0,21.9,76.0,44.8,320.0,33.3,103.0,MWC,34.4,214.0,48.5,50.0,72.8,208.0,8.5,228.0,12.4,18.0,7.9,80.0,6.5,68.0,49.8,109.0,41.1,242.0,101.4,43.0,Arizona,"L, 84-72",B12,69.9,55.0,127.9,5.0,55.1,37.0,15.1,73.0,38.3,6.0,43.2,19.0,90.0,3.0,44.8,1.0,16.7,174.0,26.8,31.0,27.3,25.0,36.3,48.0,55.4,51.0,73.2,164.0,8.4,94.0,8.4,70.0,6.7,126.0,5.7,144.0,55.3,106.0,26.7,363.0,22.3,63.0,57.3,10.0,20.5,360.0,17.9,282.0,50.0,136.0,32.2,146.0,B12,31.4,44.0,43.5,2.0,71.3,114.0,11.2,79.0,10.8,87.0,5.9,331.0,7.0,11.0,49.2,91.0,37.3,109.0,90.0,3.0,0.7,0.9,0.9,0.8,0.3,0.6,8.333333333333334,"[9, 9, 7]",7.2,0.9428090415820634,2.2271057451320084,"[0.3, 0.8, 0.9, 0.9, 0.7]",,,,
11.0,Garry Clark,6-9,220.0,Sr,34.0,40.4,129.0,18.3,16.4,71.2,67.9,15.2,15.0,7.0,14.0,3.1,1.4,5.4,4.1,57.7,40-75,0.533,91-124,0.734,1-6,0.167,https://kenpom.com/player.php?p=54013,15.0,22.0,2.0,14.0,8.0,6.0,Utah+St.,MWC,67.8,157.0,122.8,28.0,56.6,14.0,15.3,89.0,33.2,87.0,39.5,67.0,101.4,43.0,49.8,90.0,20.4,17.0,32.0,259.0,38.3,268.0,34.6,141.0,59.8,9.0,71.0,240.0,9.6,206.0,8.2,51.0,7.1,171.0,5.1,46.0,60.0,30.0,40.5,156.0,19.8,177.0,50.3,139.0,29.8,223.0,21.9,76.0,44.8,320.0,33.3,103.0,MWC,34.4,214.0,48.5,50.0,72.8,208.0,8.5,228.0,12.4,18.0,7.9,80.0,6.5,68.0,49.8,109.0,41.1,242.0,101.4,43.0,Arizona,"L, 84-72",B12,69.9,55.0,127.9,5.0,55.1,37.0,15.1,73.0,38.3,6.0,43.2,19.0,90.0,3.0,44.8,1.0,16.7,174.0,26.8,31.0,27.3,25.0,36.3,48.0,55.4,51.0,73.2,164.0,8.4,94.0,8.4,70.0,6.7,126.0,5.7,144.0,55.3,106.0,26.7,363.0,22.3,63.0,57.3,10.0,20.5,360.0,17.9,282.0,50.0,136.0,32.2,146.0,B12,31.4,44.0,43.5,2.0,71.3,114.0,11.2,79.0,10.8,87.0,5.9,331.0,7.0,11.0,49.2,91.0,37.3,109.0,90.0,3.0,2.0,3.0,0.3,1.9,1.1,0.8,13.0,"[2, 22, 15]",12.2,8.286535263104035,6.764613810115105,"[1.1, 1.9, 0.3, 3, 2]",,,,
5.0,Jordy Barnes,6-4,185.0,So,16.0,6.1,78.4,13.5,14.2,20.6,22.3,5.9,7.0,16.0,15.7,0.0,2.8,5.8,1.5,11.8,1-2,0.5,2-6,0.333,1-11,0.091,https://kenpom.com/player.php?p=57117,0.0,0.0,0.0,2.0,0.0,1.0,Utah+St.,MWC,67.8,157.0,122.8,28.0,56.6,14.0,15.3,89.0,33.2,87.0,39.5,67.0,101.4,43.0,49.8,90.0,20.4,17.0,32.0,259.0,38.3,268.0,34.6,141.0,59.8,9.0,71.0,240.0,9.6,206.0,8.2,51.0,7.1,171.0,5.1,46.0,60.0,30.0,40.5,156.0,19.8,177.0,50.3,139.0,29.8,223.0,21.9,76.0,44.8,320.0,33.3,103.0,MWC,34.4,214.0,48.5,50.0,72.8,208.0,8.5,228.0,12.4,18.0,7.9,80.0,6.5,68.0,49.8,109.0,41.1,242.0,101.4,43.0,Arizona,"L, 84-72",B12,69.9,55.0,127.9,5.0,55.1,37.0,15.1,73.0,38.3,6.0,43.2,19.0,90.0,3.0,44.8,1.0,16.7,174.0,26.8,31.0,27.3,25.0,36.3,48.0,55.4,51.0,73.2,164.0,8.4,94.0,8.4,70.0,6.7,126.0,5.7,144.0,55.3,106.0,26.7,363.0,22.3,63.0,57.3,10.0,20.5,360.0,17.9,282.0,50.0,136.0,32.2,146.0,B12,31.4,44.0,43.5,2.0,71.3,114.0,11.2,79.0,10.8,87.0,5.9,331.0,7.0,11.0,49.2,91.0,37.3,109.0,90.0,3.0,0.0,0.0,0.0,0.3,0.0,0.1,0.0,"[0, 0, 0]",0.4,0.0,0.8,"[0, 0.3, 0, 0, 0]",,,,
22.0,Karson Templin,6-9,230.0,Jr,34.0,47.5,117.7,22.6,21.9,56.1,58.9,12.3,14.2,7.0,13.2,5.5,2.4,5.9,5.0,54.6,74-112,0.661,85-149,0.57,20-56,0.357,https://kenpom.com/player.php?p=54924,24.0,14.0,14.0,18.0,23.0,15.0,Utah+St.,MWC,67.8,157.0,122.8,28.0,56.6,14.0,15.3,89.0,33.2,87.0,39.5,67.0,101.4,43.0,49.8,90.0,20.4,17.0,32.0,259.0,38.3,268.0,34.6,141.0,59.8,9.0,71.0,240.0,9.6,206.0,8.2,51.0,7.1,171.0,5.1,46.0,60.0,30.0,40.5,156.0,19.8,177.0,50.3,139.0,29.8,223.0,21.9,76.0,44.8,320.0,33.3,103.0,MWC,34.4,214.0,48.5,50.0,72.8,208.0,8.5,228.0,12.4,18.0,7.9,80.0,6.5,68.0,49.8,109.0,41.1,242.0,101.4,43.0,Arizona,"L, 84-72",B12,69.9,55.0,127.9,5.0,55.1,37.0,15.1,73.0,38.3,6.0,43.2,19.0,90.0,3.0,44.8,1.0,16.7,174.0,26.8,31.0,27.3,25.0,36.3,48.0,55.4,51.0,73.2,164.0,8.4,94.0,8.4,70.0,6.7,126.0,5.7,144.0,55.3,106.0,26.7,363.0,22.3,63.0,57.3,10.0,20.5,360.0,17.9,282.0,50.0,136.0,32.2,146.0,B12,31.4,44.0,43.5,2.0,71.3,114.0,11.2,79.0,10.8,87.0,5.9,331.0,7.0,11.0,49.2,91.0,37.3,109.0,90.0,3.0,3.5,2.1,2.1,2.7,3.4,2.2,17.333333333333332,"[14, 14, 24]",18.6,4.714045207910316,4.2708313008125245,"[3.4, 2.7, 2.1, 2.1, 3.5]",,,,
7.0,Kolby King,6-1,185.0,Sr,34.0,48.1,123.9,17.1,17.2,59.2,63.0,3.2,17.5,13.5,14.6,0.2,1.9,2.8,3.5,44.8,56-73,0.767,35-55,0.636,41-108,0.38,https://kenpom.com/player.php?p=52997,9.0,12.0,19.0,10.0,26.0,23.0,Utah+St.,MWC,67.8,157.0,122.8,28.0,56.6,14.0,15.3,89.0,33.2,87.0,39.5,67.0,101.4,43.0,49.8,90.0,20.4,17.0,32.0,259.0,38.3,268.0,34.6,141.0,59.8,9.0,71.0,240.0,9.6,206.0,8.2,51.0,7.1,171.0,5.1,46.0,60.0,30.0,40.5,156.0,19.8,177.0,50.3,139.0,29.8,223.0,21.9,76.0,44.8,320.0,33.3,103.0,MWC,34.4,214.0,48.5,50.0,72.8,208.0,8.5,228.0,12.4,18.0,7.9,80.0,6.5,68.0,49.8,109.0,41.1,242.0,101.4,43.0,Arizona,"L, 84-72",B12,69.9,55.0,127.9,5.0,55.1,37.0,15.1,73.0,38.3,6.0,43.2,19.0,90.0,3.0,44.8,1.0,16.7,174.0,26.8,31.0,27.3,25.0,36.3,48.0,55.4,51.0,73.2,164.0,8.4,94.0,8.4,70.0,6.7,126.0,5.7,144.0,55.3,106.0,26.7,363.0,22.3,63.0,57.3,10.0,20.5,360.0,17.9,282.0,50.0,136.0,32.2,146.0,B12,31.4,44.0,43.5,2.0,71.3,114.0,11.2,79.0,10.8,87.0,5.9,331.0,7.0,11.0,49.2,91.0,37.3,109.0,90.0,3.0,0.6,0.8,1.3,0.7,1.8,1.6,13.333333333333334,"[19, 12, 9]",15.2,4.189935029992179,6.43117407632541,"[1.8, 0.7, 1.3, 0.8, 0.6]",,,,
2.0,MJ Collins,6-4,195.0,Sr,34.0,76.7,124.7,22.6,27.2,57.7,61.8,2.0,7.2,9.8,8.9,0.3,1.6,1.9,4.4,36.8,122-151,0.808,124-197,0.629,75-213,0.352,https://kenpom.com/player.php?p=53130,35.0,38.0,31.0,34.0,29.0,25.0,Utah+St.,MWC,67.8,157.0,122.8,28.0,56.6,14.0,15.3,89.0,33.2,87.0,39.5,67.0,101.4,43.0,49.8,90.0,20.4,17.0,32.0,259.0,38.3,268.0,34.6,141.0,59.8,9.0,71.0,240.0,9.6,206.0,8.2,51.0,7.1,171.0,5.1,46.0,60.0,30.0,40.5,156.0,19.8,177.0,50.3,139.0,29.8,223.0,21.9,76.0,44.8,320.0,33.3,103.0,MWC,34.4,214.0,48.5,50.0,72.8,208.0,8.5,228.0,12.4,18.0,7.9,80.0,6.5,68.0,49.8,109.0,41.1,242.0,101.4,43.0,Arizona,"L, 84-72",B12,69.9,55.0,127.9,5.0,55.1,37.0,15.1,73.0,38.3,6.0,43.2,19.0,90.0,3.0,44.8,1.0,16.7,174.0,26.8,31.0,27.3,25.0,36.3,48.0,55.4,51.0,73.2,164.0,8.4,94.0,8.4,70.0,6.7,126.0,5.7,144.0,55.3,106.0,26.7,363.0,22.3,63.0,57.3,10.0,20.5,360.0,17.9,282.0,50.0,136.0,32.2,146.0,B12,31.4,44.0,43.5,2.0,71.3,114.0,11.2,79.0,10.8,87.0,5.9,331.0,7.0,11.0,49.2,91.0,37.3,109.0,90.0,3.0,1.7,1.8,1.5,1.6,1.4,1.2,34.666666666666664,"[31, 38, 35]",33.4,2.8674417556808756,3.1368774282716245,"[1.4, 1.6, 1.5, 1.8, 1.7]",,,,
12.0,Mason Falslev,6-4,200.0,Jr,34.0,80.9,123.3,23.1,24.6,57.7,61.0,5.6,15.6,17.9,12.6,1.0,3.5,2.6,4.1,36.3,108-142,0.761,158-278,0.568,45-113,0.398,https://kenpom.com/player.php?p=53101,35.0,31.0,31.0,34.0,35.0,35.0,Utah+St.,MWC,67.8,157.0,122.8,28.0,56.6,14.0,15.3,89.0,33.2,87.0,39.5,67.0,101.4,43.0,49.8,90.0,20.4,17.0,32.0,259.0,38.3,268.0,34.6,141.0,59.8,9.0,71.0,240.0,9.6,206.0,8.2,51.0,7.1,171.0,5.1,46.0,60.0,30.0,40.5,156.0,19.8,177.0,50.3,139.0,29.8,223.0,21.9,76.0,44.8,320.0,33.3,103.0,MWC,34.4,214.0,48.5,50.0,72.8,208.0,8.5,228.0,12.4,18.0,7.9,80.0,6.5,68.0,49.8,109.0,41.1,242.0,101.4,43.0,Arizona,"L, 84-72",B12,69.9,55.0,127.9,5.0,55.1,37.0,15.1,73.0,38.3,6.0,43.2,19.0,90.0,3.0,44.8,1.0,16.7,174.0,26.8,31.0,27.3,25.0,36.3,48.0,55.4,51.0,73.2,164.0,8.4,94.0,8.4,70.0,6.7,126.0,5.7,144.0,55.3,106.0,26.7,363.0,22.3,63.0,57.3,10.0,20.5,360.0,17.9,282.0,50.0,136.0,32.2,146.0,B12,31.4,44.0,43.5,2.0,71.3,114.0,11.2,79.0,10.8,87.0,5.9,331.0,7.0,11.0,49.2,91.0,37.3,109.0,90.0,3.0,2.3,2.0,2.0,2.2,2.3,2.3,32.333333333333336,"[31, 31, 35]",33.2,1.8856180831641267,1.8330302779823358,"[2.3, 2.2, 2, 2, 2.3]",,,,
3.0,Tucker Anderson,6-9,230.0,Jr,24.0,20.5,126.4,13.1,16.1,51.5,53.7,6.1,5.4,9.2,4.8,1.8,1.5,3.7,2.1,21.5,10-14,0.714,11-20,0.55,15-45,0.333,https://kenpom.com/player.php?p=54304,0.0,3.0,8.0,17.0,0.0,24.0,Utah+St.,MWC,67.8,157.0,122.8,28.0,56.6,14.0,15.3,89.0,33.2,87.0,39.5,67.0,101.4,43.0,49.8,90.0,20.4,17.0,32.0,259.0,38.3,268.0,34.6,141.0,59.8,9.0,71.0,240.0,9.6,206.0,8.2,51.0,7.1,171.0,5.1,46.0,60.0,30.0,40.5,156.0,19.8,177.0,50.3,139.0,29.8,223.0,21.9,76.0,44.8,320.0,33.3,103.0,MWC,34.4,214.0,48.5,50.0,72.8,208.0,8.5,228.0,12.4,18.0,7.9,80.0,6.5,68.0,49.8,109.0,41.1,242.0,101.4,43.0,Arizona,"L, 84-72",B12,69.9,55.0,127.9,5.0,55.1,37.0,15.1,73.0,38.3,6.0,43.2,19.0,90.0,3.0,44.8,1.0,16.7,174.0,26.8,31.0,27.3,25.0,36.3,48.0,55.4,51.0,73.2,164.0,8.4,94.0,8.4,70.0,6.7,126.0,5.7,144.0,55.3,106.0,26.7,363.0,22.3,63.0,57.3,10.0,20.5,360.0,17.9,282.0,50.0,136.0,32.2,146.0,B12,31.4,44.0,43.5,2.0,71.3,114.0,11.2,79.0,10.8,87.0,5.9,331.0,7.0,11.0,49.2,91.0,37.3,109.0,90.0,3.0,0.0,0.3,0.7,1.6,0.0,2.2,3.6666666666666665,"[8, 3, 0]",5.6,3.299831645537222,6.406246951218787,"[0, 1.6, 0.7, 0.3, 0]",,,,
32.0,Zach Keller,6-10,245.0,Sr,34.0,34.1,114.4,13.3,11.6,62.8,62.0,7.9,10.0,6.3,19.8,0.5,0.9,6.5,2.8,48.7,21-38,0.553,37-62,0.597,8-16,0.5,https://kenpom.com/player.php?p=53111,12.0,17.0,27.0,14.0,21.0,20.0,Utah+St.,MWC,67.8,157.0,122.8,28.0,56.6,14.0,15.3,89.0,33.2,87.0,39.5,67.0,101.4,43.0,49.8,90.0,20.4,17.0,32.0,259.0,38.3,268.0,34.6,141.0,59.8,9.0,71.0,240.0,9.6,206.0,8.2,51.0,7.1,171.0,5.1,46.0,60.0,30.0,40.5,156.0,19.8,177.0,50.3,139.0,29.8,223.0,21.9,76.0,44.8,320.0,33.3,103.0,MWC,34.4,214.0,48.5,50.0,72.8,208.0,8.5,228.0,12.4,18.0,7.9,80.0,6.5,68.0,49.8,109.0,41.1,242.0,101.4,43.0,Arizona,"L, 84-72",B12,69.9,55.0,127.9,5.0,55.1,37.0,15.1,73.0,38.3,6.0,43.2,19.0,90.0,3.0,44.8,1.0,16.7,174.0,26.8,31.0,27.3,25.0,36.3,48.0,55.4,51.0,73.2,164.0,8.4,94.0,8.4,70.0,6.7,126.0,5.7,144.0,55.3,106.0,26.7,363.0,22.3,63.0,57.3,10.0,20.5,360.0,17.9,282.0,50.0,136.0,32.2,146.0,B12,31.4,44.0,43.5,2.0,71.3,114.0,11.2,79.0,10.8,87.0,5.9,331.0,7.0,11.0,49.2,91.0,37.3,109.0,90.0,3.0,2.0,2.8,4.4,2.3,3.4,3.2,18.666666666666668,"[27, 17, 12]",18.2,6.236095644623235,5.344155686354955,"[3.4, 2.3, 4.4, 2.8, 2]",,,,
19.0,Andrija Vukovic,6-11,270.0,So,27.0,30.0,124.8,15.5,14.1,62.8,64.6,11.2,12.8,6.7,15.3,2.7,1.7,3.7,3.1,46.7,29-42,0.69,55-87,0.632,1-3,0.333,https://kenpom.com/player.php?p=57504,0.0,0.0,0.0,14.0,24.0,22.0,Oklahoma+St.,B12,72.3,9.0,120.1,44.0,52.2,140.0,15.8,122.0,31.0,166.0,39.7,62.0,107.7,139.0,52.9,265.0,15.7,236.0,30.2,175.0,31.8,101.0,34.0,170.0,52.8,136.0,74.9,87.0,10.5,272.0,9.1,133.0,6.7,120.0,5.6,125.0,50.9,222.0,35.6,257.0,22.2,64.0,50.7,132.0,27.1,282.0,17.6,294.0,46.5,283.0,35.9,39.0,B12,35.5,280.0,52.6,223.0,71.0,99.0,7.1,308.0,9.6,169.0,6.2,311.0,6.0,185.0,57.3,303.0,43.3,305.0,107.7,139.0,Wichita St.,"W, 82-76",Amer,66.6,230.0,112.2,118.0,49.4,274.0,15.2,76.0,38.3,4.0,36.1,148.0,102.5,60.0,47.2,25.0,15.9,228.0,29.0,100.0,34.4,162.0,33.4,202.0,49.0,283.0,68.4,317.0,8.2,72.0,8.8,100.0,6.4,80.0,5.5,100.0,41.8,354.0,33.9,299.0,20.0,170.0,52.5,79.0,27.5,275.0,20.3,144.0,52.8,45.0,26.8,323.0,Amer,31.1,39.0,47.5,39.0,70.1,55.0,9.8,150.0,8.7,236.0,7.1,196.0,6.2,121.0,44.0,16.0,34.1,33.0,102.5,60.0,0.0,0.0,0.0,1.3,2.2,2.0,0.0,"[0, 0, 0]",7.6,0.0,9.830564581955606,"[2.2, 1.3, 0, 0, 0]",,,,
9.0,Anthony Roy,6-5,205.0,Sr,30.0,63.5,120.2,23.2,26.0,56.2,61.6,2.5,12.5,8.7,12.3,0.9,1.1,2.2,4.6,39.7,120-140,0.857,65-128,0.508,89-225,0.396,https://kenpom.com/player.php?p=50223,0.0,37.0,29.0,35.0,38.0,15.0,Oklahoma+St.,B12,72.3,9.0,120.1,44.0,52.2,140.0,15.8,122.0,31.0,166.0,39.7,62.0,107.7,139.0,52.9,265.0,15.7,236.0,30.2,175.0,31.8,101.0,34.0,170.0,52.8,136.0,74.9,87.0,10.5,272.0,9.1,133.0,6.7,120.0,5.6,125.0,50.9,222.0,35.6,257.0,22.2,64.0,50.7,132.0,27.1,282.0,17.6,294.0,46.5,283.0,35.9,39.0,B12,35.5,280.0,52.6,223.0,71.0,99.0,7.1,308.0,9.6,169.0,6.2,311.0,6.0,185.0,57.3,303.0,43.3,305.0,107.7,139.0,Wichita St.,"W, 82-76",Amer,66.6,230.0,112.2,118.0,49.4,274.0,15.2,76.0,38.3,4.0,36.1,148.0,102.5,60.0,47.2,25.0,15.9,228.0,29.0,100.0,34.4,162.0,33.4,202.0,49.0,283.0,68.4,317.0,8.2,72.0,8.8,100.0,6.4,80.0,5.5,100.0,41.8,354.0,33.9,299.0,20.0,170.0,52.5,79.0,27.5,275.0,20.3,144.0,52.8,45.0,26.8,323.0,Amer,31.1,39.0,47.5,39.0,70.1,55.0,9.8,150.0,8.7,236.0,7.1,196.0,6.2,121.0,44.0,16.0,34.1,33.0,102.5,60.0,0.0,2.0,1.6,1.9,2.1,0.8,22.0,"[29, 37, 0]",27.8,15.895492023421818,14.246403054806501,"[2.1, 1.9, 1.6, 2, 0]",,,,
23.0,Benjamin Ahmed,6-10,275.0,Fr,20.0,18.0,111.2,19.9,15.6,55.0,57.4,14.7,16.3,3.5,16.5,3.1,0.7,5.7,5.2,80.0,29-48,0.604,33-60,0.55,0-0,0.0,https://kenpom.com/player.php?p=58441,29.0,28.0,21.0,25.0,17.0,19.0,Oklahoma+St.,B12,72.3,9.0,120.1,44.0,52.2,140.0,15.8,122.0,31.0,166.0,39.7,62.0,107.7,139.0,52.9,265.0,15.7,236.0,30.2,175.0,31.8,101.0,34.0,170.0,52.8,136.0,74.9,87.0,10.5,272.0,9.1,133.0,6.7,120.0,5.6,125.0,50.9,222.0,35.6,257.0,22.2,64.0,50.7,132.0,27.1,282.0,17.6,294.0,46.5,283.0,35.9,39.0,B12,35.5,280.0,52.6,223.0,71.0,99.0,7.1,308.0,9.6,169.0,6.2,311.0,6.0,185.0,57.3,303.0,43.3,305.0,107.7,139.0,Wichita St.,"W, 82-76",Amer,66.6,230.0,112.2,118.0,49.4,274.0,15.2,76.0,38.3,4.0,36.1,148.0,102.5,60.0,47.2,25.0,15.9,228.0,29.0,100.0,34.4,162.0,33.4,202.0,49.0,283.0,68.4,317.0,8.2,72.0,8.8,100.0,6.4,80.0,5.5,100.0,41.8,354.0,33.9,299.0,20.0,170.0,52.5,79.0,27.5,275.0,20.3,144.0,52.8,45.0,26.8,323.0,Amer,31.1,39.0,47.5,39.0,70.1,55.0,9.8,150.0,8.7,236.0,7.1,196.0,6.2,121.0,44.0,16.0,34.1,33.0,102.5,60.0,4.1,4.0,3.0,3.6,2.4,2.7,26.0,"[21, 28, 29]",24.0,3.559026084010437,4.47213595499958,"[2.4, 3.6, 3, 4, 4.1]",,,,
4.0,Christian Coleman,6-8,210.0,Sr,33.0,60.1,109.3,18.6,20.1,52.9,55.2,6.5,16.8,6.9,14.0,3.9,1.6,3.2,3.1,31.8,55-82,0.671,114-203,0.562,15-55,0.273,https://kenpom.com/player.php?p=54187,37.0,36.0,35.0,27.0,32.0,20.0,Oklahoma+St.,B12,72.3,9.0,120.1,44.0,52.2,140.0,15.8,122.0,31.0,166.0,39.7,62.0,107.7,139.0,52.9,265.0,15.7,236.0,30.2,175.0,31.8,101.0,34.0,170.0,52.8,136.0,74.9,87.0,10.5,272.0,9.1,133.0,6.7,120.0,5.6,125.0,50.9,222.0,35.6,257.0,22.2,64.0,50.7,132.0,27.1,282.0,17.6,294.0,46.5,283.0,35.9,39.0,B12,35.5,280.0,52.6,223.0,71.0,99.0,7.1,308.0,9.6,169.0,6.2,311.0,6.0,185.0,57.3,303.0,43.3,305.0,107.7,139.0,Wichita St.,"W, 82-76",Amer,66.6,230.0,112.2,118.0,49.4,274.0,15.2,76.0,38.3,4.0,36.1,148.0,102.5,60.0,47.2,25.0,15.9,228.0,29.0,100.0,34.4,162.0,33.4,202.0,49.0,283.0,68.4,317.0,8.2,72.0,8.8,100.0,6.4,80.0,5.5,100.0,41.8,354.0,33.9,299.0,20.0,170.0,52.5,79.0,27.5,275.0,20.3,144.0,52.8,45.0,26.8,323.0,Amer,31.1,39.0,47.5,39.0,70.1,55.0,9.8,150.0,8.7,236.0,7.1,196.0,6.2,121.0,44.0,16.0,34.1,33.0,102.5,60.0,3.0,2.9,2.8,2.2,2.6,1.6,36.0,"[35, 36, 37]",33.4,0.816496580927726,3.6110940170535577,"[2.6, 2.2, 2.8, 2.9, 3]",,,,
8.0,Daniel Guetta,6-2,180.0,Fr,10.0,7.2,80.0,15.0,10.4,53.1,54.4,1.1,7.5,14.3,40.1,0.0,1.6,1.2,2.0,31.2,3-5,0.6,7-10,0.7,1-6,0.167,https://kenpom.com/player.php?p=59325,21.0,0.0,0.0,0.0,0.0,12.0,Oklahoma+St.,B12,72.3,9.0,120.1,44.0,52.2,140.0,15.8,122.0,31.0,166.0,39.7,62.0,107.7,139.0,52.9,265.0,15.7,236.0,30.2,175.0,31.8,101.0,34.0,170.0,52.8,136.0,74.9,87.0,10.5,272.0,9.1,133.0,6.7,120.0,5.6,125.0,50.9,222.0,35.6,257.0,22.2,64.0,50.7,132.0,27.1,282.0,17.6,294.0,46.5,283.0,35.9,39.0,B12,35.5,280.0,52.6,223.0,71.0,99.0,7.1,308.0,9.6,169.0,6.2,311.0,6.0,185.0,57.3,303.0,43.3,305.0,107.7,139.0,Wichita St.,"W, 82-76",Amer,66.6,230.0,112.2,118.0,49.4,274.0,15.2,76.0,38.3,4.0,36.1,148.0,102.5,60.0,47.2,25.0,15.9,228.0,29.0,100.0,34.4,162.0,33.4,202.0,49.0,283.0,68.4,317.0,8.2,72.0,8.8,100.0,6.4,80.0,5.5,100.0,41.8,354.0,33.9,299.0,20.0,170.0,52.5,79.0,27.5,275.0,20.3,144.0,52.8,45.0,26.8,323.0,Amer,31.1,39.0,47.5,39.0,70.1,55.0,9.8,150.0,8.7,236.0,7.1,196.0,6.2,121.0,44.0,16.0,34.1,33.0,102.5,60.0,0.6,0.0,0.0,0.0,0.0,0.4,7.0,"[0, 0, 21]",4.2,9.899494936611665,8.399999999999999,"[0, 0, 0, 0, 0.6]",,,,
21.0,Isaiah Coleman,6-5,200.0,Jr,32.0,44.1,99.2,18.6,18.1,50.6,52.0,6.5,14.7,8.0,18.7,1.1,2.2,4.0,3.2,37.1,36-63,0.571,83-145,0.572,2-25,0.08,https://kenpom.com/player.php?p=54788,0.0,19.0,12.0,15.0,24.0,18.0,Oklahoma+St.,B12,72.3,9.0,120.1,44.0,52.2,140.0,15.8,122.0,31.0,166.0,39.7,62.0,107.7,139.0,52.9,265.0,15.7,236.0,30.2,175.0,31.8,101.0,34.0,170.0,52.8,136.0,74.9,87.0,10.5,272.0,9.1,133.0,6.7,120.0,5.6,125.0,50.9,222.0,35.6,257.0,22.2,64.0,50.7,132.0,27.1,282.0,17.6,294.0,46.5,283.0,35.9,39.0,B12,35.5,280.0,52.6,223.0,71.0,99.0,7.1,308.0,9.6,169.0,6.2,311.0,6.0,185.0,57.3,303.0,43.3,305.0,107.7,139.0,Wichita St.,"W, 82-76",Amer,66.6,230.0,112.2,118.0,49.4,274.0,15.2,76.0,38.3,4.0,36.1,148.0,102.5,60.0,47.2,25.0,15.9,228.0,29.0,100.0,34.4,162.0,33.4,202.0,49.0,283.0,68.4,317.0,8.2,72.0,8.8,100.0,6.4,80.0,5.5,100.0,41.8,354.0,33.9,299.0,20.0,170.0,52.5,79.0,27.5,275.0,20.3,144.0,52.8,45.0,26.8,323.0,Amer,31.1,39.0,47.5,39.0,70.1,55.0,9.8,150.0,8.7,236.0,7.1,196.0,6.2,121.0,44.0,16.0,34.1,33.0,102.5,60.0,0.0,1.9,1.2,1.5,2.4,1.8,10.333333333333334,"[12, 19, 0]",14.0,7.84573486395988,8.07465169527454,"[2.4, 1.5, 1.2, 1.9, 0]",,,,
0.0,Jaylen Curry,6-1,175.0,Jr,32.0,55.3,111.1,22.2,22.4,47.7,53.1,1.0,13.4,26.7,14.4,0.3,2.9,2.8,3.8,36.2,77-96,0.802,89-187,0.476,25-78,0.321,https://kenpom.com/player.php?p=54576,35.0,14.0,24.0,26.0,31.0,25.0,Oklahoma+St.,B12,72.3,9.0,120.1,44.0,52.2,140.0,15.8,122.0,31.0,166.0,39.7,62.0,107.7,139.0,52.9,265.0,15.7,236.0,30.2,175.0,31.8,101.0,34.0,170.0,52.8,136.0,74.9,87.0,10.5,272.0,9.1,133.0,6.7,120.0,5.6,125.0,50.9,222.0,35.6,257.0,22.2,64.0,50.7,132.0,27.1,282.0,17.6,294.0,46.5,283.0,35.9,39.0,B12,35.5,280.0,52.6,223.0,71.0,99.0,7.1,308.0,9.6,169.0,6.2,311.0,6.0,185.0,57.3,303.0,43.3,305.0,107.7,139.0,Wichita St.,"W, 82-76",Amer,66.6,230.0,112.2,118.0,49.4,274.0,15.2,76.0,38.3,4.0,36.1,148.0,102.5,60.0,47.2,25.0,15.9,228.0,29.0,100.0,34.4,162.0,33.4,202.0,49.0,283.0,68.4,317.0,8.2,72.0,8.8,100.0,6.4,80.0,5.5,100.0,41.8,354.0,33.9,299.0,20.0,170.0,52.5,79.0,27.5,275.0,20.3,144.0,52.8,45.0,26.8,323.0,Amer,31.1,39.0,47.5,39.0,70.1,55.0,9.8,150.0,8.7,236.0,7.1,196.0,6.2,121.0,44.0,16.0,34.1,33.0,102.5,60.0,2.4,1.0,1.7,1.8,2.2,1.8,24.333333333333332,"[24, 14, 35]",26.0,8.576453553512405,7.127411872482185,"[2.2, 1.8, 1.7, 1, 2.4]",,,,
1.0,Kanye Clary,6-0,190.0,Jr,33.0,67.3,107.8,21.0,19.1,45.6,52.2,1.8,8.9,27.7,18.6,0.1,2.3,2.5,3.7,42.0,93-115,0.809,62-155,0.4,42-119,0.353,https://kenpom.com/player.php?p=52874,35.0,35.0,34.0,38.0,40.0,24.0,Oklahoma+St.,B12,72.3,9.0,120.1,44.0,52.2,140.0,15.8,122.0,31.0,166.0,39.7,62.0,107.7,139.0,52.9,265.0,15.7,236.0,30.2,175.0,31.8,101.0,34.0,170.0,52.8,136.0,74.9,87.0,10.5,272.0,9.1,133.0,6.7,120.0,5.6,125.0,50.9,222.0,35.6,257.0,22.2,64.0,50.7,132.0,27.1,282.0,17.6,294.0,46.5,283.0,35.9,39.0,B12,35.5,280.0,52.6,223.0,71.0,99.0,7.1,308.0,9.6,169.0,6.2,311.0,6.0,185.0,57.3,303.0,43.3,305.0,107.7,139.0,Wichita St.,"W, 82-76",Amer,66.6,230.0,112.2,118.0,49.4,274.0,15.2,76.0,38.3,4.0,36.1,148.0,102.5,60.0,47.2,25.0,15.9,228.0,29.0,100.0,34.4,162.0,33.4,202.0,49.0,283.0,68.4,317.0,8.2,72.0,8.8,100.0,6.4,80.0,5.5,100.0,41.8,354.0,33.9,299.0,20.0,170.0,52.5,79.0,27.5,275.0,20.3,144.0,52.8,45.0,26.8,323.0,Amer,31.1,39.0,47.5,39.0,70.1,55.0,9.8,150.0,8.7,236.0,7.1,196.0,6.2,121.0,44.0,16.0,34.1,33.0,102.5,60.0,2.2,2.2,2.1,2.4,2.5,1.5,34.666666666666664,"[34, 35, 35]",36.4,0.4714045207910317,2.244994432064365,"[2.5, 2.4, 2.1, 2.2, 2.2]",,,,
72.0,Lefteris Mantzoukas,6-9,230.0,Fr,12.0,15.7,89.1,14.8,16.7,44.6,45.4,5.1,19.6,4.5,20.4,2.0,0.5,3.9,1.4,8.9,3-5,0.6,13-23,0.565,8-33,0.242,https://kenpom.com/player.php?p=58445,0.0,0.0,0.0,0.0,0.0,0.0,Oklahoma+St.,B12,72.3,9.0,120.1,44.0,52.2,140.0,15.8,122.0,31.0,166.0,39.7,62.0,107.7,139.0,52.9,265.0,15.7,236.0,30.2,175.0,31.8,101.0,34.0,170.0,52.8,136.0,74.9,87.0,10.5,272.0,9.1,133.0,6.7,120.0,5.6,125.0,50.9,222.0,35.6,257.0,22.2,64.0,50.7,132.0,27.1,282.0,17.6,294.0,46.5,283.0,35.9,39.0,B12,35.5,280.0,52.6,223.0,71.0,99.0,7.1,308.0,9.6,169.0,6.2,311.0,6.0,185.0,57.3,303.0,43.3,305.0,107.7,139.0,Wichita St.,"W, 82-76",Amer,66.6,230.0,112.2,118.0,49.4,274.0,15.2,76.0,38.3,4.0,36.1,148.0,102.5,60.0,47.2,25.0,15.9,228.0,29.0,100.0,34.4,162.0,33.4,202.0,49.0,283.0,68.4,317.0,8.2,72.0,8.8,100.0,6.4,80.0,5.5,100.0,41.8,354.0,33.9,299.0,20.0,170.0,52.5,79.0,27.5,275.0,20.3,144.0,52.8,45.0,26.8,323.0,Amer,31.1,39.0,47.5,39.0,70.1,55.0,9.8,150.0,8.7,236.0,7.1,196.0,6.2,121.0,44.0,16.0,34.1,33.0,102.5,60.0,0.0,0.0,0.0,0.0,0.0,0.0,0.0,"[0, 0, 0]",0.0,0.0,0.0,"[0, 0, 0, 0, 0]",,,,
13.0,Mekhi Ragland,6-11,330.0,Fr,13.0,5.0,94.0,17.9,23.7,36.0,36.6,9.7,21.8,7.5,4.4,1.6,4.0,7.7,1.6,8.0,1-2,0.5,9-24,0.375,0-1,0.0,https://kenpom.com/player.php?p=58439,11.0,9.0,9.0,0.0,2.0,3.0,Oklahoma+St.,B12,72.3,9.0,120.1,44.0,52.2,140.0,15.8,122.0,31.0,166.0,39.7,62.0,107.7,139.0,52.9,265.0,15.7,236.0,30.2,175.0,31.8,101.0,34.0,170.0,52.8,136.0,74.9,87.0,10.5,272.0,9.1,133.0,6.7,120.0,5.6,125.0,50.9,222.0,35.6,257.0,22.2,64.0,50.7,132.0,27.1,282.0,17.6,294.0,46.5,283.0,35.9,39.0,B12,35.5,280.0,52.6,223.0,71.0,99.0,7.1,308.0,9.6,169.0,6.2,311.0,6.0,185.0,57.3,303.0,43.3,305.0,107.7,139.0,Wichita St.,"W, 82-76",Amer,66.6,230.0,112.2,118.0,49.4,274.0,15.2,76.0,38.3,4.0,36.1,148.0,102.5,60.0,47.2,25.0,15.9,228.0,29.0,100.0,34.4,162.0,33.4,202.0,49.0,283.0,68.4,317.0,8.2,72.0,8.8,100.0,6.4,80.0,5.5,100.0,41.8,354.0,33.9,299.0,20.0,170.0,52.5,79.0,27.5,275.0,20.3,144.0,52.8,45.0,26.8,323.0,Amer,31.1,39.0,47.5,39.0,70.1,55.0,9.8,150.0,8.7,236.0,7.1,196.0,6.2,121.0,44.0,16.0,34.1,33.0,102.5,60.0,2.1,1.7,1.7,0.0,0.4,0.6,9.666666666666666,"[9, 9, 11]",6.2,0.9428090415820634,4.354308211415448,"[0.4, 0, 1.7, 1.7, 2.1]",,,,
22.0,Parsa Fallah,6-10,250.0,Sr,26.0,49.7,123.1,22.4,22.5,62.3,64.2,9.8,14.9,6.3,12.4,1.9,2.4,3.4,5.0,51.0,83-122,0.68,131-209,0.627,12-30,0.4,https://kenpom.com/player.php?p=51951,0.0,0.0,0.0,0.0,0.0,0.0,Oklahoma+St.,B12,72.3,9.0,120.1,44.0,52.2,140.0,15.8,122.0,31.0,166.0,39.7,62.0,107.7,139.0,52.9,265.0,15.7,236.0,30.2,175.0,31.8,101.0,34.0,170.0,52.8,136.0,74.9,87.0,10.5,272.0,9.1,133.0,6.7,120.0,5.6,125.0,50.9,222.0,35.6,257.0,22.2,64.0,50.7,132.0,27.1,282.0,17.6,294.0,46.5,283.0,35.9,39.0,B12,35.5,280.0,52.6,223.0,71.0,99.0,7.1,308.0,9.6,169.0,6.2,311.0,6.0,185.0,57.3,303.0,43.3,305.0,107.7,139.0,Wichita St.,"W, 82-76",Amer,66.6,230.0,112.2,118.0,49.4,274.0,15.2,76.0,38.3,4.0,36.1,148.0,102.5,60.0,47.2,25.0,15.9,228.0,29.0,100.0,34.4,162.0,33.4,202.0,49.0,283.0,68.4,317.0,8.2,72.0,8.8,100.0,6.4,80.0,5.5,100.0,41.8,354.0,33.9,299.0,20.0,170.0,52.5,79.0,27.5,275.0,20.3,144.0,52.8,45.0,26.8,323.0,Amer,31.1,39.0,47.5,39.0,70.1,55.0,9.8,150.0,8.7,236.0,7.1,196.0,6.2,121.0,44.0,16.0,34.1,33.0,102.5,60.0,0.0,0.0,0.0,0.0,0.0,0.0,0.0,"[0, 0, 0]",0.0,0.0,0.0,"[0, 0, 0, 0, 0]",,,,
25.0,Robert Jennings,6-7,230.0,Sr,3.0,2.8,88.5,17.3,15.2,50.0,50.5,8.7,25.1,0.0,24.7,2.9,4.3,6.3,3.2,44.4,2-4,0.5,3-7,0.429,1-2,0.5,https://kenpom.com/player.php?p=53290,0.0,0.0,0.0,0.0,0.0,0.0,Oklahoma+St.,B12,72.3,9.0,120.1,44.0,52.2,140.0,15.8,122.0,31.0,166.0,39.7,62.0,107.7,139.0,52.9,265.0,15.7,236.0,30.2,175.0,31.8,101.0,34.0,170.0,52.8,136.0,74.9,87.0,10.5,272.0,9.1,133.0,6.7,120.0,5.6,125.0,50.9,222.0,35.6,257.0,22.2,64.0,50.7,132.0,27.1,282.0,17.6,294.0,46.5,283.0,35.9,39.0,B12,35.5,280.0,52.6,223.0,71.0,99.0,7.1,308.0,9.6,169.0,6.2,311.0,6.0,185.0,57.3,303.0,43.3,305.0,107.7,139.0,Wichita St.,"W, 82-76",Amer,66.6,230.0,112.2,118.0,49.4,274.0,15.2,76.0,38.3,4.0,36.1,148.0,102.5,60.0,47.2,25.0,15.9,228.0,29.0,100.0,34.4,162.0,33.4,202.0,49.0,283.0,68.4,317.0,8.2,72.0,8.8,100.0,6.4,80.0,5.5,100.0,41.8,354.0,33.9,299.0,20.0,170.0,52.5,79.0,27.5,275.0,20.3,144.0,52.8,45.0,26.8,323.0,Amer,31.1,39.0,47.5,39.0,70.1,55.0,9.8,150.0,8.7,236.0,7.1,196.0,6.2,121.0,44.0,16.0,34.1,33.0,102.5,60.0,0.0,0.0,0.0,0.0,0.0,0.0,0.0,"[0, 0, 0]",0.0,0.0,0.0,"[0, 0, 0, 0, 0]",,,,
24.0,Ryan Crotty,6-6,215.0,Fr,27.0,19.8,107.6,13.0,14.9,42.9,47.6,3.6,12.8,7.4,9.2,0.4,0.4,5.0,2.5,31.8,15-20,0.75,3-9,0.333,16-54,0.296,https://kenpom.com/player.php?p=58442,22.0,3.0,6.0,2.0,6.0,17.0,Oklahoma+St.,B12,72.3,9.0,120.1,44.0,52.2,140.0,15.8,122.0,31.0,166.0,39.7,62.0,107.7,139.0,52.9,265.0,15.7,236.0,30.2,175.0,31.8,101.0,34.0,170.0,52.8,136.0,74.9,87.0,10.5,272.0,9.1,133.0,6.7,120.0,5.6,125.0,50.9,222.0,35.6,257.0,22.2,64.0,50.7,132.0,27.1,282.0,17.6,294.0,46.5,283.0,35.9,39.0,B12,35.5,280.0,52.6,223.0,71.0,99.0,7.1,308.0,9.6,169.0,6.2,311.0,6.0,185.0,57.3,303.0,43.3,305.0,107.7,139.0,Wichita St.,"W, 82-76",Amer,66.6,230.0,112.2,118.0,49.4,274.0,15.2,76.0,38.3,4.0,36.1,148.0,102.5,60.0,47.2,25.0,15.9,228.0,29.0,100.0,34.4,162.0,33.4,202.0,49.0,283.0,68.4,317.0,8.2,72.0,8.8,100.0,6.4,80.0,5.5,100.0,41.8,354.0,33.9,299.0,20.0,170.0,52.5,79.0,27.5,275.0,20.3,144.0,52.8,45.0,26.8,323.0,Amer,31.1,39.0,47.5,39.0,70.1,55.0,9.8,150.0,8.7,236.0,7.1,196.0,6.2,121.0,44.0,16.0,34.1,33.0,102.5,60.0,2.8,0.4,0.8,0.2,0.8,2.1,10.333333333333334,"[6, 3, 22]",7.8,8.339997335464535,7.277362159464101,"[0.8, 0.2, 0.8, 0.4, 2.8]",,,,
5.0,Vyctorius Miller,6-5,190.0,So,31.0,57.6,110.2,19.9,19.9,50.4,57.1,3.2,8.3,11.4,17.1,1.0,2.3,4.0,3.9,42.9,90-105,0.857,59-127,0.465,43-118,0.364,https://kenpom.com/player.php?p=56308,0.0,19.0,30.0,18.0,11.0,25.0,Oklahoma+St.,B12,72.3,9.0,120.1,44.0,52.2,140.0,15.8,122.0,31.0,166.0,39.7,62.0,107.7,139.0,52.9,265.0,15.7,236.0,30.2,175.0,31.8,101.0,34.0,170.0,52.8,136.0,74.9,87.0,10.5,272.0,9.1,133.0,6.7,120.0,5.6,125.0,50.9,222.0,35.6,257.0,22.2,64.0,50.7,132.0,27.1,282.0,17.6,294.0,46.5,283.0,35.9,39.0,B12,35.5,280.0,52.6,223.0,71.0,99.0,7.1,308.0,9.6,169.0,6.2,311.0,6.0,185.0,57.3,303.0,43.3,305.0,107.7,139.0,Wichita St.,"W, 82-76",Amer,66.6,230.0,112.2,118.0,49.4,274.0,15.2,76.0,38.3,4.0,36.1,148.0,102.5,60.0,47.2,25.0,15.9,228.0,29.0,100.0,34.4,162.0,33.4,202.0,49.0,283.0,68.4,317.0,8.2,72.0,8.8,100.0,6.4,80.0,5.5,100.0,41.8,354.0,33.9,299.0,20.0,170.0,52.5,79.0,27.5,275.0,20.3,144.0,52.8,45.0,26.8,323.0,Amer,31.1,39.0,47.5,39.0,70.1,55.0,9.8,150.0,8.7,236.0,7.1,196.0,6.2,121.0,44.0,16.0,34.1,33.0,102.5,60.0,0.0,1.9,3.0,1.8,1.1,2.5,16.333333333333332,"[30, 19, 0]",15.6,12.39175353029407,9.89141041510259,"[1.1, 1.8, 3, 1.9, 0]",,,,
5.0,Brian Amuneke,6-5,184.0,So,33.0,19.5,96.9,16.0,20.2,40.7,41.8,1.2,9.1,7.3,9.9,1.2,2.5,4.1,2.3,19.8,8-16,0.5,9-29,0.31,16-52,0.308,https://kenpom.com/player.php?p=57549,14.0,3.0,5.0,5.0,9.0,5.0,Wichita+St.,Amer,66.6,230.0,112.2,118.0,49.4,274.0,15.2,76.0,38.3,4.0,36.1,148.0,102.5,60.0,47.2,25.0,15.9,228.0,29.0,100.0,34.4,162.0,33.4,202.0,49.0,283.0,68.4,317.0,8.2,72.0,8.8,100.0,6.4,80.0,5.5,100.0,41.8,354.0,33.9,299.0,20.0,170.0,52.5,79.0,27.5,275.0,20.3,144.0,52.8,45.0,26.8,323.0,Amer,31.1,39.0,47.5,39.0,70.1,55.0,9.8,150.0,8.7,236.0,7.1,196.0,6.2,121.0,44.0,16.0,34.1,33.0,102.5,60.0,Oklahoma St.,"L, 82-76",B12,72.3,9.0,120.1,44.0,52.2,140.0,15.8,122.0,31.0,166.0,39.7,62.0,107.7,139.0,52.9,265.0,15.7,236.0,30.2,175.0,31.8,101.0,34.0,170.0,52.8,136.0,74.9,87.0,10.5,272.0,9.1,133.0,6.7,120.0,5.6,125.0,50.9,222.0,35.6,257.0,22.2,64.0,50.7,132.0,27.1,282.0,17.6,294.0,46.5,283.0,35.9,39.0,B12,35.5,280.0,52.6,223.0,71.0,99.0,7.1,308.0,9.6,169.0,6.2,311.0,6.0,185.0,57.3,303.0,43.3,305.0,107.7,139.0,1.4,0.3,0.5,0.5,0.9,0.5,7.333333333333333,"[5, 3, 14]",7.2,4.784233364802441,3.919183588453085,"[0.9, 0.5, 0.5, 0.3, 1.4]",,,,
8.0,Dillon Battie,6-8,200.0,So,28.0,36.1,113.5,20.9,17.9,55.3,56.9,8.3,19.6,8.7,14.6,2.4,2.4,3.6,5.2,67.7,53-90,0.589,69-118,0.585,3-15,0.2,https://kenpom.com/player.php?p=57221,22.0,27.0,14.0,29.0,18.0,14.0,Wichita+St.,Amer,66.6,230.0,112.2,118.0,49.4,274.0,15.2,76.0,38.3,4.0,36.1,148.0,102.5,60.0,47.2,25.0,15.9,228.0,29.0,100.0,34.4,162.0,33.4,202.0,49.0,283.0,68.4,317.0,8.2,72.0,8.8,100.0,6.4,80.0,5.5,100.0,41.8,354.0,33.9,299.0,20.0,170.0,52.5,79.0,27.5,275.0,20.3,144.0,52.8,45.0,26.8,323.0,Amer,31.1,39.0,47.5,39.0,70.1,55.0,9.8,150.0,8.7,236.0,7.1,196.0,6.2,121.0,44.0,16.0,34.1,33.0,102.5,60.0,Oklahoma St.,"L, 82-76",B12,72.3,9.0,120.1,44.0,52.2,140.0,15.8,122.0,31.0,166.0,39.7,62.0,107.7,139.0,52.9,265.0,15.7,236.0,30.2,175.0,31.8,101.0,34.0,170.0,52.8,136.0,74.9,87.0,10.5,272.0,9.1,133.0,6.7,120.0,5.6,125.0,50.9,222.0,35.6,257.0,22.2,64.0,50.7,132.0,27.1,282.0,17.6,294.0,46.5,283.0,35.9,39.0,B12,35.5,280.0,52.6,223.0,71.0,99.0,7.1,308.0,9.6,169.0,6.2,311.0,6.0,185.0,57.3,303.0,43.3,305.0,107.7,139.0,2.0,2.4,1.3,2.6,1.6,1.3,21.0,"[14, 27, 22]",22.0,5.354126134736337,5.549774770204643,"[1.6, 2.6, 1.3, 2.4, 2]",,,,
3.0,Dre Kindell,5-11,160.0,Jr,33.0,41.9,111.5,18.8,15.7,46.3,53.8,3.0,7.1,22.2,19.5,0.7,2.3,4.3,3.9,53.3,57-72,0.792,46-103,0.447,11-32,0.344,https://kenpom.com/player.php?p=58597,7.0,7.0,9.0,21.0,15.0,18.0,Wichita+St.,Amer,66.6,230.0,112.2,118.0,49.4,274.0,15.2,76.0,38.3,4.0,36.1,148.0,102.5,60.0,47.2,25.0,15.9,228.0,29.0,100.0,34.4,162.0,33.4,202.0,49.0,283.0,68.4,317.0,8.2,72.0,8.8,100.0,6.4,80.0,5.5,100.0,41.8,354.0,33.9,299.0,20.0,170.0,52.5,79.0,27.5,275.0,20.3,144.0,52.8,45.0,26.8,323.0,Amer,31.1,39.0,47.5,39.0,70.1,55.0,9.8,150.0,8.7,236.0,7.1,196.0,6.2,121.0,44.0,16.0,34.1,33.0,102.5,60.0,Oklahoma St.,"L, 82-76",B12,72.3,9.0,120.1,44.0,52.2,140.0,15.8,122.0,31.0,166.0,39.7,62.0,107.7,139.0,52.9,265.0,15.7,236.0,30.2,175.0,31.8,101.0,34.0,170.0,52.8,136.0,74.9,87.0,10.5,272.0,9.1,133.0,6.7,120.0,5.6,125.0,50.9,222.0,35.6,257.0,22.2,64.0,50.7,132.0,27.1,282.0,17.6,294.0,46.5,283.0,35.9,39.0,B12,35.5,280.0,52.6,223.0,71.0,99.0,7.1,308.0,9.6,169.0,6.2,311.0,6.0,185.0,57.3,303.0,43.3,305.0,107.7,139.0,0.8,0.8,1.0,2.3,1.6,1.9,7.666666666666667,"[9, 7, 7]",11.8,0.9428090415820634,5.455272678794342,"[1.6, 2.3, 1, 0.8, 0.8]",,,,
20.0,Emmanuel Okorafor,6-10,235.0,Sr,33.0,41.5,112.1,20.6,17.7,57.6,59.9,12.6,21.1,5.2,20.6,5.4,1.4,4.8,3.7,44.4,45-67,0.672,87-151,0.576,0-0,0.0,https://kenpom.com/player.php?p=54127,22.0,16.0,12.0,23.0,18.0,17.0,Wichita+St.,Amer,66.6,230.0,112.2,118.0,49.4,274.0,15.2,76.0,38.3,4.0,36.1,148.0,102.5,60.0,47.2,25.0,15.9,228.0,29.0,100.0,34.4,162.0,33.4,202.0,49.0,283.0,68.4,317.0,8.2,72.0,8.8,100.0,6.4,80.0,5.5,100.0,41.8,354.0,33.9,299.0,20.0,170.0,52.5,79.0,27.5,275.0,20.3,144.0,52.8,45.0,26.8,323.0,Amer,31.1,39.0,47.5,39.0,70.1,55.0,9.8,150.0,8.7,236.0,7.1,196.0,6.2,121.0,44.0,16.0,34.1,33.0,102.5,60.0,Oklahoma St.,"L, 82-76",B12,72.3,9.0,120.1,44.0,52.2,140.0,15.8,122.0,31.0,166.0,39.7,62.0,107.7,139.0,52.9,265.0,15.7,236.0,30.2,175.0,31.8,101.0,34.0,170.0,52.8,136.0,74.9,87.0,10.5,272.0,9.1,133.0,6.7,120.0,5.6,125.0,50.9,222.0,35.6,257.0,22.2,64.0,50.7,132.0,27.1,282.0,17.6,294.0,46.5,283.0,35.9,39.0,B12,35.5,280.0,52.6,223.0,71.0,99.0,7.1,308.0,9.6,169.0,6.2,311.0,6.0,185.0,57.3,303.0,43.3,305.0,107.7,139.0,2.6,1.9,1.4,2.8,2.2,2.0,16.666666666666668,"[12, 16, 22]",18.2,4.109609335312651,4.019950248448356,"[2.2, 2.8, 1.4, 1.9, 2.6]",,,,
2.0,Jaret Valencia,6-8,189.0,Jr,10.0,9.8,94.7,13.9,13.9,33.9,38.4,5.7,9.1,6.2,9.7,4.0,0.5,4.5,3.4,53.6,8-15,0.533,5-18,0.278,3-10,0.3,https://kenpom.com/player.php?p=53844,0.0,0.0,0.0,0.0,0.0,0.0,Wichita+St.,Amer,66.6,230.0,112.2,118.0,49.4,274.0,15.2,76.0,38.3,4.0,36.1,148.0,102.5,60.0,47.2,25.0,15.9,228.0,29.0,100.0,34.4,162.0,33.4,202.0,49.0,283.0,68.4,317.0,8.2,72.0,8.8,100.0,6.4,80.0,5.5,100.0,41.8,354.0,33.9,299.0,20.0,170.0,52.5,79.0,27.5,275.0,20.3,144.0,52.8,45.0,26.8,323.0,Amer,31.1,39.0,47.5,39.0,70.1,55.0,9.8,150.0,8.7,236.0,7.1,196.0,6.2,121.0,44.0,16.0,34.1,33.0,102.5,60.0,Oklahoma St.,"L, 82-76",B12,72.3,9.0,120.1,44.0,52.2,140.0,15.8,122.0,31.0,166.0,39.7,62.0,107.7,139.0,52.9,265.0,15.7,236.0,30.2,175.0,31.8,101.0,34.0,170.0,52.8,136.0,74.9,87.0,10.5,272.0,9.1,133.0,6.7,120.0,5.6,125.0,50.9,222.0,35.6,257.0,22.2,64.0,50.7,132.0,27.1,282.0,17.6,294.0,46.5,283.0,35.9,39.0,B12,35.5,280.0,52.6,223.0,71.0,99.0,7.1,308.0,9.6,169.0,6.2,311.0,6.0,185.0,57.3,303.0,43.3,305.0,107.7,139.0,0.0,0.0,0.0,0.0,0.0,0.0,0.0,"[0, 0, 0]",0.0,0.0,0.0,"[0, 0, 0, 0, 0]",,,,
0.0,Karon Boyd,6-6,223.0,Sr,33.0,82.7,108.9,17.8,17.9,48.7,50.9,7.8,11.3,8.6,15.6,1.5,1.2,3.4,3.0,32.2,61-98,0.622,88-186,0.473,40-118,0.339,https://kenpom.com/player.php?p=55161,26.0,37.0,34.0,38.0,29.0,38.0,Wichita+St.,Amer,66.6,230.0,112.2,118.0,49.4,274.0,15.2,76.0,38.3,4.0,36.1,148.0,102.5,60.0,47.2,25.0,15.9,228.0,29.0,100.0,34.4,162.0,33.4,202.0,49.0,283.0,68.4,317.0,8.2,72.0,8.8,100.0,6.4,80.0,5.5,100.0,41.8,354.0,33.9,299.0,20.0,170.0,52.5,79.0,27.5,275.0,20.3,144.0,52.8,45.0,26.8,323.0,Amer,31.1,39.0,47.5,39.0,70.1,55.0,9.8,150.0,8.7,236.0,7.1,196.0,6.2,121.0,44.0,16.0,34.1,33.0,102.5,60.0,Oklahoma St.,"L, 82-76",B12,72.3,9.0,120.1,44.0,52.2,140.0,15.8,122.0,31.0,166.0,39.7,62.0,107.7,139.0,52.9,265.0,15.7,236.0,30.2,175.0,31.8,101.0,34.0,170.0,52.8,136.0,74.9,87.0,10.5,272.0,9.1,133.0,6.7,120.0,5.6,125.0,50.9,222.0,35.6,257.0,22.2,64.0,50.7,132.0,27.1,282.0,17.6,294.0,46.5,283.0,35.9,39.0,B12,35.5,280.0,52.6,223.0,71.0,99.0,7.1,308.0,9.6,169.0,6.2,311.0,6.0,185.0,57.3,303.0,43.3,305.0,107.7,139.0,2.2,3.1,2.9,3.2,2.5,3.2,32.333333333333336,"[34, 37, 26]",32.8,4.642796092394707,4.621688003316537,"[2.5, 3.2, 2.9, 3.1, 2.2]",,,,
1.0,Kenyon Giles,5-10,159.0,Sr,33.0,89.1,117.2,23.0,30.5,51.8,53.9,1.1,6.9,8.2,9.4,0.1,2.7,1.6,2.5,12.9,60-72,0.833,117-258,0.453,115-301,0.382,https://kenpom.com/player.php?p=52922,38.0,39.0,39.0,36.0,36.0,36.0,Wichita+St.,Amer,66.6,230.0,112.2,118.0,49.4,274.0,15.2,76.0,38.3,4.0,36.1,148.0,102.5,60.0,47.2,25.0,15.9,228.0,29.0,100.0,34.4,162.0,33.4,202.0,49.0,283.0,68.4,317.0,8.2,72.0,8.8,100.0,6.4,80.0,5.5,100.0,41.8,354.0,33.9,299.0,20.0,170.0,52.5,79.0,27.5,275.0,20.3,144.0,52.8,45.0,26.8,323.0,Amer,31.1,39.0,47.5,39.0,70.1,55.0,9.8,150.0,8.7,236.0,7.1,196.0,6.2,121.0,44.0,16.0,34.1,33.0,102.5,60.0,Oklahoma St.,"L, 82-76",B12,72.3,9.0,120.1,44.0,52.2,140.0,15.8,122.0,31.0,166.0,39.7,62.0,107.7,139.0,52.9,265.0,15.7,236.0,30.2,175.0,31.8,101.0,34.0,170.0,52.8,136.0,74.9,87.0,10.5,272.0,9.1,133.0,6.7,120.0,5.6,125.0,50.9,222.0,35.6,257.0,22.2,64.0,50.7,132.0,27.1,282.0,17.6,294.0,46.5,283.0,35.9,39.0,B12,35.5,280.0,52.6,223.0,71.0,99.0,7.1,308.0,9.6,169.0,6.2,311.0,6.0,185.0,57.3,303.0,43.3,305.0,107.7,139.0,1.5,1.6,1.6,1.4,1.4,1.4,38.666666666666664,"[39, 39, 38]",37.6,0.4714045207910317,1.3564659966250536,"[1.4, 1.4, 1.6, 1.6, 1.5]",,,,
9.0,Michael Gray,6-1,206.0,Sr,33.0,66.3,101.8,17.3,18.5,41.9,46.3,1.6,11.9,15.2,17.6,0.6,1.2,2.5,2.4,22.1,47-56,0.839,40-101,0.396,44-152,0.289,https://kenpom.com/player.php?p=55432,34.0,33.0,32.0,19.0,30.0,23.0,Wichita+St.,Amer,66.6,230.0,112.2,118.0,49.4,274.0,15.2,76.0,38.3,4.0,36.1,148.0,102.5,60.0,47.2,25.0,15.9,228.0,29.0,100.0,34.4,162.0,33.4,202.0,49.0,283.0,68.4,317.0,8.2,72.0,8.8,100.0,6.4,80.0,5.5,100.0,41.8,354.0,33.9,299.0,20.0,170.0,52.5,79.0,27.5,275.0,20.3,144.0,52.8,45.0,26.8,323.0,Amer,31.1,39.0,47.5,39.0,70.1,55.0,9.8,150.0,8.7,236.0,7.1,196.0,6.2,121.0,44.0,16.0,34.1,33.0,102.5,60.0,Oklahoma St.,"L, 82-76",B12,72.3,9.0,120.1,44.0,52.2,140.0,15.8,122.0,31.0,166.0,39.7,62.0,107.7,139.0,52.9,265.0,15.7,236.0,30.2,175.0,31.8,101.0,34.0,170.0,52.8,136.0,74.9,87.0,10.5,272.0,9.1,133.0,6.7,120.0,5.6,125.0,50.9,222.0,35.6,257.0,22.2,64.0,50.7,132.0,27.1,282.0,17.6,294.0,46.5,283.0,35.9,39.0,B12,35.5,280.0,52.6,223.0,71.0,99.0,7.1,308.0,9.6,169.0,6.2,311.0,6.0,185.0,57.3,303.0,43.3,305.0,107.7,139.0,2.1,2.1,2.0,1.2,1.9,1.4,33.0,"[32, 33, 34]",29.6,0.816496580927726,5.4626001134990645,"[1.9, 1.2, 2, 2.1, 2.1]",,,,
22.0,Noah Hill,6-7,222.0,Fr,20.0,6.6,111.3,18.8,14.0,63.2,52.6,25.2,29.3,2.1,14.2,4.7,1.3,7.2,4.0,63.2,2-12,0.167,12-19,0.632,0-0,0.0,https://kenpom.com/player.php?p=58602,0.0,4.0,0.0,1.0,2.0,0.0,Wichita+St.,Amer,66.6,230.0,112.2,118.0,49.4,274.0,15.2,76.0,38.3,4.0,36.1,148.0,102.5,60.0,47.2,25.0,15.9,228.0,29.0,100.0,34.4,162.0,33.4,202.0,49.0,283.0,68.4,317.0,8.2,72.0,8.8,100.0,6.4,80.0,5.5,100.0,41.8,354.0,33.9,299.0,20.0,170.0,52.5,79.0,27.5,275.0,20.3,144.0,52.8,45.0,26.8,323.0,Amer,31.1,39.0,47.5,39.0,70.1,55.0,9.8,150.0,8.7,236.0,7.1,196.0,6.2,121.0,44.0,16.0,34.1,33.0,102.5,60.0,Oklahoma St.,"L, 82-76",B12,72.3,9.0,120.1,44.0,52.2,140.0,15.8,122.0,31.0,166.0,39.7,62.0,107.7,139.0,52.9,265.0,15.7,236.0,30.2,175.0,31.8,101.0,34.0,170.0,52.8,136.0,74.9,87.0,10.5,272.0,9.1,133.0,6.7,120.0,5.6,125.0,50.9,222.0,35.6,257.0,22.2,64.0,50.7,132.0,27.1,282.0,17.6,294.0,46.5,283.0,35.9,39.0,B12,35.5,280.0,52.6,223.0,71.0,99.0,7.1,308.0,9.6,169.0,6.2,311.0,6.0,185.0,57.3,303.0,43.3,305.0,107.7,139.0,0.0,0.7,0.0,0.2,0.4,0.0,1.3333333333333333,"[0, 4, 0]",1.4,1.8856180831641267,1.4966629547095764,"[0.4, 0.2, 0, 0.7, 0]",,,,
4.0,TJ Williams,6-5,201.0,Fr,32.0,53.1,109.8,21.5,19.5,46.7,51.8,8.5,14.7,13.2,15.0,1.0,1.8,3.4,4.5,52.1,76-111,0.685,98-201,0.488,1-12,0.083,https://kenpom.com/player.php?p=56104,18.0,13.0,26.0,11.0,22.0,26.0,Wichita+St.,Amer,66.6,230.0,112.2,118.0,49.4,274.0,15.2,76.0,38.3,4.0,36.1,148.0,102.5,60.0,47.2,25.0,15.9,228.0,29.0,100.0,34.4,162.0,33.4,202.0,49.0,283.0,68.4,317.0,8.2,72.0,8.8,100.0,6.4,80.0,5.5,100.0,41.8,354.0,33.9,299.0,20.0,170.0,52.5,79.0,27.5,275.0,20.3,144.0,52.8,45.0,26.8,323.0,Amer,31.1,39.0,47.5,39.0,70.1,55.0,9.8,150.0,8.7,236.0,7.1,196.0,6.2,121.0,44.0,16.0,34.1,33.0,102.5,60.0,Oklahoma St.,"L, 82-76",B12,72.3,9.0,120.1,44.0,52.2,140.0,15.8,122.0,31.0,166.0,39.7,62.0,107.7,139.0,52.9,265.0,15.7,236.0,30.2,175.0,31.8,101.0,34.0,170.0,52.8,136.0,74.9,87.0,10.5,272.0,9.1,133.0,6.7,120.0,5.6,125.0,50.9,222.0,35.6,257.0,22.2,64.0,50.7,132.0,27.1,282.0,17.6,294.0,46.5,283.0,35.9,39.0,B12,35.5,280.0,52.6,223.0,71.0,99.0,7.1,308.0,9.6,169.0,6.2,311.0,6.0,185.0,57.3,303.0,43.3,305.0,107.7,139.0,1.5,1.1,2.2,0.9,1.9,2.2,19.0,"[26, 13, 18]",18.0,5.354126134736337,5.549774770204643,"[1.9, 0.9, 2.2, 1.1, 1.5]",,,,
44.0,Will Berg,7-2,255.0,Jr,32.0,51.9,121.8,20.8,16.5,54.5,59.1,16.4,23.1,5.7,13.9,6.3,1.0,5.0,5.2,75.0,90-132,0.682,96-174,0.552,0-2,0.0,https://kenpom.com/player.php?p=52904,19.0,20.0,29.0,16.0,20.0,23.0,Wichita+St.,Amer,66.6,230.0,112.2,118.0,49.4,274.0,15.2,76.0,38.3,4.0,36.1,148.0,102.5,60.0,47.2,25.0,15.9,228.0,29.0,100.0,34.4,162.0,33.4,202.0,49.0,283.0,68.4,317.0,8.2,72.0,8.8,100.0,6.4,80.0,5.5,100.0,41.8,354.0,33.9,299.0,20.0,170.0,52.5,79.0,27.5,275.0,20.3,144.0,52.8,45.0,26.8,323.0,Amer,31.1,39.0,47.5,39.0,70.1,55.0,9.8,150.0,8.7,236.0,7.1,196.0,6.2,121.0,44.0,16.0,34.1,33.0,102.5,60.0,Oklahoma St.,"L, 82-76",B12,72.3,9.0,120.1,44.0,52.2,140.0,15.8,122.0,31.0,166.0,39.7,62.0,107.7,139.0,52.9,265.0,15.7,236.0,30.2,175.0,31.8,101.0,34.0,170.0,52.8,136.0,74.9,87.0,10.5,272.0,9.1,133.0,6.7,120.0,5.6,125.0,50.9,222.0,35.6,257.0,22.2,64.0,50.7,132.0,27.1,282.0,17.6,294.0,46.5,283.0,35.9,39.0,B12,35.5,280.0,52.6,223.0,71.0,99.0,7.1,308.0,9.6,169.0,6.2,311.0,6.0,185.0,57.3,303.0,43.3,305.0,107.7,139.0,2.4,2.5,3.6,2.0,2.5,2.9,22.666666666666668,"[29, 20, 19]",20.8,4.496912521077347,4.354308211415448,"[2.5, 2, 3.6, 2.5, 2.4]",,,,
5.0,Antonio Chol,6-9,215.0,Jr,33.0,62.5,110.3,14.6,19.1,52.7,53.3,2.3,10.2,5.4,9.4,3.5,0.6,2.9,1.9,10.9,16-26,0.615,40-71,0.563,57-167,0.341,https://kenpom.com/player.php?p=52980,24.0,19.0,20.0,10.0,12.0,28.0,New+Mexico,MWC,70.0,48.0,117.9,60.0,53.9,70.0,15.0,62.0,30.5,179.0,36.0,151.0,101.5,45.0,49.8,91.0,19.1,46.0,27.8,63.0,34.6,167.0,36.2,50.0,53.7,97.0,72.5,186.0,8.6,115.0,8.5,77.0,6.5,87.0,4.9,35.0,52.7,171.0,41.9,136.0,19.5,199.0,46.6,251.0,34.0,119.0,20.3,149.0,45.1,315.0,34.6,69.0,MWC,30.3,15.0,53.7,264.0,73.2,235.0,9.1,183.0,11.2,57.0,7.9,85.0,6.3,98.0,54.8,246.0,47.6,356.0,101.5,45.0,George Washington,"W, 85-76",A10,69.2,83.0,118.0,59.0,54.8,49.0,18.1,276.0,36.1,24.0,35.5,164.0,107.8,140.0,52.2,227.0,17.8,108.0,28.4,84.0,35.1,179.0,35.3,103.0,56.4,39.0,72.1,204.0,9.9,232.0,11.3,339.0,6.8,144.0,4.4,7.0,55.5,101.0,46.7,35.0,19.0,232.0,44.5,296.0,36.6,60.0,19.7,184.0,46.9,270.0,33.4,102.0,A10,33.7,164.0,53.6,257.0,73.3,237.0,10.5,111.0,10.4,106.0,7.4,157.0,6.0,182.0,60.5,340.0,43.0,297.0,107.8,140.0,1.7,1.4,1.4,0.7,0.9,2.0,21.0,"[20, 19, 24]",17.0,2.160246899469287,5.215361924162119,"[0.9, 0.7, 1.4, 1.4, 1.7]",,,,
8.0,Chris Howell,6-6,215.0,Sr,10.0,18.9,107.1,16.1,11.1,46.4,56.2,3.2,10.4,22.2,26.7,1.1,3.9,3.4,3.4,57.1,21-24,0.875,12-27,0.444,5-15,0.333,https://kenpom.com/player.php?p=51416,0.0,0.0,0.0,0.0,0.0,0.0,New+Mexico,MWC,70.0,48.0,117.9,60.0,53.9,70.0,15.0,62.0,30.5,179.0,36.0,151.0,101.5,45.0,49.8,91.0,19.1,46.0,27.8,63.0,34.6,167.0,36.2,50.0,53.7,97.0,72.5,186.0,8.6,115.0,8.5,77.0,6.5,87.0,4.9,35.0,52.7,171.0,41.9,136.0,19.5,199.0,46.6,251.0,34.0,119.0,20.3,149.0,45.1,315.0,34.6,69.0,MWC,30.3,15.0,53.7,264.0,73.2,235.0,9.1,183.0,11.2,57.0,7.9,85.0,6.3,98.0,54.8,246.0,47.6,356.0,101.5,45.0,George Washington,"W, 85-76",A10,69.2,83.0,118.0,59.0,54.8,49.0,18.1,276.0,36.1,24.0,35.5,164.0,107.8,140.0,52.2,227.0,17.8,108.0,28.4,84.0,35.1,179.0,35.3,103.0,56.4,39.0,72.1,204.0,9.9,232.0,11.3,339.0,6.8,144.0,4.4,7.0,55.5,101.0,46.7,35.0,19.0,232.0,44.5,296.0,36.6,60.0,19.7,184.0,46.9,270.0,33.4,102.0,A10,33.7,164.0,53.6,257.0,73.3,237.0,10.5,111.0,10.4,106.0,7.4,157.0,6.0,182.0,60.5,340.0,43.0,297.0,107.8,140.0,0.0,0.0,0.0,0.0,0.0,0.0,0.0,"[0, 0, 0]",0.0,0.0,0.0,"[0, 0, 0, 0, 0]",,,,
1.0,Deyton Albury,6-3,190.0,Sr,32.0,60.5,110.5,24.8,20.6,55.0,61.0,2.7,14.3,21.8,21.7,0.7,3.2,4.2,5.6,58.1,113-144,0.785,108-200,0.54,19-48,0.396,https://kenpom.com/player.php?p=55452,33.0,26.0,24.0,19.0,26.0,31.0,New+Mexico,MWC,70.0,48.0,117.9,60.0,53.9,70.0,15.0,62.0,30.5,179.0,36.0,151.0,101.5,45.0,49.8,91.0,19.1,46.0,27.8,63.0,34.6,167.0,36.2,50.0,53.7,97.0,72.5,186.0,8.6,115.0,8.5,77.0,6.5,87.0,4.9,35.0,52.7,171.0,41.9,136.0,19.5,199.0,46.6,251.0,34.0,119.0,20.3,149.0,45.1,315.0,34.6,69.0,MWC,30.3,15.0,53.7,264.0,73.2,235.0,9.1,183.0,11.2,57.0,7.9,85.0,6.3,98.0,54.8,246.0,47.6,356.0,101.5,45.0,George Washington,"W, 85-76",A10,69.2,83.0,118.0,59.0,54.8,49.0,18.1,276.0,36.1,24.0,35.5,164.0,107.8,140.0,52.2,227.0,17.8,108.0,28.4,84.0,35.1,179.0,35.3,103.0,56.4,39.0,72.1,204.0,9.9,232.0,11.3,339.0,6.8,144.0,4.4,7.0,55.5,101.0,46.7,35.0,19.0,232.0,44.5,296.0,36.6,60.0,19.7,184.0,46.9,270.0,33.4,102.0,A10,33.7,164.0,53.6,257.0,73.3,237.0,10.5,111.0,10.4,106.0,7.4,157.0,6.0,182.0,60.5,340.0,43.0,297.0,107.8,140.0,3.5,2.7,2.5,2.0,2.7,3.3,27.666666666666668,"[24, 26, 33]",25.6,3.8586123009300755,4.498888751680797,"[2.7, 2, 2.5, 2.7, 3.5]",,,,
35.0,JT Rock,7-1,255.0,So,33.0,31.6,123.7,19.5,20.5,62.8,63.5,9.0,19.0,5.9,11.8,9.5,0.7,4.6,4.0,38.8,32-50,0.64,51-82,0.622,20-47,0.426,https://kenpom.com/player.php?p=54467,15.0,14.0,9.0,19.0,10.0,8.0,New+Mexico,MWC,70.0,48.0,117.9,60.0,53.9,70.0,15.0,62.0,30.5,179.0,36.0,151.0,101.5,45.0,49.8,91.0,19.1,46.0,27.8,63.0,34.6,167.0,36.2,50.0,53.7,97.0,72.5,186.0,8.6,115.0,8.5,77.0,6.5,87.0,4.9,35.0,52.7,171.0,41.9,136.0,19.5,199.0,46.6,251.0,34.0,119.0,20.3,149.0,45.1,315.0,34.6,69.0,MWC,30.3,15.0,53.7,264.0,73.2,235.0,9.1,183.0,11.2,57.0,7.9,85.0,6.3,98.0,54.8,246.0,47.6,356.0,101.5,45.0,George Washington,"W, 85-76",A10,69.2,83.0,118.0,59.0,54.8,49.0,18.1,276.0,36.1,24.0,35.5,164.0,107.8,140.0,52.2,227.0,17.8,108.0,28.4,84.0,35.1,179.0,35.3,103.0,56.4,39.0,72.1,204.0,9.9,232.0,11.3,339.0,6.8,144.0,4.4,7.0,55.5,101.0,46.7,35.0,19.0,232.0,44.5,296.0,36.6,60.0,19.7,184.0,46.9,270.0,33.4,102.0,A10,33.7,164.0,53.6,257.0,73.3,237.0,10.5,111.0,10.4,106.0,7.4,157.0,6.0,182.0,60.5,340.0,43.0,297.0,107.8,140.0,1.7,1.6,1.0,2.2,1.2,0.9,12.666666666666666,"[9, 14, 15]",13.4,2.6246692913372702,3.6110940170535577,"[1.2, 2.2, 1, 1.6, 1.7]",,,,
23.0,Jake Hall,6-4,200.0,Fr,33.0,77.3,126.0,19.7,24.3,61.8,63.5,2.2,9.7,10.3,9.9,0.1,1.6,2.1,3.1,20.6,59-77,0.766,75-138,0.543,104-236,0.441,https://kenpom.com/player.php?p=58647,29.0,35.0,36.0,38.0,38.0,33.0,New+Mexico,MWC,70.0,48.0,117.9,60.0,53.9,70.0,15.0,62.0,30.5,179.0,36.0,151.0,101.5,45.0,49.8,91.0,19.1,46.0,27.8,63.0,34.6,167.0,36.2,50.0,53.7,97.0,72.5,186.0,8.6,115.0,8.5,77.0,6.5,87.0,4.9,35.0,52.7,171.0,41.9,136.0,19.5,199.0,46.6,251.0,34.0,119.0,20.3,149.0,45.1,315.0,34.6,69.0,MWC,30.3,15.0,53.7,264.0,73.2,235.0,9.1,183.0,11.2,57.0,7.9,85.0,6.3,98.0,54.8,246.0,47.6,356.0,101.5,45.0,George Washington,"W, 85-76",A10,69.2,83.0,118.0,59.0,54.8,49.0,18.1,276.0,36.1,24.0,35.5,164.0,107.8,140.0,52.2,227.0,17.8,108.0,28.4,84.0,35.1,179.0,35.3,103.0,56.4,39.0,72.1,204.0,9.9,232.0,11.3,339.0,6.8,144.0,4.4,7.0,55.5,101.0,46.7,35.0,19.0,232.0,44.5,296.0,36.6,60.0,19.7,184.0,46.9,270.0,33.4,102.0,A10,33.7,164.0,53.6,257.0,73.3,237.0,10.5,111.0,10.4,106.0,7.4,157.0,6.0,182.0,60.5,340.0,43.0,297.0,107.8,140.0,1.5,1.8,1.9,2.0,2.0,1.7,33.333333333333336,"[36, 35, 29]",35.2,3.091206165165235,3.3105890714493693,"[2, 2, 1.9, 1.8, 1.5]",,,,
0.0,Kevin Patton,6-8,200.0,Jr,8.0,5.2,82.0,18.1,18.5,31.6,34.3,8.4,15.0,7.2,13.8,0.0,1.7,2.4,3.3,31.6,3-6,0.5,6-12,0.5,0-7,0.0,https://kenpom.com/player.php?p=55778,0.0,0.0,0.0,0.0,0.0,0.0,New+Mexico,MWC,70.0,48.0,117.9,60.0,53.9,70.0,15.0,62.0,30.5,179.0,36.0,151.0,101.5,45.0,49.8,91.0,19.1,46.0,27.8,63.0,34.6,167.0,36.2,50.0,53.7,97.0,72.5,186.0,8.6,115.0,8.5,77.0,6.5,87.0,4.9,35.0,52.7,171.0,41.9,136.0,19.5,199.0,46.6,251.0,34.0,119.0,20.3,149.0,45.1,315.0,34.6,69.0,MWC,30.3,15.0,53.7,264.0,73.2,235.0,9.1,183.0,11.2,57.0,7.9,85.0,6.3,98.0,54.8,246.0,47.6,356.0,101.5,45.0,George Washington,"W, 85-76",A10,69.2,83.0,118.0,59.0,54.8,49.0,18.1,276.0,36.1,24.0,35.5,164.0,107.8,140.0,52.2,227.0,17.8,108.0,28.4,84.0,35.1,179.0,35.3,103.0,56.4,39.0,72.1,204.0,9.9,232.0,11.3,339.0,6.8,144.0,4.4,7.0,55.5,101.0,46.7,35.0,19.0,232.0,44.5,296.0,36.6,60.0,19.7,184.0,46.9,270.0,33.4,102.0,A10,33.7,164.0,53.6,257.0,73.3,237.0,10.5,111.0,10.4,106.0,7.4,157.0,6.0,182.0,60.5,340.0,43.0,297.0,107.8,140.0,0.0,0.0,0.0,0.0,0.0,0.0,0.0,"[0, 0, 0]",0.0,0.0,0.0,"[0, 0, 0, 0, 0]",,,,
3.0,Luke Haupt,6-7,215.0,Sr,33.0,70.2,112.3,16.3,13.9,50.0,54.9,4.9,13.1,16.6,17.6,0.9,2.9,3.8,3.5,49.2,69-96,0.719,72-146,0.493,17-49,0.347,https://kenpom.com/player.php?p=57866,28.0,35.0,33.0,35.0,35.0,34.0,New+Mexico,MWC,70.0,48.0,117.9,60.0,53.9,70.0,15.0,62.0,30.5,179.0,36.0,151.0,101.5,45.0,49.8,91.0,19.1,46.0,27.8,63.0,34.6,167.0,36.2,50.0,53.7,97.0,72.5,186.0,8.6,115.0,8.5,77.0,6.5,87.0,4.9,35.0,52.7,171.0,41.9,136.0,19.5,199.0,46.6,251.0,34.0,119.0,20.3,149.0,45.1,315.0,34.6,69.0,MWC,30.3,15.0,53.7,264.0,73.2,235.0,9.1,183.0,11.2,57.0,7.9,85.0,6.3,98.0,54.8,246.0,47.6,356.0,101.5,45.0,George Washington,"W, 85-76",A10,69.2,83.0,118.0,59.0,54.8,49.0,18.1,276.0,36.1,24.0,35.5,164.0,107.8,140.0,52.2,227.0,17.8,108.0,28.4,84.0,35.1,179.0,35.3,103.0,56.4,39.0,72.1,204.0,9.9,232.0,11.3,339.0,6.8,144.0,4.4,7.0,55.5,101.0,46.7,35.0,19.0,232.0,44.5,296.0,36.6,60.0,19.7,184.0,46.9,270.0,33.4,102.0,A10,33.7,164.0,53.6,257.0,73.3,237.0,10.5,111.0,10.4,106.0,7.4,157.0,6.0,182.0,60.5,340.0,43.0,297.0,107.8,140.0,2.7,3.3,3.1,3.3,3.3,3.2,32.0,"[33, 35, 28]",33.2,2.943920288775949,2.7129319932501077,"[3.3, 3.3, 3.1, 3.3, 2.7]",,,,
31.0,Milos Vicentic,6-7,210.0,Sr,15.0,7.0,105.0,22.1,29.2,42.7,48.0,3.7,11.0,4.0,5.5,0.0,3.0,3.9,3.4,19.5,8-8,0.999,10-17,0.588,5-24,0.208,https://kenpom.com/player.php?p=57301,3.0,0.0,0.0,0.0,0.0,0.0,New+Mexico,MWC,70.0,48.0,117.9,60.0,53.9,70.0,15.0,62.0,30.5,179.0,36.0,151.0,101.5,45.0,49.8,91.0,19.1,46.0,27.8,63.0,34.6,167.0,36.2,50.0,53.7,97.0,72.5,186.0,8.6,115.0,8.5,77.0,6.5,87.0,4.9,35.0,52.7,171.0,41.9,136.0,19.5,199.0,46.6,251.0,34.0,119.0,20.3,149.0,45.1,315.0,34.6,69.0,MWC,30.3,15.0,53.7,264.0,73.2,235.0,9.1,183.0,11.2,57.0,7.9,85.0,6.3,98.0,54.8,246.0,47.6,356.0,101.5,45.0,George Washington,"W, 85-76",A10,69.2,83.0,118.0,59.0,54.8,49.0,18.1,276.0,36.1,24.0,35.5,164.0,107.8,140.0,52.2,227.0,17.8,108.0,28.4,84.0,35.1,179.0,35.3,103.0,56.4,39.0,72.1,204.0,9.9,232.0,11.3,339.0,6.8,144.0,4.4,7.0,55.5,101.0,46.7,35.0,19.0,232.0,44.5,296.0,36.6,60.0,19.7,184.0,46.9,270.0,33.4,102.0,A10,33.7,164.0,53.6,257.0,73.3,237.0,10.5,111.0,10.4,106.0,7.4,157.0,6.0,182.0,60.5,340.0,43.0,297.0,107.8,140.0,0.3,0.0,0.0,0.0,0.0,0.0,1.0,"[0, 0, 3]",0.6,1.4142135623730951,1.2000000000000002,"[0, 0, 0, 0, 0.3]",,,,
2.0,Tajavis Miller,6-4,200.0,Sr,28.0,35.1,104.7,16.5,19.6,49.3,51.0,1.5,11.5,9.6,12.6,1.4,2.8,4.2,2.5,18.2,17-25,0.68,24-46,0.522,29-91,0.319,https://kenpom.com/player.php?p=52850,12.0,12.0,18.0,19.0,19.0,7.0,New+Mexico,MWC,70.0,48.0,117.9,60.0,53.9,70.0,15.0,62.0,30.5,179.0,36.0,151.0,101.5,45.0,49.8,91.0,19.1,46.0,27.8,63.0,34.6,167.0,36.2,50.0,53.7,97.0,72.5,186.0,8.6,115.0,8.5,77.0,6.5,87.0,4.9,35.0,52.7,171.0,41.9,136.0,19.5,199.0,46.6,251.0,34.0,119.0,20.3,149.0,45.1,315.0,34.6,69.0,MWC,30.3,15.0,53.7,264.0,73.2,235.0,9.1,183.0,11.2,57.0,7.9,85.0,6.3,98.0,54.8,246.0,47.6,356.0,101.5,45.0,George Washington,"W, 85-76",A10,69.2,83.0,118.0,59.0,54.8,49.0,18.1,276.0,36.1,24.0,35.5,164.0,107.8,140.0,52.2,227.0,17.8,108.0,28.4,84.0,35.1,179.0,35.3,103.0,56.4,39.0,72.1,204.0,9.9,232.0,11.3,339.0,6.8,144.0,4.4,7.0,55.5,101.0,46.7,35.0,19.0,232.0,44.5,296.0,36.6,60.0,19.7,184.0,46.9,270.0,33.4,102.0,A10,33.7,164.0,53.6,257.0,73.3,237.0,10.5,111.0,10.4,106.0,7.4,157.0,6.0,182.0,60.5,340.0,43.0,297.0,107.8,140.0,1.3,1.3,1.9,2.0,2.0,0.7,14.0,"[18, 12, 12]",16.0,2.8284271247461903,3.286335345030997,"[2, 2, 1.9, 1.3, 1.3]",,,,
29.0,Timeo Pons,6-9,195.0,Fr,10.0,3.0,90.4,26.7,29.8,36.1,44.2,5.7,17.0,4.3,15.9,3.3,2.8,5.0,4.4,27.8,5-5,0.999,2-5,0.4,3-13,0.231,https://kenpom.com/player.php?p=58648,4.0,0.0,2.0,0.0,0.0,0.0,New+Mexico,MWC,70.0,48.0,117.9,60.0,53.9,70.0,15.0,62.0,30.5,179.0,36.0,151.0,101.5,45.0,49.8,91.0,19.1,46.0,27.8,63.0,34.6,167.0,36.2,50.0,53.7,97.0,72.5,186.0,8.6,115.0,8.5,77.0,6.5,87.0,4.9,35.0,52.7,171.0,41.9,136.0,19.5,199.0,46.6,251.0,34.0,119.0,20.3,149.0,45.1,315.0,34.6,69.0,MWC,30.3,15.0,53.7,264.0,73.2,235.0,9.1,183.0,11.2,57.0,7.9,85.0,6.3,98.0,54.8,246.0,47.6,356.0,101.5,45.0,George Washington,"W, 85-76",A10,69.2,83.0,118.0,59.0,54.8,49.0,18.1,276.0,36.1,24.0,35.5,164.0,107.8,140.0,52.2,227.0,17.8,108.0,28.4,84.0,35.1,179.0,35.3,103.0,56.4,39.0,72.1,204.0,9.9,232.0,11.3,339.0,6.8,144.0,4.4,7.0,55.5,101.0,46.7,35.0,19.0,232.0,44.5,296.0,36.6,60.0,19.7,184.0,46.9,270.0,33.4,102.0,A10,33.7,164.0,53.6,257.0,73.3,237.0,10.5,111.0,10.4,106.0,7.4,157.0,6.0,182.0,60.5,340.0,43.0,297.0,107.8,140.0,0.5,0.0,0.2,0.0,0.0,0.0,2.0,"[2, 0, 4]",1.2,1.632993161855452,1.5999999999999999,"[0, 0, 0.2, 0, 0.5]",,,,
10.0,Tomislav Buljan,6-9,250.0,Fr,32.0,62.6,116.2,26.1,22.5,55.3,57.2,18.2,27.6,11.1,14.4,2.9,2.3,3.4,5.9,56.6,97-159,0.61,148-260,0.569,5-21,0.238,https://kenpom.com/player.php?p=58646,22.0,26.0,31.0,30.0,30.0,32.0,New+Mexico,MWC,70.0,48.0,117.9,60.0,53.9,70.0,15.0,62.0,30.5,179.0,36.0,151.0,101.5,45.0,49.8,91.0,19.1,46.0,27.8,63.0,34.6,167.0,36.2,50.0,53.7,97.0,72.5,186.0,8.6,115.0,8.5,77.0,6.5,87.0,4.9,35.0,52.7,171.0,41.9,136.0,19.5,199.0,46.6,251.0,34.0,119.0,20.3,149.0,45.1,315.0,34.6,69.0,MWC,30.3,15.0,53.7,264.0,73.2,235.0,9.1,183.0,11.2,57.0,7.9,85.0,6.3,98.0,54.8,246.0,47.6,356.0,101.5,45.0,George Washington,"W, 85-76",A10,69.2,83.0,118.0,59.0,54.8,49.0,18.1,276.0,36.1,24.0,35.5,164.0,107.8,140.0,52.2,227.0,17.8,108.0,28.4,84.0,35.1,179.0,35.3,103.0,56.4,39.0,72.1,204.0,9.9,232.0,11.3,339.0,6.8,144.0,4.4,7.0,55.5,101.0,46.7,35.0,19.0,232.0,44.5,296.0,36.6,60.0,19.7,184.0,46.9,270.0,33.4,102.0,A10,33.7,164.0,53.6,257.0,73.3,237.0,10.5,111.0,10.4,106.0,7.4,157.0,6.0,182.0,60.5,340.0,43.0,297.0,107.8,140.0,1.9,2.2,2.6,2.6,2.6,2.7,26.333333333333332,"[31, 26, 22]",27.8,3.6817870057290873,3.370459909270543,"[2.6, 2.6, 2.6, 2.2, 1.9]",,,,
4.0,Uriah Tenette,5-11,165.0,Fr,32.0,65.8,117.6,19.6,20.6,48.1,53.8,3.7,7.6,18.3,10.3,0.3,2.9,4.3,3.9,35.9,80-97,0.825,73-153,0.477,38-117,0.325,https://kenpom.com/player.php?p=58644,30.0,32.0,27.0,29.0,30.0,26.0,New+Mexico,MWC,70.0,48.0,117.9,60.0,53.9,70.0,15.0,62.0,30.5,179.0,36.0,151.0,101.5,45.0,49.8,91.0,19.1,46.0,27.8,63.0,34.6,167.0,36.2,50.0,53.7,97.0,72.5,186.0,8.6,115.0,8.5,77.0,6.5,87.0,4.9,35.0,52.7,171.0,41.9,136.0,19.5,199.0,46.6,251.0,34.0,119.0,20.3,149.0,45.1,315.0,34.6,69.0,MWC,30.3,15.0,53.7,264.0,73.2,235.0,9.1,183.0,11.2,57.0,7.9,85.0,6.3,98.0,54.8,246.0,47.6,356.0,101.5,45.0,George Washington,"W, 85-76",A10,69.2,83.0,118.0,59.0,54.8,49.0,18.1,276.0,36.1,24.0,35.5,164.0,107.8,140.0,52.2,227.0,17.8,108.0,28.4,84.0,35.1,179.0,35.3,103.0,56.4,39.0,72.1,204.0,9.9,232.0,11.3,339.0,6.8,144.0,4.4,7.0,55.5,101.0,46.7,35.0,19.0,232.0,44.5,296.0,36.6,60.0,19.7,184.0,46.9,270.0,33.4,102.0,A10,33.7,164.0,53.6,257.0,73.3,237.0,10.5,111.0,10.4,106.0,7.4,157.0,6.0,182.0,60.5,340.0,43.0,297.0,107.8,140.0,3.2,3.4,2.9,3.1,3.2,2.8,29.666666666666668,"[27, 32, 30]",29.6,2.0548046676563256,1.624807680927192,"[3.2, 3.1, 2.9, 3.4, 3.2]",,,,
11.0,Bubu Benjamin,6-7,220.0,Jr,28.0,42.0,109.2,14.8,17.1,45.5,48.6,5.6,10.8,7.8,11.8,2.0,2.7,4.2,2.4,25.9,26-37,0.703,32-56,0.571,22-87,0.253,https://kenpom.com/player.php?p=55727,11.0,5.0,12.0,5.0,7.0,8.0,George+Washington,A10,69.2,83.0,118.0,59.0,54.8,49.0,18.1,276.0,36.1,24.0,35.5,164.0,107.8,140.0,52.2,227.0,17.8,108.0,28.4,84.0,35.1,179.0,35.3,103.0,56.4,39.0,72.1,204.0,9.9,232.0,11.3,339.0,6.8,144.0,4.4,7.0,55.5,101.0,46.7,35.0,19.0,232.0,44.5,296.0,36.6,60.0,19.7,184.0,46.9,270.0,33.4,102.0,A10,33.7,164.0,53.6,257.0,73.3,237.0,10.5,111.0,10.4,106.0,7.4,157.0,6.0,182.0,60.5,340.0,43.0,297.0,107.8,140.0,New Mexico,"L, 85-76",MWC,70.0,48.0,117.9,60.0,53.9,70.0,15.0,62.0,30.5,179.0,36.0,151.0,101.5,45.0,49.8,91.0,19.1,46.0,27.8,63.0,34.6,167.0,36.2,50.0,53.7,97.0,72.5,186.0,8.6,115.0,8.5,77.0,6.5,87.0,4.9,35.0,52.7,171.0,41.9,136.0,19.5,199.0,46.6,251.0,34.0,119.0,20.3,149.0,45.1,315.0,34.6,69.0,MWC,30.3,15.0,53.7,264.0,73.2,235.0,9.1,183.0,11.2,57.0,7.9,85.0,6.3,98.0,54.8,246.0,47.6,356.0,101.5,45.0,1.2,0.5,1.3,0.5,0.7,0.8,9.333333333333334,"[12, 5, 11]",8.0,3.0912061651652345,2.9664793948382653,"[0.7, 0.5, 1.3, 0.5, 1.2]",,,,
2.0,Christian Jones,6-4,200.0,So,33.0,65.4,107.1,20.7,20.7,53.4,54.7,3.3,9.8,21.4,22.0,0.7,2.4,2.9,2.6,21.9,38-59,0.644,82-157,0.522,41-112,0.366,https://kenpom.com/player.php?p=54547,31.0,29.0,34.0,33.0,38.0,22.0,George+Washington,A10,69.2,83.0,118.0,59.0,54.8,49.0,18.1,276.0,36.1,24.0,35.5,164.0,107.8,140.0,52.2,227.0,17.8,108.0,28.4,84.0,35.1,179.0,35.3,103.0,56.4,39.0,72.1,204.0,9.9,232.0,11.3,339.0,6.8,144.0,4.4,7.0,55.5,101.0,46.7,35.0,19.0,232.0,44.5,296.0,36.6,60.0,19.7,184.0,46.9,270.0,33.4,102.0,A10,33.7,164.0,53.6,257.0,73.3,237.0,10.5,111.0,10.4,106.0,7.4,157.0,6.0,182.0,60.5,340.0,43.0,297.0,107.8,140.0,New Mexico,"L, 85-76",MWC,70.0,48.0,117.9,60.0,53.9,70.0,15.0,62.0,30.5,179.0,36.0,151.0,101.5,45.0,49.8,91.0,19.1,46.0,27.8,63.0,34.6,167.0,36.2,50.0,53.7,97.0,72.5,186.0,8.6,115.0,8.5,77.0,6.5,87.0,4.9,35.0,52.7,171.0,41.9,136.0,19.5,199.0,46.6,251.0,34.0,119.0,20.3,149.0,45.1,315.0,34.6,69.0,MWC,30.3,15.0,53.7,264.0,73.2,235.0,9.1,183.0,11.2,57.0,7.9,85.0,6.3,98.0,54.8,246.0,47.6,356.0,101.5,45.0,2.2,2.1,2.5,2.4,2.8,1.6,31.333333333333332,"[34, 29, 31]",33.0,2.0548046676563256,3.03315017762062,"[2.8, 2.4, 2.5, 2.1, 2.2]",,,,
9.0,Garrett Johnson,6-8,220.0,Jr,29.0,49.7,115.5,22.4,27.0,50.4,54.8,4.3,13.0,9.6,11.6,0.7,0.9,3.3,3.6,27.7,62-74,0.838,55-107,0.514,53-160,0.331,https://kenpom.com/player.php?p=52038,14.0,13.0,12.0,25.0,10.0,13.0,George+Washington,A10,69.2,83.0,118.0,59.0,54.8,49.0,18.1,276.0,36.1,24.0,35.5,164.0,107.8,140.0,52.2,227.0,17.8,108.0,28.4,84.0,35.1,179.0,35.3,103.0,56.4,39.0,72.1,204.0,9.9,232.0,11.3,339.0,6.8,144.0,4.4,7.0,55.5,101.0,46.7,35.0,19.0,232.0,44.5,296.0,36.6,60.0,19.7,184.0,46.9,270.0,33.4,102.0,A10,33.7,164.0,53.6,257.0,73.3,237.0,10.5,111.0,10.4,106.0,7.4,157.0,6.0,182.0,60.5,340.0,43.0,297.0,107.8,140.0,New Mexico,"L, 85-76",MWC,70.0,48.0,117.9,60.0,53.9,70.0,15.0,62.0,30.5,179.0,36.0,151.0,101.5,45.0,49.8,91.0,19.1,46.0,27.8,63.0,34.6,167.0,36.2,50.0,53.7,97.0,72.5,186.0,8.6,115.0,8.5,77.0,6.5,87.0,4.9,35.0,52.7,171.0,41.9,136.0,19.5,199.0,46.6,251.0,34.0,119.0,20.3,149.0,45.1,315.0,34.6,69.0,MWC,30.3,15.0,53.7,264.0,73.2,235.0,9.1,183.0,11.2,57.0,7.9,85.0,6.3,98.0,54.8,246.0,47.6,356.0,101.5,45.0,1.2,1.1,1.0,2.1,0.8,1.1,13.0,"[12, 13, 14]",14.8,0.816496580927726,5.2687759489277965,"[0.8, 2.1, 1, 1.1, 1.2]",,,,
7.0,Jean Aranguren,6-3,190.0,Jr,33.0,59.9,112.9,20.0,15.9,55.5,58.6,8.0,11.7,23.2,24.5,2.0,2.6,4.3,3.3,42.6,57-81,0.704,68-124,0.548,25-66,0.379,https://kenpom.com/player.php?p=54455,24.0,33.0,28.0,28.0,33.0,35.0,George+Washington,A10,69.2,83.0,118.0,59.0,54.8,49.0,18.1,276.0,36.1,24.0,35.5,164.0,107.8,140.0,52.2,227.0,17.8,108.0,28.4,84.0,35.1,179.0,35.3,103.0,56.4,39.0,72.1,204.0,9.9,232.0,11.3,339.0,6.8,144.0,4.4,7.0,55.5,101.0,46.7,35.0,19.0,232.0,44.5,296.0,36.6,60.0,19.7,184.0,46.9,270.0,33.4,102.0,A10,33.7,164.0,53.6,257.0,73.3,237.0,10.5,111.0,10.4,106.0,7.4,157.0,6.0,182.0,60.5,340.0,43.0,297.0,107.8,140.0,New Mexico,"L, 85-76",MWC,70.0,48.0,117.9,60.0,53.9,70.0,15.0,62.0,30.5,179.0,36.0,151.0,101.5,45.0,49.8,91.0,19.1,46.0,27.8,63.0,34.6,167.0,36.2,50.0,53.7,97.0,72.5,186.0,8.6,115.0,8.5,77.0,6.5,87.0,4.9,35.0,52.7,171.0,41.9,136.0,19.5,199.0,46.6,251.0,34.0,119.0,20.3,149.0,45.1,315.0,34.6,69.0,MWC,30.3,15.0,53.7,264.0,73.2,235.0,9.1,183.0,11.2,57.0,7.9,85.0,6.3,98.0,54.8,246.0,47.6,356.0,101.5,45.0,2.6,3.5,3.0,3.0,3.5,3.8,28.333333333333332,"[28, 33, 24]",29.2,3.681787005729087,3.4292856398964493,"[3.5, 3, 3, 3.5, 2.6]",,,,
33.0,Luke Hunger,6-10,250.0,Sr,32.0,45.9,113.5,22.2,19.8,53.0,59.1,12.3,17.0,8.9,20.4,0.6,0.6,4.3,4.4,49.2,72-89,0.809,75-136,0.551,14-45,0.311,https://kenpom.com/player.php?p=52883,0.0,19.0,14.0,21.0,24.0,24.0,George+Washington,A10,69.2,83.0,118.0,59.0,54.8,49.0,18.1,276.0,36.1,24.0,35.5,164.0,107.8,140.0,52.2,227.0,17.8,108.0,28.4,84.0,35.1,179.0,35.3,103.0,56.4,39.0,72.1,204.0,9.9,232.0,11.3,339.0,6.8,144.0,4.4,7.0,55.5,101.0,46.7,35.0,19.0,232.0,44.5,296.0,36.6,60.0,19.7,184.0,46.9,270.0,33.4,102.0,A10,33.7,164.0,53.6,257.0,73.3,237.0,10.5,111.0,10.4,106.0,7.4,157.0,6.0,182.0,60.5,340.0,43.0,297.0,107.8,140.0,New Mexico,"L, 85-76",MWC,70.0,48.0,117.9,60.0,53.9,70.0,15.0,62.0,30.5,179.0,36.0,151.0,101.5,45.0,49.8,91.0,19.1,46.0,27.8,63.0,34.6,167.0,36.2,50.0,53.7,97.0,72.5,186.0,8.6,115.0,8.5,77.0,6.5,87.0,4.9,35.0,52.7,171.0,41.9,136.0,19.5,199.0,46.6,251.0,34.0,119.0,20.3,149.0,45.1,315.0,34.6,69.0,MWC,30.3,15.0,53.7,264.0,73.2,235.0,9.1,183.0,11.2,57.0,7.9,85.0,6.3,98.0,54.8,246.0,47.6,356.0,101.5,45.0,0.0,2.0,1.5,2.3,2.6,2.6,11.0,"[14, 19, 0]",15.6,8.04155872120988,8.452218643646175,"[2.6, 2.3, 1.5, 2, 0]",,,,
30.0,Rafael Castro,6-11,220.0,Sr,27.0,55.9,124.4,25.1,21.5,62.8,64.6,11.8,26.0,12.5,14.5,7.9,3.6,2.8,6.7,77.8,123-186,0.661,150-239,0.628,0-0,0.0,https://kenpom.com/player.php?p=51304,32.0,26.0,33.0,30.0,35.0,35.0,George+Washington,A10,69.2,83.0,118.0,59.0,54.8,49.0,18.1,276.0,36.1,24.0,35.5,164.0,107.8,140.0,52.2,227.0,17.8,108.0,28.4,84.0,35.1,179.0,35.3,103.0,56.4,39.0,72.1,204.0,9.9,232.0,11.3,339.0,6.8,144.0,4.4,7.0,55.5,101.0,46.7,35.0,19.0,232.0,44.5,296.0,36.6,60.0,19.7,184.0,46.9,270.0,33.4,102.0,A10,33.7,164.0,53.6,257.0,73.3,237.0,10.5,111.0,10.4,106.0,7.4,157.0,6.0,182.0,60.5,340.0,43.0,297.0,107.8,140.0,New Mexico,"L, 85-76",MWC,70.0,48.0,117.9,60.0,53.9,70.0,15.0,62.0,30.5,179.0,36.0,151.0,101.5,45.0,49.8,91.0,19.1,46.0,27.8,63.0,34.6,167.0,36.2,50.0,53.7,97.0,72.5,186.0,8.6,115.0,8.5,77.0,6.5,87.0,4.9,35.0,52.7,171.0,41.9,136.0,19.5,199.0,46.6,251.0,34.0,119.0,20.3,149.0,45.1,315.0,34.6,69.0,MWC,30.3,15.0,53.7,264.0,73.2,235.0,9.1,183.0,11.2,57.0,7.9,85.0,6.3,98.0,54.8,246.0,47.6,356.0,101.5,45.0,2.2,1.8,2.3,2.1,2.4,2.4,30.333333333333332,"[33, 26, 32]",31.2,3.0912061651652345,3.059411708155671,"[2.4, 2.1, 2.3, 1.8, 2.2]",,,,
3.0,Tre Dinkins,6-2,190.0,Sr,33.0,51.5,115.4,19.2,22.1,54.4,56.8,2.0,7.6,15.9,17.0,0.7,1.3,2.4,2.4,19.0,34-43,0.791,18-42,0.429,70-184,0.38,https://kenpom.com/player.php?p=53486,22.0,17.0,21.0,10.0,14.0,5.0,George+Washington,A10,69.2,83.0,118.0,59.0,54.8,49.0,18.1,276.0,36.1,24.0,35.5,164.0,107.8,140.0,52.2,227.0,17.8,108.0,28.4,84.0,35.1,179.0,35.3,103.0,56.4,39.0,72.1,204.0,9.9,232.0,11.3,339.0,6.8,144.0,4.4,7.0,55.5,101.0,46.7,35.0,19.0,232.0,44.5,296.0,36.6,60.0,19.7,184.0,46.9,270.0,33.4,102.0,A10,33.7,164.0,53.6,257.0,73.3,237.0,10.5,111.0,10.4,106.0,7.4,157.0,6.0,182.0,60.5,340.0,43.0,297.0,107.8,140.0,New Mexico,"L, 85-76",MWC,70.0,48.0,117.9,60.0,53.9,70.0,15.0,62.0,30.5,179.0,36.0,151.0,101.5,45.0,49.8,91.0,19.1,46.0,27.8,63.0,34.6,167.0,36.2,50.0,53.7,97.0,72.5,186.0,8.6,115.0,8.5,77.0,6.5,87.0,4.9,35.0,52.7,171.0,41.9,136.0,19.5,199.0,46.6,251.0,34.0,119.0,20.3,149.0,45.1,315.0,34.6,69.0,MWC,30.3,15.0,53.7,264.0,73.2,235.0,9.1,183.0,11.2,57.0,7.9,85.0,6.3,98.0,54.8,246.0,47.6,356.0,101.5,45.0,1.3,1.0,1.3,0.6,0.8,0.3,20.0,"[21, 17, 22]",16.8,2.160246899469287,4.445222154178573,"[0.8, 0.6, 1.3, 1, 1.3]",,,,
0.0,Trey Autry,6-4,210.0,Jr,32.0,69.2,125.9,15.6,19.1,58.6,61.0,3.4,11.7,8.5,12.0,0.8,1.4,3.5,2.3,21.3,45-56,0.804,34-56,0.607,80-207,0.386,https://kenpom.com/player.php?p=54543,32.0,30.0,21.0,23.0,32.0,36.0,George+Washington,A10,69.2,83.0,118.0,59.0,54.8,49.0,18.1,276.0,36.1,24.0,35.5,164.0,107.8,140.0,52.2,227.0,17.8,108.0,28.4,84.0,35.1,179.0,35.3,103.0,56.4,39.0,72.1,204.0,9.9,232.0,11.3,339.0,6.8,144.0,4.4,7.0,55.5,101.0,46.7,35.0,19.0,232.0,44.5,296.0,36.6,60.0,19.7,184.0,46.9,270.0,33.4,102.0,A10,33.7,164.0,53.6,257.0,73.3,237.0,10.5,111.0,10.4,106.0,7.4,157.0,6.0,182.0,60.5,340.0,43.0,297.0,107.8,140.0,New Mexico,"L, 85-76",MWC,70.0,48.0,117.9,60.0,53.9,70.0,15.0,62.0,30.5,179.0,36.0,151.0,101.5,45.0,49.8,91.0,19.1,46.0,27.8,63.0,34.6,167.0,36.2,50.0,53.7,97.0,72.5,186.0,8.6,115.0,8.5,77.0,6.5,87.0,4.9,35.0,52.7,171.0,41.9,136.0,19.5,199.0,46.6,251.0,34.0,119.0,20.3,149.0,45.1,315.0,34.6,69.0,MWC,30.3,15.0,53.7,264.0,73.2,235.0,9.1,183.0,11.2,57.0,7.9,85.0,6.3,98.0,54.8,246.0,47.6,356.0,101.5,45.0,2.8,2.6,1.8,2.0,2.8,3.2,27.666666666666668,"[21, 30, 32]",27.6,4.784233364802441,4.673328578219169,"[2.8, 2, 1.8, 2.6, 2.8]",,,,
5.0,Ty Bevins,6-6,200.0,So,9.0,3.9,72.7,10.4,13.1,15.0,22.8,6.8,6.9,2.9,10.7,0.0,2.2,6.3,1.7,20.0,2-2,0.999,0-0,0.0,1-10,0.1,https://kenpom.com/player.php?p=56619,0.0,0.0,0.0,0.0,0.0,0.0,George+Washington,A10,69.2,83.0,118.0,59.0,54.8,49.0,18.1,276.0,36.1,24.0,35.5,164.0,107.8,140.0,52.2,227.0,17.8,108.0,28.4,84.0,35.1,179.0,35.3,103.0,56.4,39.0,72.1,204.0,9.9,232.0,11.3,339.0,6.8,144.0,4.4,7.0,55.5,101.0,46.7,35.0,19.0,232.0,44.5,296.0,36.6,60.0,19.7,184.0,46.9,270.0,33.4,102.0,A10,33.7,164.0,53.6,257.0,73.3,237.0,10.5,111.0,10.4,106.0,7.4,157.0,6.0,182.0,60.5,340.0,43.0,297.0,107.8,140.0,New Mexico,"L, 85-76",MWC,70.0,48.0,117.9,60.0,53.9,70.0,15.0,62.0,30.5,179.0,36.0,151.0,101.5,45.0,49.8,91.0,19.1,46.0,27.8,63.0,34.6,167.0,36.2,50.0,53.7,97.0,72.5,186.0,8.6,115.0,8.5,77.0,6.5,87.0,4.9,35.0,52.7,171.0,41.9,136.0,19.5,199.0,46.6,251.0,34.0,119.0,20.3,149.0,45.1,315.0,34.6,69.0,MWC,30.3,15.0,53.7,264.0,73.2,235.0,9.1,183.0,11.2,57.0,7.9,85.0,6.3,98.0,54.8,246.0,47.6,356.0,101.5,45.0,0.0,0.0,0.0,0.0,0.0,0.0,0.0,"[0, 0, 0]",0.0,0.0,0.0,"[0, 0, 0, 0, 0]",,,,
24.0,Tyrone Marshall,6-8,215.0,Sr,31.0,56.0,114.5,19.5,17.9,57.8,59.5,8.3,14.7,14.5,20.2,3.6,2.9,4.7,3.4,39.0,51-78,0.654,84-143,0.587,21-57,0.368,https://kenpom.com/player.php?p=53820,34.0,28.0,26.0,24.0,32.0,22.0,George+Washington,A10,69.2,83.0,118.0,59.0,54.8,49.0,18.1,276.0,36.1,24.0,35.5,164.0,107.8,140.0,52.2,227.0,17.8,108.0,28.4,84.0,35.1,179.0,35.3,103.0,56.4,39.0,72.1,204.0,9.9,232.0,11.3,339.0,6.8,144.0,4.4,7.0,55.5,101.0,46.7,35.0,19.0,232.0,44.5,296.0,36.6,60.0,19.7,184.0,46.9,270.0,33.4,102.0,A10,33.7,164.0,53.6,257.0,73.3,237.0,10.5,111.0,10.4,106.0,7.4,157.0,6.0,182.0,60.5,340.0,43.0,297.0,107.8,140.0,New Mexico,"L, 85-76",MWC,70.0,48.0,117.9,60.0,53.9,70.0,15.0,62.0,30.5,179.0,36.0,151.0,101.5,45.0,49.8,91.0,19.1,46.0,27.8,63.0,34.6,167.0,36.2,50.0,53.7,97.0,72.5,186.0,8.6,115.0,8.5,77.0,6.5,87.0,4.9,35.0,52.7,171.0,41.9,136.0,19.5,199.0,46.6,251.0,34.0,119.0,20.3,149.0,45.1,315.0,34.6,69.0,MWC,30.3,15.0,53.7,264.0,73.2,235.0,9.1,183.0,11.2,57.0,7.9,85.0,6.3,98.0,54.8,246.0,47.6,356.0,101.5,45.0,4.0,3.3,3.1,2.8,3.8,2.6,29.333333333333332,"[26, 28, 34]",28.8,3.39934634239519,3.7094473981982814,"[3.8, 2.8, 3.1, 3.3, 4]",,,,
0.0,Ade Popoola,6-5,200.0,Jr,32.0,71.2,115.5,16.8,20.3,57.0,58.6,3.5,12.6,8.6,15.4,1.0,3.0,2.2,1.9,14.8,31-40,0.775,28-70,0.4,84-200,0.42,https://kenpom.com/player.php?p=58129,36.0,29.0,51.0,30.0,29.0,27.0,Tulsa,Amer,68.1,140.0,121.0,34.0,56.0,23.0,15.3,92.0,32.7,97.0,41.6,36.0,108.2,146.0,50.0,97.0,15.6,246.0,29.1,110.0,31.6,98.0,39.0,6.0,53.9,88.0,78.3,14.0,9.9,235.0,9.3,164.0,6.0,43.0,5.1,51.0,55.6,97.0,46.6,36.0,22.5,56.0,39.8,358.0,37.6,37.0,18.6,250.0,48.6,202.0,32.8,120.0,Amer,33.4,145.0,50.0,97.0,72.3,178.0,6.6,327.0,9.5,174.0,6.1,318.0,6.3,112.0,49.2,92.0,40.2,212.0,108.2,146.0,UNLV,"W, 86-78",MWC,70.0,49.0,115.1,82.0,53.6,79.0,17.3,222.0,30.7,173.0,41.2,45.0,108.7,161.0,52.3,230.0,17.3,133.0,31.4,222.0,45.1,349.0,35.6,83.0,53.7,92.0,68.0,326.0,8.0,61.0,9.3,155.0,8.0,273.0,6.0,178.0,51.6,200.0,36.1,247.0,20.7,129.0,50.7,131.0,28.5,247.0,23.9,21.0,48.2,215.0,27.8,299.0,MWC,35.2,256.0,52.0,193.0,73.0,218.0,12.7,33.0,10.1,127.0,7.1,195.0,6.1,152.0,56.1,282.0,36.3,86.0,108.7,161.0,2.0,1.6,2.8,1.6,1.6,1.5,38.666666666666664,"[51, 29, 36]",35.0,9.177266598624136,8.414273587185052,"[1.6, 1.6, 2.8, 1.6, 2]",,,,
23.0,David Green,6-7,225.0,Sr,31.0,64.5,121.4,25.4,28.8,58.9,60.9,4.8,13.9,13.0,10.9,2.7,1.5,3.6,4.7,39.2,92-136,0.676,113-197,0.574,61-150,0.407,https://kenpom.com/player.php?p=49168,0.0,12.0,51.0,31.0,25.0,20.0,Tulsa,Amer,68.1,140.0,121.0,34.0,56.0,23.0,15.3,92.0,32.7,97.0,41.6,36.0,108.2,146.0,50.0,97.0,15.6,246.0,29.1,110.0,31.6,98.0,39.0,6.0,53.9,88.0,78.3,14.0,9.9,235.0,9.3,164.0,6.0,43.0,5.1,51.0,55.6,97.0,46.6,36.0,22.5,56.0,39.8,358.0,37.6,37.0,18.6,250.0,48.6,202.0,32.8,120.0,Amer,33.4,145.0,50.0,97.0,72.3,178.0,6.6,327.0,9.5,174.0,6.1,318.0,6.3,112.0,49.2,92.0,40.2,212.0,108.2,146.0,UNLV,"W, 86-78",MWC,70.0,49.0,115.1,82.0,53.6,79.0,17.3,222.0,30.7,173.0,41.2,45.0,108.7,161.0,52.3,230.0,17.3,133.0,31.4,222.0,45.1,349.0,35.6,83.0,53.7,92.0,68.0,326.0,8.0,61.0,9.3,155.0,8.0,273.0,6.0,178.0,51.6,200.0,36.1,247.0,20.7,129.0,50.7,131.0,28.5,247.0,23.9,21.0,48.2,215.0,27.8,299.0,MWC,35.2,256.0,52.0,193.0,73.0,218.0,12.7,33.0,10.1,127.0,7.1,195.0,6.1,152.0,56.1,282.0,36.3,86.0,108.7,161.0,0.0,1.1,4.6,2.8,2.2,1.8,21.0,"[51, 12, 0]",23.8,21.77154105707724,17.313578486263317,"[2.2, 2.8, 4.6, 1.1, 0]",,,,
35.0,Ian Smikle,6-8,242.0,So,32.0,33.1,107.3,14.6,11.0,52.9,50.6,11.3,17.7,11.0,19.4,2.4,1.4,5.8,3.1,61.8,17-42,0.405,36-68,0.529,0-0,0.0,https://kenpom.com/player.php?p=57280,11.0,13.0,13.0,10.0,16.0,12.0,Tulsa,Amer,68.1,140.0,121.0,34.0,56.0,23.0,15.3,92.0,32.7,97.0,41.6,36.0,108.2,146.0,50.0,97.0,15.6,246.0,29.1,110.0,31.6,98.0,39.0,6.0,53.9,88.0,78.3,14.0,9.9,235.0,9.3,164.0,6.0,43.0,5.1,51.0,55.6,97.0,46.6,36.0,22.5,56.0,39.8,358.0,37.6,37.0,18.6,250.0,48.6,202.0,32.8,120.0,Amer,33.4,145.0,50.0,97.0,72.3,178.0,6.6,327.0,9.5,174.0,6.1,318.0,6.3,112.0,49.2,92.0,40.2,212.0,108.2,146.0,UNLV,"W, 86-78",MWC,70.0,49.0,115.1,82.0,53.6,79.0,17.3,222.0,30.7,173.0,41.2,45.0,108.7,161.0,52.3,230.0,17.3,133.0,31.4,222.0,45.1,349.0,35.6,83.0,53.7,92.0,68.0,326.0,8.0,61.0,9.3,155.0,8.0,273.0,6.0,178.0,51.6,200.0,36.1,247.0,20.7,129.0,50.7,131.0,28.5,247.0,23.9,21.0,48.2,215.0,27.8,299.0,MWC,35.2,256.0,52.0,193.0,73.0,218.0,12.7,33.0,10.1,127.0,7.1,195.0,6.1,152.0,56.1,282.0,36.3,86.0,108.7,161.0,1.6,1.9,1.9,1.4,2.3,1.7,12.333333333333334,"[13, 13, 11]",12.6,0.9428090415820634,2.0591260281974,"[2.3, 1.4, 1.9, 1.9, 1.6]",,,,
2.0,Jaylen Lawal,6-3,195.0,Fr,32.0,33.1,117.2,26.1,27.7,51.8,56.8,3.1,13.7,21.1,13.0,0.3,1.2,3.9,4.9,42.1,56-72,0.778,39-86,0.453,33-85,0.388,https://kenpom.com/player.php?p=58130,22.0,9.0,15.0,12.0,12.0,14.0,Tulsa,Amer,68.1,140.0,121.0,34.0,56.0,23.0,15.3,92.0,32.7,97.0,41.6,36.0,108.2,146.0,50.0,97.0,15.6,246.0,29.1,110.0,31.6,98.0,39.0,6.0,53.9,88.0,78.3,14.0,9.9,235.0,9.3,164.0,6.0,43.0,5.1,51.0,55.6,97.0,46.6,36.0,22.5,56.0,39.8,358.0,37.6,37.0,18.6,250.0,48.6,202.0,32.8,120.0,Amer,33.4,145.0,50.0,97.0,72.3,178.0,6.6,327.0,9.5,174.0,6.1,318.0,6.3,112.0,49.2,92.0,40.2,212.0,108.2,146.0,UNLV,"W, 86-78",MWC,70.0,49.0,115.1,82.0,53.6,79.0,17.3,222.0,30.7,173.0,41.2,45.0,108.7,161.0,52.3,230.0,17.3,133.0,31.4,222.0,45.1,349.0,35.6,83.0,53.7,92.0,68.0,326.0,8.0,61.0,9.3,155.0,8.0,273.0,6.0,178.0,51.6,200.0,36.1,247.0,20.7,129.0,50.7,131.0,28.5,247.0,23.9,21.0,48.2,215.0,27.8,299.0,MWC,35.2,256.0,52.0,193.0,73.0,218.0,12.7,33.0,10.1,127.0,7.1,195.0,6.1,152.0,56.1,282.0,36.3,86.0,108.7,161.0,2.1,0.9,1.5,1.2,1.2,1.4,15.333333333333334,"[15, 9, 22]",14.0,5.312459150169743,4.427188724235731,"[1.2, 1.2, 1.5, 0.9, 2.1]",,,,
15.0,KJ Martin,6-8,225.0,Fr,32.0,20.3,109.7,11.9,11.3,46.5,49.9,3.7,12.6,12.4,16.8,0.4,2.4,3.3,2.1,34.9,10-15,0.667,11-28,0.393,6-15,0.4,https://kenpom.com/player.php?p=58131,7.0,13.0,5.0,4.0,7.0,5.0,Tulsa,Amer,68.1,140.0,121.0,34.0,56.0,23.0,15.3,92.0,32.7,97.0,41.6,36.0,108.2,146.0,50.0,97.0,15.6,246.0,29.1,110.0,31.6,98.0,39.0,6.0,53.9,88.0,78.3,14.0,9.9,235.0,9.3,164.0,6.0,43.0,5.1,51.0,55.6,97.0,46.6,36.0,22.5,56.0,39.8,358.0,37.6,37.0,18.6,250.0,48.6,202.0,32.8,120.0,Amer,33.4,145.0,50.0,97.0,72.3,178.0,6.6,327.0,9.5,174.0,6.1,318.0,6.3,112.0,49.2,92.0,40.2,212.0,108.2,146.0,UNLV,"W, 86-78",MWC,70.0,49.0,115.1,82.0,53.6,79.0,17.3,222.0,30.7,173.0,41.2,45.0,108.7,161.0,52.3,230.0,17.3,133.0,31.4,222.0,45.1,349.0,35.6,83.0,53.7,92.0,68.0,326.0,8.0,61.0,9.3,155.0,8.0,273.0,6.0,178.0,51.6,200.0,36.1,247.0,20.7,129.0,50.7,131.0,28.5,247.0,23.9,21.0,48.2,215.0,27.8,299.0,MWC,35.2,256.0,52.0,193.0,73.0,218.0,12.7,33.0,10.1,127.0,7.1,195.0,6.1,152.0,56.1,282.0,36.3,86.0,108.7,161.0,0.6,1.1,0.4,0.3,0.6,0.4,8.333333333333334,"[5, 13, 7]",7.2,3.39934634239519,3.124099870362662,"[0.6, 0.3, 0.4, 1.1, 0.6]",,,,
,Leon Sifferlin,,,,,,,,,,,,,,,,,,,,,,,,,,,0.0,0.0,0.0,0.0,3.0,3.0,Tulsa,Amer,68.1,140.0,121.0,34.0,56.0,23.0,15.3,92.0,32.7,97.0,41.6,36.0,108.2,146.0,50.0,97.0,15.6,246.0,29.1,110.0,31.6,98.0,39.0,6.0,53.9,88.0,78.3,14.0,9.9,235.0,9.3,164.0,6.0,43.0,5.1,51.0,55.6,97.0,46.6,36.0,22.5,56.0,39.8,358.0,37.6,37.0,18.6,250.0,48.6,202.0,32.8,120.0,Amer,33.4,145.0,50.0,97.0,72.3,178.0,6.6,327.0,9.5,174.0,6.1,318.0,6.3,112.0,49.2,92.0,40.2,212.0,108.2,146.0,UNLV,"W, 86-78",MWC,70.0,49.0,115.1,82.0,53.6,79.0,17.3,222.0,30.7,173.0,41.2,45.0,108.7,161.0,52.3,230.0,17.3,133.0,31.4,222.0,45.1,349.0,35.6,83.0,53.7,92.0,68.0,326.0,8.0,61.0,9.3,155.0,8.0,273.0,6.0,178.0,51.6,200.0,36.1,247.0,20.7,129.0,50.7,131.0,28.5,247.0,23.9,21.0,48.2,215.0,27.8,299.0,MWC,35.2,256.0,52.0,193.0,73.0,218.0,12.7,33.0,10.1,127.0,7.1,195.0,6.1,152.0,56.1,282.0,36.3,86.0,108.7,161.0,0.0,0.0,0.0,0.0,0.0,0.0,0.0,"[0, 0, 0]",0.6,0.0,1.2,"[0, 0, 0, 0, 0]",,,,
14.0,Miles Barnstable,6-2,180.0,Sr,32.0,75.2,134.3,18.4,21.4,60.8,65.7,4.1,10.1,9.2,9.4,1.1,1.4,2.5,3.5,36.3,97-109,0.89,55-90,0.611,85-210,0.405,https://kenpom.com/player.php?p=57192,37.0,30.0,36.0,32.0,30.0,26.0,Tulsa,Amer,68.1,140.0,121.0,34.0,56.0,23.0,15.3,92.0,32.7,97.0,41.6,36.0,108.2,146.0,50.0,97.0,15.6,246.0,29.1,110.0,31.6,98.0,39.0,6.0,53.9,88.0,78.3,14.0,9.9,235.0,9.3,164.0,6.0,43.0,5.1,51.0,55.6,97.0,46.6,36.0,22.5,56.0,39.8,358.0,37.6,37.0,18.6,250.0,48.6,202.0,32.8,120.0,Amer,33.4,145.0,50.0,97.0,72.3,178.0,6.6,327.0,9.5,174.0,6.1,318.0,6.3,112.0,49.2,92.0,40.2,212.0,108.2,146.0,UNLV,"W, 86-78",MWC,70.0,49.0,115.1,82.0,53.6,79.0,17.3,222.0,30.7,173.0,41.2,45.0,108.7,161.0,52.3,230.0,17.3,133.0,31.4,222.0,45.1,349.0,35.6,83.0,53.7,92.0,68.0,326.0,8.0,61.0,9.3,155.0,8.0,273.0,6.0,178.0,51.6,200.0,36.1,247.0,20.7,129.0,50.7,131.0,28.5,247.0,23.9,21.0,48.2,215.0,27.8,299.0,MWC,35.2,256.0,52.0,193.0,73.0,218.0,12.7,33.0,10.1,127.0,7.1,195.0,6.1,152.0,56.1,282.0,36.3,86.0,108.7,161.0,2.3,1.9,2.2,2.0,1.9,1.6,34.333333333333336,"[36, 30, 37]",33.0,3.091206165165235,2.9664793948382653,"[1.9, 2, 2.2, 1.9, 2.3]",,,,
4.0,Myles Rigsby,6-6,190.0,Jr,27.0,39.5,124.0,16.4,14.6,55.1,63.7,4.2,7.3,12.6,17.2,2.0,3.3,2.9,3.8,60.2,58-65,0.892,43-68,0.632,11-40,0.275,https://kenpom.com/player.php?p=54864,14.0,18.0,22.0,18.0,14.0,21.0,Tulsa,Amer,68.1,140.0,121.0,34.0,56.0,23.0,15.3,92.0,32.7,97.0,41.6,36.0,108.2,146.0,50.0,97.0,15.6,246.0,29.1,110.0,31.6,98.0,39.0,6.0,53.9,88.0,78.3,14.0,9.9,235.0,9.3,164.0,6.0,43.0,5.1,51.0,55.6,97.0,46.6,36.0,22.5,56.0,39.8,358.0,37.6,37.0,18.6,250.0,48.6,202.0,32.8,120.0,Amer,33.4,145.0,50.0,97.0,72.3,178.0,6.6,327.0,9.5,174.0,6.1,318.0,6.3,112.0,49.2,92.0,40.2,212.0,108.2,146.0,UNLV,"W, 86-78",MWC,70.0,49.0,115.1,82.0,53.6,79.0,17.3,222.0,30.7,173.0,41.2,45.0,108.7,161.0,52.3,230.0,17.3,133.0,31.4,222.0,45.1,349.0,35.6,83.0,53.7,92.0,68.0,326.0,8.0,61.0,9.3,155.0,8.0,273.0,6.0,178.0,51.6,200.0,36.1,247.0,20.7,129.0,50.7,131.0,28.5,247.0,23.9,21.0,48.2,215.0,27.8,299.0,MWC,35.2,256.0,52.0,193.0,73.0,218.0,12.7,33.0,10.1,127.0,7.1,195.0,6.1,152.0,56.1,282.0,36.3,86.0,108.7,161.0,1.0,1.3,1.6,1.3,1.0,1.5,18.0,"[22, 18, 14]",17.2,3.265986323710904,2.993325909419153,"[1, 1.3, 1.6, 1.3, 1]",,,,
6.0,Romad Dean,6-7,210.0,Sr,32.0,39.4,137.4,12.2,14.3,60.0,64.5,7.8,14.9,4.1,8.4,0.7,1.2,3.0,2.0,25.7,26-27,0.963,30-38,0.789,22-67,0.328,https://kenpom.com/player.php?p=53744,34.0,23.0,4.0,11.0,15.0,17.0,Tulsa,Amer,68.1,140.0,121.0,34.0,56.0,23.0,15.3,92.0,32.7,97.0,41.6,36.0,108.2,146.0,50.0,97.0,15.6,246.0,29.1,110.0,31.6,98.0,39.0,6.0,53.9,88.0,78.3,14.0,9.9,235.0,9.3,164.0,6.0,43.0,5.1,51.0,55.6,97.0,46.6,36.0,22.5,56.0,39.8,358.0,37.6,37.0,18.6,250.0,48.6,202.0,32.8,120.0,Amer,33.4,145.0,50.0,97.0,72.3,178.0,6.6,327.0,9.5,174.0,6.1,318.0,6.3,112.0,49.2,92.0,40.2,212.0,108.2,146.0,UNLV,"W, 86-78",MWC,70.0,49.0,115.1,82.0,53.6,79.0,17.3,222.0,30.7,173.0,41.2,45.0,108.7,161.0,52.3,230.0,17.3,133.0,31.4,222.0,45.1,349.0,35.6,83.0,53.7,92.0,68.0,326.0,8.0,61.0,9.3,155.0,8.0,273.0,6.0,178.0,51.6,200.0,36.1,247.0,20.7,129.0,50.7,131.0,28.5,247.0,23.9,21.0,48.2,215.0,27.8,299.0,MWC,35.2,256.0,52.0,193.0,73.0,218.0,12.7,33.0,10.1,127.0,7.1,195.0,6.1,152.0,56.1,282.0,36.3,86.0,108.7,161.0,2.6,1.7,0.3,0.8,1.1,1.3,20.333333333333332,"[4, 23, 34]",17.4,12.39175353029407,10.32666451474047,"[1.1, 0.8, 0.3, 1.7, 2.6]",,,,
10.0,Tylen Riley,6-3,190.0,Jr,32.0,68.3,114.8,29.1,24.9,49.2,58.6,2.7,12.8,30.6,19.6,0.5,2.0,2.8,6.1,61.0,168-194,0.866,119-255,0.467,25-63,0.397,https://kenpom.com/player.php?p=55825,30.0,33.0,41.0,28.0,29.0,26.0,Tulsa,Amer,68.1,140.0,121.0,34.0,56.0,23.0,15.3,92.0,32.7,97.0,41.6,36.0,108.2,146.0,50.0,97.0,15.6,246.0,29.1,110.0,31.6,98.0,39.0,6.0,53.9,88.0,78.3,14.0,9.9,235.0,9.3,164.0,6.0,43.0,5.1,51.0,55.6,97.0,46.6,36.0,22.5,56.0,39.8,358.0,37.6,37.0,18.6,250.0,48.6,202.0,32.8,120.0,Amer,33.4,145.0,50.0,97.0,72.3,178.0,6.6,327.0,9.5,174.0,6.1,318.0,6.3,112.0,49.2,92.0,40.2,212.0,108.2,146.0,UNLV,"W, 86-78",MWC,70.0,49.0,115.1,82.0,53.6,79.0,17.3,222.0,30.7,173.0,41.2,45.0,108.7,161.0,52.3,230.0,17.3,133.0,31.4,222.0,45.1,349.0,35.6,83.0,53.7,92.0,68.0,326.0,8.0,61.0,9.3,155.0,8.0,273.0,6.0,178.0,51.6,200.0,36.1,247.0,20.7,129.0,50.7,131.0,28.5,247.0,23.9,21.0,48.2,215.0,27.8,299.0,MWC,35.2,256.0,52.0,193.0,73.0,218.0,12.7,33.0,10.1,127.0,7.1,195.0,6.1,152.0,56.1,282.0,36.3,86.0,108.7,161.0,2.1,2.3,2.9,2.0,2.0,1.8,34.666666666666664,"[41, 33, 30]",32.2,4.642796092394707,4.707440918375928,"[2, 2, 2.9, 2.3, 2.1]",,,,
9.0,Tyler Behrend,6-10,220.0,Jr,32.0,52.7,125.6,16.6,12.8,60.3,63.2,10.6,16.0,15.9,18.5,1.8,1.6,4.0,3.5,61.9,54-78,0.692,64-96,0.667,8-30,0.267,https://kenpom.com/player.php?p=57279,34.0,20.0,37.0,24.0,20.0,27.0,Tulsa,Amer,68.1,140.0,121.0,34.0,56.0,23.0,15.3,92.0,32.7,97.0,41.6,36.0,108.2,146.0,50.0,97.0,15.6,246.0,29.1,110.0,31.6,98.0,39.0,6.0,53.9,88.0,78.3,14.0,9.9,235.0,9.3,164.0,6.0,43.0,5.1,51.0,55.6,97.0,46.6,36.0,22.5,56.0,39.8,358.0,37.6,37.0,18.6,250.0,48.6,202.0,32.8,120.0,Amer,33.4,145.0,50.0,97.0,72.3,178.0,6.6,327.0,9.5,174.0,6.1,318.0,6.3,112.0,49.2,92.0,40.2,212.0,108.2,146.0,UNLV,"W, 86-78",MWC,70.0,49.0,115.1,82.0,53.6,79.0,17.3,222.0,30.7,173.0,41.2,45.0,108.7,161.0,52.3,230.0,17.3,133.0,31.4,222.0,45.1,349.0,35.6,83.0,53.7,92.0,68.0,326.0,8.0,61.0,9.3,155.0,8.0,273.0,6.0,178.0,51.6,200.0,36.1,247.0,20.7,129.0,50.7,131.0,28.5,247.0,23.9,21.0,48.2,215.0,27.8,299.0,MWC,35.2,256.0,52.0,193.0,73.0,218.0,12.7,33.0,10.1,127.0,7.1,195.0,6.1,152.0,56.1,282.0,36.3,86.0,108.7,161.0,3.4,2.0,3.7,2.4,2.0,2.7,30.333333333333332,"[37, 20, 34]",27.0,7.408703590297623,7.155417527999327,"[2, 2.4, 3.7, 2, 3.4]",,,,
7.0,Al Green,6-3,185.0,Sr,27.0,26.0,111.5,16.6,19.6,51.5,55.3,2.7,7.4,10.2,13.8,1.3,2.3,3.0,2.6,22.4,19-22,0.864,22-43,0.512,19-55,0.345,https://kenpom.com/player.php?p=56317,0.0,0.0,0.0,0.0,1.0,1.0,UNLV,MWC,70.0,49.0,115.1,82.0,53.6,79.0,17.3,222.0,30.7,173.0,41.2,45.0,108.7,161.0,52.3,230.0,17.3,133.0,31.4,222.0,45.1,349.0,35.6,83.0,53.7,92.0,68.0,326.0,8.0,61.0,9.3,155.0,8.0,273.0,6.0,178.0,51.6,200.0,36.1,247.0,20.7,129.0,50.7,131.0,28.5,247.0,23.9,21.0,48.2,215.0,27.8,299.0,MWC,35.2,256.0,52.0,193.0,73.0,218.0,12.7,33.0,10.1,127.0,7.1,195.0,6.1,152.0,56.1,282.0,36.3,86.0,108.7,161.0,Tulsa,"L, 86-78",Amer,68.1,140.0,121.0,34.0,56.0,23.0,15.3,92.0,32.7,97.0,41.6,36.0,108.2,146.0,50.0,97.0,15.6,246.0,29.1,110.0,31.6,98.0,39.0,6.0,53.9,88.0,78.3,14.0,9.9,235.0,9.3,164.0,6.0,43.0,5.1,51.0,55.6,97.0,46.6,36.0,22.5,56.0,39.8,358.0,37.6,37.0,18.6,250.0,48.6,202.0,32.8,120.0,Amer,33.4,145.0,50.0,97.0,72.3,178.0,6.6,327.0,9.5,174.0,6.1,318.0,6.3,112.0,49.2,92.0,40.2,212.0,108.2,146.0,0.0,0.0,0.0,0.0,0.1,0.1,0.0,"[0, 0, 0]",0.2,0.0,0.4,"[0.1, 0, 0, 0, 0]",,,,
0.0,Dravyn Gibbs-Lawhorn,6-1,185.0,Jr,33.0,84.6,117.3,25.4,29.7,59.2,62.4,1.6,9.1,16.0,15.6,1.8,2.3,3.8,3.9,25.2,103-122,0.844,144-254,0.567,95-230,0.413,https://kenpom.com/player.php?p=54440,28.0,40.0,40.0,40.0,28.0,43.0,UNLV,MWC,70.0,49.0,115.1,82.0,53.6,79.0,17.3,222.0,30.7,173.0,41.2,45.0,108.7,161.0,52.3,230.0,17.3,133.0,31.4,222.0,45.1,349.0,35.6,83.0,53.7,92.0,68.0,326.0,8.0,61.0,9.3,155.0,8.0,273.0,6.0,178.0,51.6,200.0,36.1,247.0,20.7,129.0,50.7,131.0,28.5,247.0,23.9,21.0,48.2,215.0,27.8,299.0,MWC,35.2,256.0,52.0,193.0,73.0,218.0,12.7,33.0,10.1,127.0,7.1,195.0,6.1,152.0,56.1,282.0,36.3,86.0,108.7,161.0,Tulsa,"L, 86-78",Amer,68.1,140.0,121.0,34.0,56.0,23.0,15.3,92.0,32.7,97.0,41.6,36.0,108.2,146.0,50.0,97.0,15.6,246.0,29.1,110.0,31.6,98.0,39.0,6.0,53.9,88.0,78.3,14.0,9.9,235.0,9.3,164.0,6.0,43.0,5.1,51.0,55.6,97.0,46.6,36.0,22.5,56.0,39.8,358.0,37.6,37.0,18.6,250.0,48.6,202.0,32.8,120.0,Amer,33.4,145.0,50.0,97.0,72.3,178.0,6.6,327.0,9.5,174.0,6.1,318.0,6.3,112.0,49.2,92.0,40.2,212.0,108.2,146.0,2.7,3.8,3.8,3.8,2.7,4.1,36.0,"[40, 40, 28]",35.2,5.656854249492381,5.878775382679628,"[2.7, 3.8, 3.8, 3.8, 2.7]",,,,
34.0,Emmanuel Stephen,7-0,230.0,So,22.0,26.1,102.5,14.4,12.1,52.5,51.1,14.7,16.0,2.9,20.3,4.7,1.6,8.1,2.8,42.6,11-26,0.423,32-61,0.525,0-0,0.0,https://kenpom.com/player.php?p=57090,5.0,3.0,0.0,0.0,1.0,0.0,UNLV,MWC,70.0,49.0,115.1,82.0,53.6,79.0,17.3,222.0,30.7,173.0,41.2,45.0,108.7,161.0,52.3,230.0,17.3,133.0,31.4,222.0,45.1,349.0,35.6,83.0,53.7,92.0,68.0,326.0,8.0,61.0,9.3,155.0,8.0,273.0,6.0,178.0,51.6,200.0,36.1,247.0,20.7,129.0,50.7,131.0,28.5,247.0,23.9,21.0,48.2,215.0,27.8,299.0,MWC,35.2,256.0,52.0,193.0,73.0,218.0,12.7,33.0,10.1,127.0,7.1,195.0,6.1,152.0,56.1,282.0,36.3,86.0,108.7,161.0,Tulsa,"L, 86-78",Amer,68.1,140.0,121.0,34.0,56.0,23.0,15.3,92.0,32.7,97.0,41.6,36.0,108.2,146.0,50.0,97.0,15.6,246.0,29.1,110.0,31.6,98.0,39.0,6.0,53.9,88.0,78.3,14.0,9.9,235.0,9.3,164.0,6.0,43.0,5.1,51.0,55.6,97.0,46.6,36.0,22.5,56.0,39.8,358.0,37.6,37.0,18.6,250.0,48.6,202.0,32.8,120.0,Amer,33.4,145.0,50.0,97.0,72.3,178.0,6.6,327.0,9.5,174.0,6.1,318.0,6.3,112.0,49.2,92.0,40.2,212.0,108.2,146.0,1.0,0.6,0.0,0.0,0.2,0.0,2.6666666666666665,"[0, 3, 5]",1.8,2.0548046676563256,1.9390719429665317,"[0.2, 0, 0, 0.6, 1]",,,,
3.0,Howie Fleming,6-5,210.0,Sr,31.0,67.5,109.9,18.3,15.6,49.5,55.9,4.8,20.5,21.1,21.2,0.5,2.1,3.8,3.6,47.3,77-96,0.802,63-124,0.508,25-79,0.316,https://kenpom.com/player.php?p=49391,30.0,31.0,24.0,38.0,37.0,42.0,UNLV,MWC,70.0,49.0,115.1,82.0,53.6,79.0,17.3,222.0,30.7,173.0,41.2,45.0,108.7,161.0,52.3,230.0,17.3,133.0,31.4,222.0,45.1,349.0,35.6,83.0,53.7,92.0,68.0,326.0,8.0,61.0,9.3,155.0,8.0,273.0,6.0,178.0,51.6,200.0,36.1,247.0,20.7,129.0,50.7,131.0,28.5,247.0,23.9,21.0,48.2,215.0,27.8,299.0,MWC,35.2,256.0,52.0,193.0,73.0,218.0,12.7,33.0,10.1,127.0,7.1,195.0,6.1,152.0,56.1,282.0,36.3,86.0,108.7,161.0,Tulsa,"L, 86-78",Amer,68.1,140.0,121.0,34.0,56.0,23.0,15.3,92.0,32.7,97.0,41.6,36.0,108.2,146.0,50.0,97.0,15.6,246.0,29.1,110.0,31.6,98.0,39.0,6.0,53.9,88.0,78.3,14.0,9.9,235.0,9.3,164.0,6.0,43.0,5.1,51.0,55.6,97.0,46.6,36.0,22.5,56.0,39.8,358.0,37.6,37.0,18.6,250.0,48.6,202.0,32.8,120.0,Amer,33.4,145.0,50.0,97.0,72.3,178.0,6.6,327.0,9.5,174.0,6.1,318.0,6.3,112.0,49.2,92.0,40.2,212.0,108.2,146.0,2.8,2.9,2.3,3.6,3.5,4.0,28.333333333333332,"[24, 31, 30]",32.0,3.0912061651652345,5.0990195135927845,"[3.5, 3.6, 2.3, 2.9, 2.8]",,,,
12.0,Issac Williamson,6-0,165.0,Fr,31.0,52.7,95.1,20.2,22.4,47.4,50.5,0.7,8.7,8.7,17.9,0.9,2.2,4.7,3.7,33.9,51-77,0.662,46-104,0.442,41-123,0.333,https://kenpom.com/player.php?p=58083,21.0,14.0,22.0,11.0,23.0,8.0,UNLV,MWC,70.0,49.0,115.1,82.0,53.6,79.0,17.3,222.0,30.7,173.0,41.2,45.0,108.7,161.0,52.3,230.0,17.3,133.0,31.4,222.0,45.1,349.0,35.6,83.0,53.7,92.0,68.0,326.0,8.0,61.0,9.3,155.0,8.0,273.0,6.0,178.0,51.6,200.0,36.1,247.0,20.7,129.0,50.7,131.0,28.5,247.0,23.9,21.0,48.2,215.0,27.8,299.0,MWC,35.2,256.0,52.0,193.0,73.0,218.0,12.7,33.0,10.1,127.0,7.1,195.0,6.1,152.0,56.1,282.0,36.3,86.0,108.7,161.0,Tulsa,"L, 86-78",Amer,68.1,140.0,121.0,34.0,56.0,23.0,15.3,92.0,32.7,97.0,41.6,36.0,108.2,146.0,50.0,97.0,15.6,246.0,29.1,110.0,31.6,98.0,39.0,6.0,53.9,88.0,78.3,14.0,9.9,235.0,9.3,164.0,6.0,43.0,5.1,51.0,55.6,97.0,46.6,36.0,22.5,56.0,39.8,358.0,37.6,37.0,18.6,250.0,48.6,202.0,32.8,120.0,Amer,33.4,145.0,50.0,97.0,72.3,178.0,6.6,327.0,9.5,174.0,6.1,318.0,6.3,112.0,49.2,92.0,40.2,212.0,108.2,146.0,2.5,1.6,2.6,1.3,2.7,0.9,19.0,"[22, 14, 21]",18.2,3.559026084010437,4.791659420284375,"[2.7, 1.3, 2.6, 1.6, 2.5]",,,,
10.0,Jacob Bannarbie,6-9,235.0,So,29.0,35.0,107.5,20.0,15.0,53.0,56.5,10.2,22.9,15.1,21.2,2.4,1.9,5.7,4.9,75.2,48-76,0.632,52-97,0.536,1-4,0.25,https://kenpom.com/player.php?p=55120,20.0,17.0,21.0,10.0,17.0,34.0,UNLV,MWC,70.0,49.0,115.1,82.0,53.6,79.0,17.3,222.0,30.7,173.0,41.2,45.0,108.7,161.0,52.3,230.0,17.3,133.0,31.4,222.0,45.1,349.0,35.6,83.0,53.7,92.0,68.0,326.0,8.0,61.0,9.3,155.0,8.0,273.0,6.0,178.0,51.6,200.0,36.1,247.0,20.7,129.0,50.7,131.0,28.5,247.0,23.9,21.0,48.2,215.0,27.8,299.0,MWC,35.2,256.0,52.0,193.0,73.0,218.0,12.7,33.0,10.1,127.0,7.1,195.0,6.1,152.0,56.1,282.0,36.3,86.0,108.7,161.0,Tulsa,"L, 86-78",Amer,68.1,140.0,121.0,34.0,56.0,23.0,15.3,92.0,32.7,97.0,41.6,36.0,108.2,146.0,50.0,97.0,15.6,246.0,29.1,110.0,31.6,98.0,39.0,6.0,53.9,88.0,78.3,14.0,9.9,235.0,9.3,164.0,6.0,43.0,5.1,51.0,55.6,97.0,46.6,36.0,22.5,56.0,39.8,358.0,37.6,37.0,18.6,250.0,48.6,202.0,32.8,120.0,Amer,33.4,145.0,50.0,97.0,72.3,178.0,6.6,327.0,9.5,174.0,6.1,318.0,6.3,112.0,49.2,92.0,40.2,212.0,108.2,146.0,2.8,2.4,3.0,1.4,2.4,4.8,19.333333333333332,"[21, 17, 20]",17.0,1.699673171197595,3.847076812334269,"[2.4, 1.4, 3, 2.4, 2.8]",,,,
2.0,Kimani Hamilton,6-8,225.0,Sr,33.0,72.2,116.7,22.1,21.9,53.8,58.1,8.1,11.4,15.1,14.3,1.5,2.1,5.0,4.6,46.4,104-141,0.738,114-211,0.54,33-93,0.355,https://kenpom.com/player.php?p=53356,35.0,28.0,32.0,39.0,33.0,23.0,UNLV,MWC,70.0,49.0,115.1,82.0,53.6,79.0,17.3,222.0,30.7,173.0,41.2,45.0,108.7,161.0,52.3,230.0,17.3,133.0,31.4,222.0,45.1,349.0,35.6,83.0,53.7,92.0,68.0,326.0,8.0,61.0,9.3,155.0,8.0,273.0,6.0,178.0,51.6,200.0,36.1,247.0,20.7,129.0,50.7,131.0,28.5,247.0,23.9,21.0,48.2,215.0,27.8,299.0,MWC,35.2,256.0,52.0,193.0,73.0,218.0,12.7,33.0,10.1,127.0,7.1,195.0,6.1,152.0,56.1,282.0,36.3,86.0,108.7,161.0,Tulsa,"L, 86-78",Amer,68.1,140.0,121.0,34.0,56.0,23.0,15.3,92.0,32.7,97.0,41.6,36.0,108.2,146.0,50.0,97.0,15.6,246.0,29.1,110.0,31.6,98.0,39.0,6.0,53.9,88.0,78.3,14.0,9.9,235.0,9.3,164.0,6.0,43.0,5.1,51.0,55.6,97.0,46.6,36.0,22.5,56.0,39.8,358.0,37.6,37.0,18.6,250.0,48.6,202.0,32.8,120.0,Amer,33.4,145.0,50.0,97.0,72.3,178.0,6.6,327.0,9.5,174.0,6.1,318.0,6.3,112.0,49.2,92.0,40.2,212.0,108.2,146.0,4.4,3.5,4.0,4.9,4.1,2.9,31.666666666666668,"[32, 28, 35]",33.4,2.8674417556808756,3.6110940170535577,"[4.1, 4.9, 4, 3.5, 4.4]",,,,
1.0,Ladji Dembele,6-8,255.0,Jr,5.0,7.5,96.4,17.8,18.7,44.4,45.0,9.3,15.1,12.1,19.1,4.4,1.7,6.0,2.1,14.8,2-4,0.5,6-13,0.462,4-14,0.286,https://kenpom.com/player.php?p=54491,0.0,0.0,0.0,0.0,0.0,0.0,UNLV,MWC,70.0,49.0,115.1,82.0,53.6,79.0,17.3,222.0,30.7,173.0,41.2,45.0,108.7,161.0,52.3,230.0,17.3,133.0,31.4,222.0,45.1,349.0,35.6,83.0,53.7,92.0,68.0,326.0,8.0,61.0,9.3,155.0,8.0,273.0,6.0,178.0,51.6,200.0,36.1,247.0,20.7,129.0,50.7,131.0,28.5,247.0,23.9,21.0,48.2,215.0,27.8,299.0,MWC,35.2,256.0,52.0,193.0,73.0,218.0,12.7,33.0,10.1,127.0,7.1,195.0,6.1,152.0,56.1,282.0,36.3,86.0,108.7,161.0,Tulsa,"L, 86-78",Amer,68.1,140.0,121.0,34.0,56.0,23.0,15.3,92.0,32.7,97.0,41.6,36.0,108.2,146.0,50.0,97.0,15.6,246.0,29.1,110.0,31.6,98.0,39.0,6.0,53.9,88.0,78.3,14.0,9.9,235.0,9.3,164.0,6.0,43.0,5.1,51.0,55.6,97.0,46.6,36.0,22.5,56.0,39.8,358.0,37.6,37.0,18.6,250.0,48.6,202.0,32.8,120.0,Amer,33.4,145.0,50.0,97.0,72.3,178.0,6.6,327.0,9.5,174.0,6.1,318.0,6.3,112.0,49.2,92.0,40.2,212.0,108.2,146.0,0.0,0.0,0.0,0.0,0.0,0.0,0.0,"[0, 0, 0]",0.0,0.0,0.0,"[0, 0, 0, 0, 0]",,,,
24.0,Naas Cunningham,6-7,175.0,Fr,19.0,19.2,101.5,21.0,23.5,42.0,49.0,1.8,8.1,10.4,12.6,0.0,1.8,2.5,4.4,41.4,29-36,0.806,20-44,0.455,11-43,0.256,https://kenpom.com/player.php?p=56023,0.0,0.0,0.0,0.0,0.0,0.0,UNLV,MWC,70.0,49.0,115.1,82.0,53.6,79.0,17.3,222.0,30.7,173.0,41.2,45.0,108.7,161.0,52.3,230.0,17.3,133.0,31.4,222.0,45.1,349.0,35.6,83.0,53.7,92.0,68.0,326.0,8.0,61.0,9.3,155.0,8.0,273.0,6.0,178.0,51.6,200.0,36.1,247.0,20.7,129.0,50.7,131.0,28.5,247.0,23.9,21.0,48.2,215.0,27.8,299.0,MWC,35.2,256.0,52.0,193.0,73.0,218.0,12.7,33.0,10.1,127.0,7.1,195.0,6.1,152.0,56.1,282.0,36.3,86.0,108.7,161.0,Tulsa,"L, 86-78",Amer,68.1,140.0,121.0,34.0,56.0,23.0,15.3,92.0,32.7,97.0,41.6,36.0,108.2,146.0,50.0,97.0,15.6,246.0,29.1,110.0,31.6,98.0,39.0,6.0,53.9,88.0,78.3,14.0,9.9,235.0,9.3,164.0,6.0,43.0,5.1,51.0,55.6,97.0,46.6,36.0,22.5,56.0,39.8,358.0,37.6,37.0,18.6,250.0,48.6,202.0,32.8,120.0,Amer,33.4,145.0,50.0,97.0,72.3,178.0,6.6,327.0,9.5,174.0,6.1,318.0,6.3,112.0,49.2,92.0,40.2,212.0,108.2,146.0,0.0,0.0,0.0,0.0,0.0,0.0,0.0,"[0, 0, 0]",0.0,0.0,0.0,"[0, 0, 0, 0, 0]",,,,
6.0,Tyrin Jones,6-9,190.0,Fr,30.0,60.4,111.1,20.9,19.9,58.7,56.6,7.4,14.1,9.2,11.4,9.0,2.1,2.6,5.7,68.8,76-159,0.478,134-225,0.596,1-6,0.167,https://kenpom.com/player.php?p=58081,31.0,29.0,27.0,30.0,29.0,31.0,UNLV,MWC,70.0,49.0,115.1,82.0,53.6,79.0,17.3,222.0,30.7,173.0,41.2,45.0,108.7,161.0,52.3,230.0,17.3,133.0,31.4,222.0,45.1,349.0,35.6,83.0,53.7,92.0,68.0,326.0,8.0,61.0,9.3,155.0,8.0,273.0,6.0,178.0,51.6,200.0,36.1,247.0,20.7,129.0,50.7,131.0,28.5,247.0,23.9,21.0,48.2,215.0,27.8,299.0,MWC,35.2,256.0,52.0,193.0,73.0,218.0,12.7,33.0,10.1,127.0,7.1,195.0,6.1,152.0,56.1,282.0,36.3,86.0,108.7,161.0,Tulsa,"L, 86-78",Amer,68.1,140.0,121.0,34.0,56.0,23.0,15.3,92.0,32.7,97.0,41.6,36.0,108.2,146.0,50.0,97.0,15.6,246.0,29.1,110.0,31.6,98.0,39.0,6.0,53.9,88.0,78.3,14.0,9.9,235.0,9.3,164.0,6.0,43.0,5.1,51.0,55.6,97.0,46.6,36.0,22.5,56.0,39.8,358.0,37.6,37.0,18.6,250.0,48.6,202.0,32.8,120.0,Amer,33.4,145.0,50.0,97.0,72.3,178.0,6.6,327.0,9.5,174.0,6.1,318.0,6.3,112.0,49.2,92.0,40.2,212.0,108.2,146.0,2.0,1.9,1.8,2.0,1.9,2.0,29.0,"[27, 29, 31]",29.2,1.632993161855452,1.3266499161421599,"[1.9, 2, 1.8, 1.9, 2]",,,,
22.0,Walter Brown,6-5,210.0,Sr,32.0,47.6,104.9,12.0,10.9,53.5,54.5,5.5,11.2,9.0,21.6,2.2,1.4,4.3,2.2,35.0,20-35,0.571,28-54,0.519,17-46,0.37,https://kenpom.com/player.php?p=59339,30.0,38.0,34.0,32.0,30.0,43.0,UNLV,MWC,70.0,49.0,115.1,82.0,53.6,79.0,17.3,222.0,30.7,173.0,41.2,45.0,108.7,161.0,52.3,230.0,17.3,133.0,31.4,222.0,45.1,349.0,35.6,83.0,53.7,92.0,68.0,326.0,8.0,61.0,9.3,155.0,8.0,273.0,6.0,178.0,51.6,200.0,36.1,247.0,20.7,129.0,50.7,131.0,28.5,247.0,23.9,21.0,48.2,215.0,27.8,299.0,MWC,35.2,256.0,52.0,193.0,73.0,218.0,12.7,33.0,10.1,127.0,7.1,195.0,6.1,152.0,56.1,282.0,36.3,86.0,108.7,161.0,Tulsa,"L, 86-78",Amer,68.1,140.0,121.0,34.0,56.0,23.0,15.3,92.0,32.7,97.0,41.6,36.0,108.2,146.0,50.0,97.0,15.6,246.0,29.1,110.0,31.6,98.0,39.0,6.0,53.9,88.0,78.3,14.0,9.9,235.0,9.3,164.0,6.0,43.0,5.1,51.0,55.6,97.0,46.6,36.0,22.5,56.0,39.8,358.0,37.6,37.0,18.6,250.0,48.6,202.0,32.8,120.0,Amer,33.4,145.0,50.0,97.0,72.3,178.0,6.6,327.0,9.5,174.0,6.1,318.0,6.3,112.0,49.2,92.0,40.2,212.0,108.2,146.0,3.2,4.1,3.7,3.4,3.2,4.6,34.0,"[34, 38, 30]",32.8,3.265986323710904,2.993325909419153,"[3.2, 3.4, 3.7, 4.1, 3.2]",,,,
13.0,Cooper Schwieger,6-10,235.0,Jr,33.0,49.0,117.1,12.9,12.7,56.4,59.0,6.6,8.0,7.8,16.0,3.8,1.4,4.0,2.3,30.2,28-38,0.737,53-93,0.57,12-33,0.364,https://kenpom.com/player.php?p=54946,15.0,20.0,20.0,23.0,29.0,25.0,Wake+Forest,ACC,68.2,136.0,117.2,67.0,52.6,118.0,15.5,107.0,30.1,193.0,35.1,174.0,106.0,109.0,51.9,208.0,17.8,109.0,33.2,303.0,35.7,203.0,34.2,166.0,53.8,91.0,77.9,20.0,8.4,93.0,8.9,110.0,6.6,111.0,6.3,246.0,53.5,151.0,44.0,90.0,20.6,136.0,45.4,280.0,34.0,118.0,20.2,151.0,44.4,330.0,35.3,49.0,ACC,33.0,121.0,53.9,275.0,73.7,257.0,11.1,81.0,11.0,69.0,6.8,239.0,5.7,246.0,57.0,300.0,46.4,347.0,106.0,109.0,Illinois St.,"W, 77-70",MVC,66.7,221.0,110.3,149.0,53.6,85.0,16.5,161.0,28.3,254.0,31.7,262.0,103.5,70.0,49.6,85.0,16.3,202.0,25.1,11.0,32.6,121.0,34.9,128.0,54.5,76.0,70.8,244.0,8.6,113.0,8.7,88.0,7.8,251.0,5.9,165.0,51.1,215.0,42.9,117.0,17.3,297.0,48.0,212.0,34.6,95.0,18.3,261.0,53.2,34.0,28.5,284.0,MVC,33.1,126.0,49.5,80.0,68.2,8.0,6.1,341.0,8.4,262.0,7.9,88.0,6.5,61.0,51.6,162.0,34.9,44.0,103.5,70.0,1.5,2.0,2.0,2.3,2.9,2.5,18.333333333333332,"[20, 20, 15]",21.4,2.3570226039551585,4.586937976471886,"[2.9, 2.3, 2, 2, 1.5]",,,,
7.0,Isaac Carr,6-4,187.0,Fr,25.0,20.4,105.2,14.0,11.6,46.9,49.4,6.0,10.8,18.6,22.0,0.0,1.4,4.8,2.2,29.2,9-14,0.643,15-32,0.469,5-16,0.312,https://kenpom.com/player.php?p=58021,6.0,0.0,0.0,13.0,10.0,19.0,Wake+Forest,ACC,68.2,136.0,117.2,67.0,52.6,118.0,15.5,107.0,30.1,193.0,35.1,174.0,106.0,109.0,51.9,208.0,17.8,109.0,33.2,303.0,35.7,203.0,34.2,166.0,53.8,91.0,77.9,20.0,8.4,93.0,8.9,110.0,6.6,111.0,6.3,246.0,53.5,151.0,44.0,90.0,20.6,136.0,45.4,280.0,34.0,118.0,20.2,151.0,44.4,330.0,35.3,49.0,ACC,33.0,121.0,53.9,275.0,73.7,257.0,11.1,81.0,11.0,69.0,6.8,239.0,5.7,246.0,57.0,300.0,46.4,347.0,106.0,109.0,Illinois St.,"W, 77-70",MVC,66.7,221.0,110.3,149.0,53.6,85.0,16.5,161.0,28.3,254.0,31.7,262.0,103.5,70.0,49.6,85.0,16.3,202.0,25.1,11.0,32.6,121.0,34.9,128.0,54.5,76.0,70.8,244.0,8.6,113.0,8.7,88.0,7.8,251.0,5.9,165.0,51.1,215.0,42.9,117.0,17.3,297.0,48.0,212.0,34.6,95.0,18.3,261.0,53.2,34.0,28.5,284.0,MVC,33.1,126.0,49.5,80.0,68.2,8.0,6.1,341.0,8.4,262.0,7.9,88.0,6.5,61.0,51.6,162.0,34.9,44.0,103.5,70.0,0.7,0.0,0.0,1.6,1.2,2.3,2.0,"[0, 0, 6]",5.8,2.8284271247461903,5.230678732248808,"[1.2, 1.6, 0, 0, 0.7]",,,,
23.0,Jaylen Cross,6-4,185.0,Fr,13.0,5.0,100.7,21.7,19.0,50.0,53.8,8.8,13.8,13.5,23.4,0.0,1.7,5.9,3.6,36.8,5-7,0.714,5-14,0.357,3-5,0.6,https://kenpom.com/player.php?p=58022,0.0,0.0,0.0,0.0,0.0,0.0,Wake+Forest,ACC,68.2,136.0,117.2,67.0,52.6,118.0,15.5,107.0,30.1,193.0,35.1,174.0,106.0,109.0,51.9,208.0,17.8,109.0,33.2,303.0,35.7,203.0,34.2,166.0,53.8,91.0,77.9,20.0,8.4,93.0,8.9,110.0,6.6,111.0,6.3,246.0,53.5,151.0,44.0,90.0,20.6,136.0,45.4,280.0,34.0,118.0,20.2,151.0,44.4,330.0,35.3,49.0,ACC,33.0,121.0,53.9,275.0,73.7,257.0,11.1,81.0,11.0,69.0,6.8,239.0,5.7,246.0,57.0,300.0,46.4,347.0,106.0,109.0,Illinois St.,"W, 77-70",MVC,66.7,221.0,110.3,149.0,53.6,85.0,16.5,161.0,28.3,254.0,31.7,262.0,103.5,70.0,49.6,85.0,16.3,202.0,25.1,11.0,32.6,121.0,34.9,128.0,54.5,76.0,70.8,244.0,8.6,113.0,8.7,88.0,7.8,251.0,5.9,165.0,51.1,215.0,42.9,117.0,17.3,297.0,48.0,212.0,34.6,95.0,18.3,261.0,53.2,34.0,28.5,284.0,MVC,33.1,126.0,49.5,80.0,68.2,8.0,6.1,341.0,8.4,262.0,7.9,88.0,6.5,61.0,51.6,162.0,34.9,44.0,103.5,70.0,0.0,0.0,0.0,0.0,0.0,0.0,0.0,"[0, 0, 0]",0.0,0.0,0.0,"[0, 0, 0, 0, 0]",,,,
2.0,Juke Harris,6-7,200.0,So,34.0,86.7,118.1,27.1,29.0,53.0,58.5,4.2,17.6,11.3,10.2,0.8,2.1,2.4,6.0,47.8,191-243,0.786,142-253,0.561,85-255,0.333,https://kenpom.com/player.php?p=56413,38.0,40.0,44.0,40.0,39.0,37.0,Wake+Forest,ACC,68.2,136.0,117.2,67.0,52.6,118.0,15.5,107.0,30.1,193.0,35.1,174.0,106.0,109.0,51.9,208.0,17.8,109.0,33.2,303.0,35.7,203.0,34.2,166.0,53.8,91.0,77.9,20.0,8.4,93.0,8.9,110.0,6.6,111.0,6.3,246.0,53.5,151.0,44.0,90.0,20.6,136.0,45.4,280.0,34.0,118.0,20.2,151.0,44.4,330.0,35.3,49.0,ACC,33.0,121.0,53.9,275.0,73.7,257.0,11.1,81.0,11.0,69.0,6.8,239.0,5.7,246.0,57.0,300.0,46.4,347.0,106.0,109.0,Illinois St.,"W, 77-70",MVC,66.7,221.0,110.3,149.0,53.6,85.0,16.5,161.0,28.3,254.0,31.7,262.0,103.5,70.0,49.6,85.0,16.3,202.0,25.1,11.0,32.6,121.0,34.9,128.0,54.5,76.0,70.8,244.0,8.6,113.0,8.7,88.0,7.8,251.0,5.9,165.0,51.1,215.0,42.9,117.0,17.3,297.0,48.0,212.0,34.6,95.0,18.3,261.0,53.2,34.0,28.5,284.0,MVC,33.1,126.0,49.5,80.0,68.2,8.0,6.1,341.0,8.4,262.0,7.9,88.0,6.5,61.0,51.6,162.0,34.9,44.0,103.5,70.0,2.3,2.4,2.6,2.4,2.3,2.2,40.666666666666664,"[44, 40, 38]",40.2,2.494438257849294,2.039607805437114,"[2.3, 2.4, 2.6, 2.4, 2.3]",,,,
11.0,Marqus Marion,6-9,220.0,So,20.0,17.5,117.3,9.1,7.0,42.0,46.5,9.4,12.7,9.3,13.1,3.7,2.1,5.0,2.1,52.0,8-13,0.615,9-14,0.643,1-11,0.091,https://kenpom.com/player.php?p=54968,0.0,0.0,0.0,0.0,0.0,0.0,Wake+Forest,ACC,68.2,136.0,117.2,67.0,52.6,118.0,15.5,107.0,30.1,193.0,35.1,174.0,106.0,109.0,51.9,208.0,17.8,109.0,33.2,303.0,35.7,203.0,34.2,166.0,53.8,91.0,77.9,20.0,8.4,93.0,8.9,110.0,6.6,111.0,6.3,246.0,53.5,151.0,44.0,90.0,20.6,136.0,45.4,280.0,34.0,118.0,20.2,151.0,44.4,330.0,35.3,49.0,ACC,33.0,121.0,53.9,275.0,73.7,257.0,11.1,81.0,11.0,69.0,6.8,239.0,5.7,246.0,57.0,300.0,46.4,347.0,106.0,109.0,Illinois St.,"W, 77-70",MVC,66.7,221.0,110.3,149.0,53.6,85.0,16.5,161.0,28.3,254.0,31.7,262.0,103.5,70.0,49.6,85.0,16.3,202.0,25.1,11.0,32.6,121.0,34.9,128.0,54.5,76.0,70.8,244.0,8.6,113.0,8.7,88.0,7.8,251.0,5.9,165.0,51.1,215.0,42.9,117.0,17.3,297.0,48.0,212.0,34.6,95.0,18.3,261.0,53.2,34.0,28.5,284.0,MVC,33.1,126.0,49.5,80.0,68.2,8.0,6.1,341.0,8.4,262.0,7.9,88.0,6.5,61.0,51.6,162.0,34.9,44.0,103.5,70.0,0.0,0.0,0.0,0.0,0.0,0.0,0.0,"[0, 0, 0]",0.0,0.0,0.0,"[0, 0, 0, 0, 0]",,,,
8.0,Mekhi Mason,6-5,202.0,Sr,33.0,48.4,105.8,19.9,21.0,49.8,52.5,4.9,11.1,12.2,15.2,1.5,2.7,4.3,3.4,30.1,42-62,0.677,35-72,0.486,45-134,0.336,https://kenpom.com/player.php?p=52957,14.0,20.0,29.0,24.0,26.0,6.0,Wake+Forest,ACC,68.2,136.0,117.2,67.0,52.6,118.0,15.5,107.0,30.1,193.0,35.1,174.0,106.0,109.0,51.9,208.0,17.8,109.0,33.2,303.0,35.7,203.0,34.2,166.0,53.8,91.0,77.9,20.0,8.4,93.0,8.9,110.0,6.6,111.0,6.3,246.0,53.5,151.0,44.0,90.0,20.6,136.0,45.4,280.0,34.0,118.0,20.2,151.0,44.4,330.0,35.3,49.0,ACC,33.0,121.0,53.9,275.0,73.7,257.0,11.1,81.0,11.0,69.0,6.8,239.0,5.7,246.0,57.0,300.0,46.4,347.0,106.0,109.0,Illinois St.,"W, 77-70",MVC,66.7,221.0,110.3,149.0,53.6,85.0,16.5,161.0,28.3,254.0,31.7,262.0,103.5,70.0,49.6,85.0,16.3,202.0,25.1,11.0,32.6,121.0,34.9,128.0,54.5,76.0,70.8,244.0,8.6,113.0,8.7,88.0,7.8,251.0,5.9,165.0,51.1,215.0,42.9,117.0,17.3,297.0,48.0,212.0,34.6,95.0,18.3,261.0,53.2,34.0,28.5,284.0,MVC,33.1,126.0,49.5,80.0,68.2,8.0,6.1,341.0,8.4,262.0,7.9,88.0,6.5,61.0,51.6,162.0,34.9,44.0,103.5,70.0,1.5,2.2,3.1,2.6,2.8,0.6,21.0,"[29, 20, 14]",22.6,6.164414002968976,5.2,"[2.8, 2.6, 3.1, 2.2, 1.5]",,,,
6.0,Myles Colvin,6-5,212.0,Jr,34.0,67.0,108.3,21.8,22.0,50.0,56.3,5.6,13.8,9.4,17.5,1.5,2.6,3.2,4.0,37.2,97-111,0.874,62-136,0.456,58-162,0.358,https://kenpom.com/player.php?p=54722,27.0,22.0,36.0,22.0,24.0,37.0,Wake+Forest,ACC,68.2,136.0,117.2,67.0,52.6,118.0,15.5,107.0,30.1,193.0,35.1,174.0,106.0,109.0,51.9,208.0,17.8,109.0,33.2,303.0,35.7,203.0,34.2,166.0,53.8,91.0,77.9,20.0,8.4,93.0,8.9,110.0,6.6,111.0,6.3,246.0,53.5,151.0,44.0,90.0,20.6,136.0,45.4,280.0,34.0,118.0,20.2,151.0,44.4,330.0,35.3,49.0,ACC,33.0,121.0,53.9,275.0,73.7,257.0,11.1,81.0,11.0,69.0,6.8,239.0,5.7,246.0,57.0,300.0,46.4,347.0,106.0,109.0,Illinois St.,"W, 77-70",MVC,66.7,221.0,110.3,149.0,53.6,85.0,16.5,161.0,28.3,254.0,31.7,262.0,103.5,70.0,49.6,85.0,16.3,202.0,25.1,11.0,32.6,121.0,34.9,128.0,54.5,76.0,70.8,244.0,8.6,113.0,8.7,88.0,7.8,251.0,5.9,165.0,51.1,215.0,42.9,117.0,17.3,297.0,48.0,212.0,34.6,95.0,18.3,261.0,53.2,34.0,28.5,284.0,MVC,33.1,126.0,49.5,80.0,68.2,8.0,6.1,341.0,8.4,262.0,7.9,88.0,6.5,61.0,51.6,162.0,34.9,44.0,103.5,70.0,2.2,1.8,2.9,1.8,1.9,3.0,28.333333333333332,"[36, 22, 27]",26.2,5.792715732327588,5.230678732248808,"[1.9, 1.8, 2.9, 1.8, 2.2]",,,,
1.0,Nate Calmese,6-2,181.0,Sr,25.0,45.1,115.7,22.9,23.4,56.6,58.2,1.7,7.4,35.6,18.7,0.6,3.1,2.0,2.5,14.6,24-31,0.774,59-112,0.527,41-101,0.406,https://kenpom.com/player.php?p=53377,32.0,25.0,14.0,0.0,0.0,0.0,Wake+Forest,ACC,68.2,136.0,117.2,67.0,52.6,118.0,15.5,107.0,30.1,193.0,35.1,174.0,106.0,109.0,51.9,208.0,17.8,109.0,33.2,303.0,35.7,203.0,34.2,166.0,53.8,91.0,77.9,20.0,8.4,93.0,8.9,110.0,6.6,111.0,6.3,246.0,53.5,151.0,44.0,90.0,20.6,136.0,45.4,280.0,34.0,118.0,20.2,151.0,44.4,330.0,35.3,49.0,ACC,33.0,121.0,53.9,275.0,73.7,257.0,11.1,81.0,11.0,69.0,6.8,239.0,5.7,246.0,57.0,300.0,46.4,347.0,106.0,109.0,Illinois St.,"W, 77-70",MVC,66.7,221.0,110.3,149.0,53.6,85.0,16.5,161.0,28.3,254.0,31.7,262.0,103.5,70.0,49.6,85.0,16.3,202.0,25.1,11.0,32.6,121.0,34.9,128.0,54.5,76.0,70.8,244.0,8.6,113.0,8.7,88.0,7.8,251.0,5.9,165.0,51.1,215.0,42.9,117.0,17.3,297.0,48.0,212.0,34.6,95.0,18.3,261.0,53.2,34.0,28.5,284.0,MVC,33.1,126.0,49.5,80.0,68.2,8.0,6.1,341.0,8.4,262.0,7.9,88.0,6.5,61.0,51.6,162.0,34.9,44.0,103.5,70.0,1.6,1.2,0.7,0.0,0.0,0.0,23.666666666666668,"[14, 25, 32]",14.2,7.408703590297623,12.936769303036984,"[0, 0, 0.7, 1.2, 1.6]",,,,
0.0,Omaha Biliew,6-8,230.0,Jr,34.0,49.1,116.2,14.5,14.8,55.4,59.7,5.5,8.3,4.7,14.7,1.9,1.7,5.4,3.0,40.1,46-59,0.78,35-61,0.574,31-86,0.36,https://kenpom.com/player.php?p=54468,25.0,26.0,21.0,27.0,10.0,23.0,Wake+Forest,ACC,68.2,136.0,117.2,67.0,52.6,118.0,15.5,107.0,30.1,193.0,35.1,174.0,106.0,109.0,51.9,208.0,17.8,109.0,33.2,303.0,35.7,203.0,34.2,166.0,53.8,91.0,77.9,20.0,8.4,93.0,8.9,110.0,6.6,111.0,6.3,246.0,53.5,151.0,44.0,90.0,20.6,136.0,45.4,280.0,34.0,118.0,20.2,151.0,44.4,330.0,35.3,49.0,ACC,33.0,121.0,53.9,275.0,73.7,257.0,11.1,81.0,11.0,69.0,6.8,239.0,5.7,246.0,57.0,300.0,46.4,347.0,106.0,109.0,Illinois St.,"W, 77-70",MVC,66.7,221.0,110.3,149.0,53.6,85.0,16.5,161.0,28.3,254.0,31.7,262.0,103.5,70.0,49.6,85.0,16.3,202.0,25.1,11.0,32.6,121.0,34.9,128.0,54.5,76.0,70.8,244.0,8.6,113.0,8.7,88.0,7.8,251.0,5.9,165.0,51.1,215.0,42.9,117.0,17.3,297.0,48.0,212.0,34.6,95.0,18.3,261.0,53.2,34.0,28.5,284.0,MVC,33.1,126.0,49.5,80.0,68.2,8.0,6.1,341.0,8.4,262.0,7.9,88.0,6.5,61.0,51.6,162.0,34.9,44.0,103.5,70.0,3.4,3.5,2.8,3.6,1.4,3.1,24.0,"[21, 26, 25]",21.8,2.160246899469287,6.241794613730893,"[1.4, 3.6, 2.8, 3.5, 3.4]",,,,
10.0,Sebastian Akins,6-2,175.0,So,34.0,38.2,100.6,22.0,20.0,43.5,50.0,3.0,8.0,22.7,19.9,0.5,2.7,3.6,3.9,39.4,49-61,0.803,54-105,0.514,9-50,0.18,https://kenpom.com/player.php?p=56533,4.0,15.0,32.0,27.0,30.0,21.0,Wake+Forest,ACC,68.2,136.0,117.2,67.0,52.6,118.0,15.5,107.0,30.1,193.0,35.1,174.0,106.0,109.0,51.9,208.0,17.8,109.0,33.2,303.0,35.7,203.0,34.2,166.0,53.8,91.0,77.9,20.0,8.4,93.0,8.9,110.0,6.6,111.0,6.3,246.0,53.5,151.0,44.0,90.0,20.6,136.0,45.4,280.0,34.0,118.0,20.2,151.0,44.4,330.0,35.3,49.0,ACC,33.0,121.0,53.9,275.0,73.7,257.0,11.1,81.0,11.0,69.0,6.8,239.0,5.7,246.0,57.0,300.0,46.4,347.0,106.0,109.0,Illinois St.,"W, 77-70",MVC,66.7,221.0,110.3,149.0,53.6,85.0,16.5,161.0,28.3,254.0,31.7,262.0,103.5,70.0,49.6,85.0,16.3,202.0,25.1,11.0,32.6,121.0,34.9,128.0,54.5,76.0,70.8,244.0,8.6,113.0,8.7,88.0,7.8,251.0,5.9,165.0,51.1,215.0,42.9,117.0,17.3,297.0,48.0,212.0,34.6,95.0,18.3,261.0,53.2,34.0,28.5,284.0,MVC,33.1,126.0,49.5,80.0,68.2,8.0,6.1,341.0,8.4,262.0,7.9,88.0,6.5,61.0,51.6,162.0,34.9,44.0,103.5,70.0,0.4,1.4,2.9,2.4,2.7,1.9,17.0,"[32, 15, 4]",21.6,11.51810169544733,10.594338110519221,"[2.7, 2.4, 2.9, 1.4, 0.4]",,,,
25.0,Tre'Von Spillers,6-7,215.0,Sr,34.0,71.7,120.5,17.5,18.8,57.5,60.1,6.4,16.9,11.9,13.0,6.7,2.0,4.1,2.8,26.4,55-72,0.764,139-240,0.579,12-33,0.364,https://kenpom.com/player.php?p=55356,36.0,32.0,28.0,24.0,32.0,32.0,Wake+Forest,ACC,68.2,136.0,117.2,67.0,52.6,118.0,15.5,107.0,30.1,193.0,35.1,174.0,106.0,109.0,51.9,208.0,17.8,109.0,33.2,303.0,35.7,203.0,34.2,166.0,53.8,91.0,77.9,20.0,8.4,93.0,8.9,110.0,6.6,111.0,6.3,246.0,53.5,151.0,44.0,90.0,20.6,136.0,45.4,280.0,34.0,118.0,20.2,151.0,44.4,330.0,35.3,49.0,ACC,33.0,121.0,53.9,275.0,73.7,257.0,11.1,81.0,11.0,69.0,6.8,239.0,5.7,246.0,57.0,300.0,46.4,347.0,106.0,109.0,Illinois St.,"W, 77-70",MVC,66.7,221.0,110.3,149.0,53.6,85.0,16.5,161.0,28.3,254.0,31.7,262.0,103.5,70.0,49.6,85.0,16.3,202.0,25.1,11.0,32.6,121.0,34.9,128.0,54.5,76.0,70.8,244.0,8.6,113.0,8.7,88.0,7.8,251.0,5.9,165.0,51.1,215.0,42.9,117.0,17.3,297.0,48.0,212.0,34.6,95.0,18.3,261.0,53.2,34.0,28.5,284.0,MVC,33.1,126.0,49.5,80.0,68.2,8.0,6.1,341.0,8.4,262.0,7.9,88.0,6.5,61.0,51.6,162.0,34.9,44.0,103.5,70.0,3.7,3.3,2.9,2.5,3.3,3.3,32.0,"[28, 32, 36]",30.4,3.265986323710904,4.079215610874227,"[3.3, 2.5, 2.9, 3.3, 3.7]",,,,
14.0,Boden Skunberg,6-5,210.0,Sr,31.0,65.5,111.6,17.8,19.8,57.5,59.0,3.7,15.1,8.5,15.8,0.3,1.2,3.3,2.6,20.1,34-48,0.708,52-104,0.5,57-135,0.422,https://kenpom.com/player.php?p=49757,23.0,22.0,28.0,36.0,24.0,27.0,Illinois+St.,MVC,66.7,221.0,110.3,149.0,53.6,85.0,16.5,161.0,28.3,254.0,31.7,262.0,103.5,70.0,49.6,85.0,16.3,202.0,25.1,11.0,32.6,121.0,34.9,128.0,54.5,76.0,70.8,244.0,8.6,113.0,8.7,88.0,7.8,251.0,5.9,165.0,51.1,215.0,42.9,117.0,17.3,297.0,48.0,212.0,34.6,95.0,18.3,261.0,53.2,34.0,28.5,284.0,MVC,33.1,126.0,49.5,80.0,68.2,8.0,6.1,341.0,8.4,262.0,7.9,88.0,6.5,61.0,51.6,162.0,34.9,44.0,103.5,70.0,Wake Forest,"L, 77-70",ACC,68.2,136.0,117.2,67.0,52.6,118.0,15.5,107.0,30.1,193.0,35.1,174.0,106.0,109.0,51.9,208.0,17.8,109.0,33.2,303.0,35.7,203.0,34.2,166.0,53.8,91.0,77.9,20.0,8.4,93.0,8.9,110.0,6.6,111.0,6.3,246.0,53.5,151.0,44.0,90.0,20.6,136.0,45.4,280.0,34.0,118.0,20.2,151.0,44.4,330.0,35.3,49.0,ACC,33.0,121.0,53.9,275.0,73.7,257.0,11.1,81.0,11.0,69.0,6.8,239.0,5.7,246.0,57.0,300.0,46.4,347.0,106.0,109.0,1.9,1.8,2.3,3.0,2.0,2.2,24.333333333333332,"[28, 22, 23]",26.6,2.6246692913372702,5.122499389946279,"[2, 3, 2.3, 1.8, 1.9]",,,,
12.0,Brandon Lieb,7-1,250.0,Sr,32.0,31.5,99.8,16.3,13.4,51.3,52.0,8.9,27.3,10.1,22.5,7.2,0.9,5.0,2.9,38.5,16-30,0.533,40-78,0.513,0-0,0.0,https://kenpom.com/player.php?p=49380,13.0,5.0,10.0,10.0,12.0,16.0,Illinois+St.,MVC,66.7,221.0,110.3,149.0,53.6,85.0,16.5,161.0,28.3,254.0,31.7,262.0,103.5,70.0,49.6,85.0,16.3,202.0,25.1,11.0,32.6,121.0,34.9,128.0,54.5,76.0,70.8,244.0,8.6,113.0,8.7,88.0,7.8,251.0,5.9,165.0,51.1,215.0,42.9,117.0,17.3,297.0,48.0,212.0,34.6,95.0,18.3,261.0,53.2,34.0,28.5,284.0,MVC,33.1,126.0,49.5,80.0,68.2,8.0,6.1,341.0,8.4,262.0,7.9,88.0,6.5,61.0,51.6,162.0,34.9,44.0,103.5,70.0,Wake Forest,"L, 77-70",ACC,68.2,136.0,117.2,67.0,52.6,118.0,15.5,107.0,30.1,193.0,35.1,174.0,106.0,109.0,51.9,208.0,17.8,109.0,33.2,303.0,35.7,203.0,34.2,166.0,53.8,91.0,77.9,20.0,8.4,93.0,8.9,110.0,6.6,111.0,6.3,246.0,53.5,151.0,44.0,90.0,20.6,136.0,45.4,280.0,34.0,118.0,20.2,151.0,44.4,330.0,35.3,49.0,ACC,33.0,121.0,53.9,275.0,73.7,257.0,11.1,81.0,11.0,69.0,6.8,239.0,5.7,246.0,57.0,300.0,46.4,347.0,106.0,109.0,1.6,0.6,1.2,1.2,1.5,2.0,9.333333333333334,"[10, 5, 13]",10.0,3.2998316455372216,2.756809750418044,"[1.5, 1.2, 1.2, 0.6, 1.6]",,,,
23.0,Cameron Barnes,6-10,205.0,So,12.0,5.2,77.8,9.5,6.2,33.3,33.3,8.9,17.2,7.1,37.3,3.2,0.0,2.4,1.0,0.0,0-0,0.0,2-5,0.4,0-1,0.0,https://kenpom.com/player.php?p=55111,0.0,0.0,0.0,0.0,0.0,0.0,Illinois+St.,MVC,66.7,221.0,110.3,149.0,53.6,85.0,16.5,161.0,28.3,254.0,31.7,262.0,103.5,70.0,49.6,85.0,16.3,202.0,25.1,11.0,32.6,121.0,34.9,128.0,54.5,76.0,70.8,244.0,8.6,113.0,8.7,88.0,7.8,251.0,5.9,165.0,51.1,215.0,42.9,117.0,17.3,297.0,48.0,212.0,34.6,95.0,18.3,261.0,53.2,34.0,28.5,284.0,MVC,33.1,126.0,49.5,80.0,68.2,8.0,6.1,341.0,8.4,262.0,7.9,88.0,6.5,61.0,51.6,162.0,34.9,44.0,103.5,70.0,Wake Forest,"L, 77-70",ACC,68.2,136.0,117.2,67.0,52.6,118.0,15.5,107.0,30.1,193.0,35.1,174.0,106.0,109.0,51.9,208.0,17.8,109.0,33.2,303.0,35.7,203.0,34.2,166.0,53.8,91.0,77.9,20.0,8.4,93.0,8.9,110.0,6.6,111.0,6.3,246.0,53.5,151.0,44.0,90.0,20.6,136.0,45.4,280.0,34.0,118.0,20.2,151.0,44.4,330.0,35.3,49.0,ACC,33.0,121.0,53.9,275.0,73.7,257.0,11.1,81.0,11.0,69.0,6.8,239.0,5.7,246.0,57.0,300.0,46.4,347.0,106.0,109.0,0.0,0.0,0.0,0.0,0.0,0.0,0.0,"[0, 0, 0]",0.0,0.0,0.0,"[0, 0, 0, 0, 0]",,,,
35.0,Chase Walker,6-9,280.0,Jr,29.0,51.1,111.7,32.4,28.0,55.5,59.5,11.3,16.1,21.5,18.1,2.5,2.5,5.8,7.0,55.7,104-147,0.707,133-236,0.564,9-28,0.321,https://kenpom.com/player.php?p=54445,23.0,24.0,11.0,21.0,0.0,0.0,Illinois+St.,MVC,66.7,221.0,110.3,149.0,53.6,85.0,16.5,161.0,28.3,254.0,31.7,262.0,103.5,70.0,49.6,85.0,16.3,202.0,25.1,11.0,32.6,121.0,34.9,128.0,54.5,76.0,70.8,244.0,8.6,113.0,8.7,88.0,7.8,251.0,5.9,165.0,51.1,215.0,42.9,117.0,17.3,297.0,48.0,212.0,34.6,95.0,18.3,261.0,53.2,34.0,28.5,284.0,MVC,33.1,126.0,49.5,80.0,68.2,8.0,6.1,341.0,8.4,262.0,7.9,88.0,6.5,61.0,51.6,162.0,34.9,44.0,103.5,70.0,Wake Forest,"L, 77-70",ACC,68.2,136.0,117.2,67.0,52.6,118.0,15.5,107.0,30.1,193.0,35.1,174.0,106.0,109.0,51.9,208.0,17.8,109.0,33.2,303.0,35.7,203.0,34.2,166.0,53.8,91.0,77.9,20.0,8.4,93.0,8.9,110.0,6.6,111.0,6.3,246.0,53.5,151.0,44.0,90.0,20.6,136.0,45.4,280.0,34.0,118.0,20.2,151.0,44.4,330.0,35.3,49.0,ACC,33.0,121.0,53.9,275.0,73.7,257.0,11.1,81.0,11.0,69.0,6.8,239.0,5.7,246.0,57.0,300.0,46.4,347.0,106.0,109.0,3.3,3.5,1.6,3.0,0.0,0.0,19.333333333333332,"[11, 24, 23]",15.8,5.90668171555645,9.15204895091804,"[0, 3, 1.6, 3.5, 3.3]",,,,
0.0,Jack Daugherty,6-8,210.0,So,28.0,22.3,79.5,17.0,23.1,31.6,34.6,2.5,11.7,2.4,6.1,0.4,1.0,2.9,2.3,13.7,10-13,0.769,0-8,0.0,20-87,0.23,https://kenpom.com/player.php?p=56671,3.0,4.0,14.0,18.0,14.0,13.0,Illinois+St.,MVC,66.7,221.0,110.3,149.0,53.6,85.0,16.5,161.0,28.3,254.0,31.7,262.0,103.5,70.0,49.6,85.0,16.3,202.0,25.1,11.0,32.6,121.0,34.9,128.0,54.5,76.0,70.8,244.0,8.6,113.0,8.7,88.0,7.8,251.0,5.9,165.0,51.1,215.0,42.9,117.0,17.3,297.0,48.0,212.0,34.6,95.0,18.3,261.0,53.2,34.0,28.5,284.0,MVC,33.1,126.0,49.5,80.0,68.2,8.0,6.1,341.0,8.4,262.0,7.9,88.0,6.5,61.0,51.6,162.0,34.9,44.0,103.5,70.0,Wake Forest,"L, 77-70",ACC,68.2,136.0,117.2,67.0,52.6,118.0,15.5,107.0,30.1,193.0,35.1,174.0,106.0,109.0,51.9,208.0,17.8,109.0,33.2,303.0,35.7,203.0,34.2,166.0,53.8,91.0,77.9,20.0,8.4,93.0,8.9,110.0,6.6,111.0,6.3,246.0,53.5,151.0,44.0,90.0,20.6,136.0,45.4,280.0,34.0,118.0,20.2,151.0,44.4,330.0,35.3,49.0,ACC,33.0,121.0,53.9,275.0,73.7,257.0,11.1,81.0,11.0,69.0,6.8,239.0,5.7,246.0,57.0,300.0,46.4,347.0,106.0,109.0,0.2,0.3,1.0,1.3,1.0,0.9,7.0,"[14, 4, 3]",10.6,4.96655480858378,5.986651818838306,"[1, 1.3, 1, 0.3, 0.2]",,,,
11.0,Johnny Kinziger,5-11,170.0,Jr,32.0,80.7,100.9,21.2,21.8,46.8,50.3,1.4,7.8,19.0,17.4,0.2,2.3,2.1,3.2,24.3,61-79,0.772,77-160,0.481,50-165,0.303,https://kenpom.com/player.php?p=54443,33.0,38.0,34.0,37.0,35.0,28.0,Illinois+St.,MVC,66.7,221.0,110.3,149.0,53.6,85.0,16.5,161.0,28.3,254.0,31.7,262.0,103.5,70.0,49.6,85.0,16.3,202.0,25.1,11.0,32.6,121.0,34.9,128.0,54.5,76.0,70.8,244.0,8.6,113.0,8.7,88.0,7.8,251.0,5.9,165.0,51.1,215.0,42.9,117.0,17.3,297.0,48.0,212.0,34.6,95.0,18.3,261.0,53.2,34.0,28.5,284.0,MVC,33.1,126.0,49.5,80.0,68.2,8.0,6.1,341.0,8.4,262.0,7.9,88.0,6.5,61.0,51.6,162.0,34.9,44.0,103.5,70.0,Wake Forest,"L, 77-70",ACC,68.2,136.0,117.2,67.0,52.6,118.0,15.5,107.0,30.1,193.0,35.1,174.0,106.0,109.0,51.9,208.0,17.8,109.0,33.2,303.0,35.7,203.0,34.2,166.0,53.8,91.0,77.9,20.0,8.4,93.0,8.9,110.0,6.6,111.0,6.3,246.0,53.5,151.0,44.0,90.0,20.6,136.0,45.4,280.0,34.0,118.0,20.2,151.0,44.4,330.0,35.3,49.0,ACC,33.0,121.0,53.9,275.0,73.7,257.0,11.1,81.0,11.0,69.0,6.8,239.0,5.7,246.0,57.0,300.0,46.4,347.0,106.0,109.0,1.7,2.0,1.8,1.9,1.8,1.5,35.0,"[34, 38, 33]",35.4,2.160246899469287,1.854723699099141,"[1.8, 1.9, 1.8, 2, 1.7]",,,,
1.0,Landon Moore,6-3,205.0,Sr,32.0,35.7,106.2,14.7,15.3,52.0,52.7,1.8,9.6,11.5,14.0,0.0,1.3,3.3,2.7,30.7,17-31,0.548,24-45,0.533,19-56,0.339,https://kenpom.com/player.php?p=53395,15.0,14.0,11.0,8.0,22.0,17.0,Illinois+St.,MVC,66.7,221.0,110.3,149.0,53.6,85.0,16.5,161.0,28.3,254.0,31.7,262.0,103.5,70.0,49.6,85.0,16.3,202.0,25.1,11.0,32.6,121.0,34.9,128.0,54.5,76.0,70.8,244.0,8.6,113.0,8.7,88.0,7.8,251.0,5.9,165.0,51.1,215.0,42.9,117.0,17.3,297.0,48.0,212.0,34.6,95.0,18.3,261.0,53.2,34.0,28.5,284.0,MVC,33.1,126.0,49.5,80.0,68.2,8.0,6.1,341.0,8.4,262.0,7.9,88.0,6.5,61.0,51.6,162.0,34.9,44.0,103.5,70.0,Wake Forest,"L, 77-70",ACC,68.2,136.0,117.2,67.0,52.6,118.0,15.5,107.0,30.1,193.0,35.1,174.0,106.0,109.0,51.9,208.0,17.8,109.0,33.2,303.0,35.7,203.0,34.2,166.0,53.8,91.0,77.9,20.0,8.4,93.0,8.9,110.0,6.6,111.0,6.3,246.0,53.5,151.0,44.0,90.0,20.6,136.0,45.4,280.0,34.0,118.0,20.2,151.0,44.4,330.0,35.3,49.0,ACC,33.0,121.0,53.9,275.0,73.7,257.0,11.1,81.0,11.0,69.0,6.8,239.0,5.7,246.0,57.0,300.0,46.4,347.0,106.0,109.0,1.2,1.2,0.9,0.7,1.8,1.4,13.333333333333334,"[11, 14, 15]",14.0,1.699673171197595,4.69041575982343,"[1.8, 0.7, 0.9, 1.2, 1.2]",,,,
4.0,Landon Wolf,6-5,210.0,Sr,32.0,56.3,125.0,15.6,16.6,62.8,65.2,8.6,16.3,5.7,14.7,0.8,2.0,3.5,2.4,21.5,31-37,0.838,51-77,0.662,38-95,0.4,https://kenpom.com/player.php?p=51735,26.0,33.0,30.0,31.0,30.0,25.0,Illinois+St.,MVC,66.7,221.0,110.3,149.0,53.6,85.0,16.5,161.0,28.3,254.0,31.7,262.0,103.5,70.0,49.6,85.0,16.3,202.0,25.1,11.0,32.6,121.0,34.9,128.0,54.5,76.0,70.8,244.0,8.6,113.0,8.7,88.0,7.8,251.0,5.9,165.0,51.1,215.0,42.9,117.0,17.3,297.0,48.0,212.0,34.6,95.0,18.3,261.0,53.2,34.0,28.5,284.0,MVC,33.1,126.0,49.5,80.0,68.2,8.0,6.1,341.0,8.4,262.0,7.9,88.0,6.5,61.0,51.6,162.0,34.9,44.0,103.5,70.0,Wake Forest,"L, 77-70",ACC,68.2,136.0,117.2,67.0,52.6,118.0,15.5,107.0,30.1,193.0,35.1,174.0,106.0,109.0,51.9,208.0,17.8,109.0,33.2,303.0,35.7,203.0,34.2,166.0,53.8,91.0,77.9,20.0,8.4,93.0,8.9,110.0,6.6,111.0,6.3,246.0,53.5,151.0,44.0,90.0,20.6,136.0,45.4,280.0,34.0,118.0,20.2,151.0,44.4,330.0,35.3,49.0,ACC,33.0,121.0,53.9,275.0,73.7,257.0,11.1,81.0,11.0,69.0,6.8,239.0,5.7,246.0,57.0,300.0,46.4,347.0,106.0,109.0,2.3,2.9,2.6,2.7,2.6,2.2,29.666666666666668,"[30, 33, 26]",30.0,2.8674417556808756,2.280350850198276,"[2.6, 2.7, 2.6, 2.9, 2.3]",,,,
3.0,Mason Klabo,6-2,180.0,Fr,30.0,37.1,121.1,16.7,19.0,56.5,58.9,2.5,14.8,13.6,10.4,0.7,1.0,3.6,2.7,23.1,23-30,0.767,30-54,0.556,29-76,0.382,https://kenpom.com/player.php?p=58486,24.0,21.0,15.0,13.0,25.0,21.0,Illinois+St.,MVC,66.7,221.0,110.3,149.0,53.6,85.0,16.5,161.0,28.3,254.0,31.7,262.0,103.5,70.0,49.6,85.0,16.3,202.0,25.1,11.0,32.6,121.0,34.9,128.0,54.5,76.0,70.8,244.0,8.6,113.0,8.7,88.0,7.8,251.0,5.9,165.0,51.1,215.0,42.9,117.0,17.3,297.0,48.0,212.0,34.6,95.0,18.3,261.0,53.2,34.0,28.5,284.0,MVC,33.1,126.0,49.5,80.0,68.2,8.0,6.1,341.0,8.4,262.0,7.9,88.0,6.5,61.0,51.6,162.0,34.9,44.0,103.5,70.0,Wake Forest,"L, 77-70",ACC,68.2,136.0,117.2,67.0,52.6,118.0,15.5,107.0,30.1,193.0,35.1,174.0,106.0,109.0,51.9,208.0,17.8,109.0,33.2,303.0,35.7,203.0,34.2,166.0,53.8,91.0,77.9,20.0,8.4,93.0,8.9,110.0,6.6,111.0,6.3,246.0,53.5,151.0,44.0,90.0,20.6,136.0,45.4,280.0,34.0,118.0,20.2,151.0,44.4,330.0,35.3,49.0,ACC,33.0,121.0,53.9,275.0,73.7,257.0,11.1,81.0,11.0,69.0,6.8,239.0,5.7,246.0,57.0,300.0,46.4,347.0,106.0,109.0,2.2,1.9,1.4,1.2,2.2,1.9,20.0,"[15, 21, 24]",19.6,3.7416573867739413,4.8,"[2.2, 1.2, 1.4, 1.9, 2.2]",,,,
22.0,Ty Pence,6-6,205.0,Jr,32.0,57.7,119.6,19.0,19.9,56.8,58.6,6.0,16.7,13.9,11.3,1.5,1.2,2.9,3.4,31.6,45-67,0.672,89-146,0.61,21-66,0.318,https://kenpom.com/player.php?p=54442,16.0,29.0,27.0,13.0,25.0,24.0,Illinois+St.,MVC,66.7,221.0,110.3,149.0,53.6,85.0,16.5,161.0,28.3,254.0,31.7,262.0,103.5,70.0,49.6,85.0,16.3,202.0,25.1,11.0,32.6,121.0,34.9,128.0,54.5,76.0,70.8,244.0,8.6,113.0,8.7,88.0,7.8,251.0,5.9,165.0,51.1,215.0,42.9,117.0,17.3,297.0,48.0,212.0,34.6,95.0,18.3,261.0,53.2,34.0,28.5,284.0,MVC,33.1,126.0,49.5,80.0,68.2,8.0,6.1,341.0,8.4,262.0,7.9,88.0,6.5,61.0,51.6,162.0,34.9,44.0,103.5,70.0,Wake Forest,"L, 77-70",ACC,68.2,136.0,117.2,67.0,52.6,118.0,15.5,107.0,30.1,193.0,35.1,174.0,106.0,109.0,51.9,208.0,17.8,109.0,33.2,303.0,35.7,203.0,34.2,166.0,53.8,91.0,77.9,20.0,8.4,93.0,8.9,110.0,6.6,111.0,6.3,246.0,53.5,151.0,44.0,90.0,20.6,136.0,45.4,280.0,34.0,118.0,20.2,151.0,44.4,330.0,35.3,49.0,ACC,33.0,121.0,53.9,275.0,73.7,257.0,11.1,81.0,11.0,69.0,6.8,239.0,5.7,246.0,57.0,300.0,46.4,347.0,106.0,109.0,1.2,2.1,2.0,0.9,1.8,1.7,24.0,"[27, 29, 16]",22.0,5.715476066494082,6.324555320336759,"[1.8, 0.9, 2, 2.1, 1.2]",,,,
10.0,Ty'Reek Coleman,6-2,175.0,Fr,31.0,55.5,110.9,22.7,21.2,56.9,60.2,2.5,11.5,15.6,17.9,0.8,2.4,2.8,4.8,47.5,73-103,0.709,74-136,0.544,33-81,0.407,https://kenpom.com/player.php?p=58487,23.0,10.0,20.0,14.0,13.0,27.0,Illinois+St.,MVC,66.7,221.0,110.3,149.0,53.6,85.0,16.5,161.0,28.3,254.0,31.7,262.0,103.5,70.0,49.6,85.0,16.3,202.0,25.1,11.0,32.6,121.0,34.9,128.0,54.5,76.0,70.8,244.0,8.6,113.0,8.7,88.0,7.8,251.0,5.9,165.0,51.1,215.0,42.9,117.0,17.3,297.0,48.0,212.0,34.6,95.0,18.3,261.0,53.2,34.0,28.5,284.0,MVC,33.1,126.0,49.5,80.0,68.2,8.0,6.1,341.0,8.4,262.0,7.9,88.0,6.5,61.0,51.6,162.0,34.9,44.0,103.5,70.0,Wake Forest,"L, 77-70",ACC,68.2,136.0,117.2,67.0,52.6,118.0,15.5,107.0,30.1,193.0,35.1,174.0,106.0,109.0,51.9,208.0,17.8,109.0,33.2,303.0,35.7,203.0,34.2,166.0,53.8,91.0,77.9,20.0,8.4,93.0,8.9,110.0,6.6,111.0,6.3,246.0,53.5,151.0,44.0,90.0,20.6,136.0,45.4,280.0,34.0,118.0,20.2,151.0,44.4,330.0,35.3,49.0,ACC,33.0,121.0,53.9,275.0,73.7,257.0,11.1,81.0,11.0,69.0,6.8,239.0,5.7,246.0,57.0,300.0,46.4,347.0,106.0,109.0,1.6,0.7,1.4,1.0,0.9,1.9,17.666666666666668,"[20, 10, 23]",16.0,5.557777333511022,4.774934554525329,"[0.9, 1, 1.4, 0.7, 1.6]",,,,
22.0,Chris Bell,6-7,195.0,Sr,32.0,69.3,115.9,21.0,23.9,57.2,62.0,1.9,8.4,4.8,12.0,2.2,1.1,2.1,4.1,37.1,97-114,0.851,69-132,0.523,71-175,0.406,https://kenpom.com/player.php?p=53255,30.0,30.0,20.0,26.0,21.0,34.0,California,ACC,68.2,133.0,114.6,89.0,52.7,113.0,15.2,83.0,25.9,325.0,36.8,135.0,102.8,64.0,49.8,89.0,16.2,215.0,30.2,173.0,37.0,235.0,36.9,30.0,50.8,221.0,77.8,22.0,11.3,323.0,7.6,18.0,7.7,243.0,6.6,292.0,54.2,133.0,42.9,115.0,21.4,94.0,43.2,325.0,35.4,79.0,19.7,193.0,49.8,147.0,30.6,212.0,ACC,30.8,31.0,52.2,208.0,65.9,1.0,8.7,214.0,8.4,267.0,7.8,97.0,5.2,338.0,56.0,280.0,40.9,236.0,102.8,64.0,Saint Joseph's,"W, 75-68",A10,68.2,134.0,107.4,206.0,49.2,284.0,17.0,201.0,31.6,140.0,30.5,298.0,101.9,53.0,47.4,28.0,15.2,272.0,30.9,195.0,26.5,16.0,30.8,325.0,51.7,182.0,74.3,113.0,11.2,317.0,9.7,219.0,7.3,187.0,5.3,74.0,60.0,31.0,45.1,65.0,18.7,246.0,46.8,239.0,34.4,103.0,16.2,340.0,50.2,126.0,33.6,97.0,A10,31.5,47.0,47.5,38.0,69.0,22.0,12.6,35.0,8.1,295.0,7.1,187.0,6.7,39.0,51.7,164.0,40.2,210.0,101.9,53.0,1.6,1.6,1.0,1.4,1.1,1.8,26.666666666666668,"[20, 30, 30]",25.4,4.714045207910316,4.2708313008125245,"[1.1, 1.4, 1, 1.6, 1.6]",,,,
7.0,Dai Dai Ames,6-2,190.0,Jr,32.0,78.9,109.8,25.1,28.7,53.2,57.6,0.8,6.0,14.4,13.1,0.6,1.1,3.3,3.9,26.6,98-112,0.875,143-281,0.509,54-140,0.386,https://kenpom.com/player.php?p=54526,26.0,37.0,33.0,32.0,29.0,28.0,California,ACC,68.2,133.0,114.6,89.0,52.7,113.0,15.2,83.0,25.9,325.0,36.8,135.0,102.8,64.0,49.8,89.0,16.2,215.0,30.2,173.0,37.0,235.0,36.9,30.0,50.8,221.0,77.8,22.0,11.3,323.0,7.6,18.0,7.7,243.0,6.6,292.0,54.2,133.0,42.9,115.0,21.4,94.0,43.2,325.0,35.4,79.0,19.7,193.0,49.8,147.0,30.6,212.0,ACC,30.8,31.0,52.2,208.0,65.9,1.0,8.7,214.0,8.4,267.0,7.8,97.0,5.2,338.0,56.0,280.0,40.9,236.0,102.8,64.0,Saint Joseph's,"W, 75-68",A10,68.2,134.0,107.4,206.0,49.2,284.0,17.0,201.0,31.6,140.0,30.5,298.0,101.9,53.0,47.4,28.0,15.2,272.0,30.9,195.0,26.5,16.0,30.8,325.0,51.7,182.0,74.3,113.0,11.2,317.0,9.7,219.0,7.3,187.0,5.3,74.0,60.0,31.0,45.1,65.0,18.7,246.0,46.8,239.0,34.4,103.0,16.2,340.0,50.2,126.0,33.6,97.0,A10,31.5,47.0,47.5,38.0,69.0,22.0,12.6,35.0,8.1,295.0,7.1,187.0,6.7,39.0,51.7,164.0,40.2,210.0,101.9,53.0,2.1,3.1,2.7,2.6,2.4,2.3,32.0,"[33, 37, 26]",31.4,4.546060565661952,3.7202150475476548,"[2.4, 2.6, 2.7, 3.1, 2.1]",,,,
1.0,DeJuan Campbell,6-3,205.0,Sr,21.0,24.9,90.8,14.4,15.6,43.8,44.0,2.6,10.6,9.9,15.0,1.1,1.6,2.5,2.2,22.2,7-16,0.438,15-44,0.341,11-28,0.393,https://kenpom.com/player.php?p=53208,17.0,15.0,16.0,18.0,24.0,0.0,California,ACC,68.2,133.0,114.6,89.0,52.7,113.0,15.2,83.0,25.9,325.0,36.8,135.0,102.8,64.0,49.8,89.0,16.2,215.0,30.2,173.0,37.0,235.0,36.9,30.0,50.8,221.0,77.8,22.0,11.3,323.0,7.6,18.0,7.7,243.0,6.6,292.0,54.2,133.0,42.9,115.0,21.4,94.0,43.2,325.0,35.4,79.0,19.7,193.0,49.8,147.0,30.6,212.0,ACC,30.8,31.0,52.2,208.0,65.9,1.0,8.7,214.0,8.4,267.0,7.8,97.0,5.2,338.0,56.0,280.0,40.9,236.0,102.8,64.0,Saint Joseph's,"W, 75-68",A10,68.2,134.0,107.4,206.0,49.2,284.0,17.0,201.0,31.6,140.0,30.5,298.0,101.9,53.0,47.4,28.0,15.2,272.0,30.9,195.0,26.5,16.0,30.8,325.0,51.7,182.0,74.3,113.0,11.2,317.0,9.7,219.0,7.3,187.0,5.3,74.0,60.0,31.0,45.1,65.0,18.7,246.0,46.8,239.0,34.4,103.0,16.2,340.0,50.2,126.0,33.6,97.0,A10,31.5,47.0,47.5,38.0,69.0,22.0,12.6,35.0,8.1,295.0,7.1,187.0,6.7,39.0,51.7,164.0,40.2,210.0,101.9,53.0,1.1,0.9,1.0,1.1,1.5,0.0,16.0,"[16, 15, 17]",18.0,0.816496580927726,3.1622776601683795,"[1.5, 1.1, 1, 0.9, 1.1]",,,,
2.0,John Camden,6-8,220.0,Sr,32.0,78.1,121.2,18.7,21.7,57.8,61.1,3.2,13.3,10.0,9.5,0.6,1.3,3.2,3.2,29.3,74-92,0.804,57-102,0.559,83-212,0.392,https://kenpom.com/player.php?p=51063,29.0,31.0,34.0,32.0,34.0,33.0,California,ACC,68.2,133.0,114.6,89.0,52.7,113.0,15.2,83.0,25.9,325.0,36.8,135.0,102.8,64.0,49.8,89.0,16.2,215.0,30.2,173.0,37.0,235.0,36.9,30.0,50.8,221.0,77.8,22.0,11.3,323.0,7.6,18.0,7.7,243.0,6.6,292.0,54.2,133.0,42.9,115.0,21.4,94.0,43.2,325.0,35.4,79.0,19.7,193.0,49.8,147.0,30.6,212.0,ACC,30.8,31.0,52.2,208.0,65.9,1.0,8.7,214.0,8.4,267.0,7.8,97.0,5.2,338.0,56.0,280.0,40.9,236.0,102.8,64.0,Saint Joseph's,"W, 75-68",A10,68.2,134.0,107.4,206.0,49.2,284.0,17.0,201.0,31.6,140.0,30.5,298.0,101.9,53.0,47.4,28.0,15.2,272.0,30.9,195.0,26.5,16.0,30.8,325.0,51.7,182.0,74.3,113.0,11.2,317.0,9.7,219.0,7.3,187.0,5.3,74.0,60.0,31.0,45.1,65.0,18.7,246.0,46.8,239.0,34.4,103.0,16.2,340.0,50.2,126.0,33.6,97.0,A10,31.5,47.0,47.5,38.0,69.0,22.0,12.6,35.0,8.1,295.0,7.1,187.0,6.7,39.0,51.7,164.0,40.2,210.0,101.9,53.0,2.3,2.5,2.7,2.6,2.7,2.6,31.333333333333332,"[34, 31, 29]",32.0,2.0548046676563256,1.8973665961010275,"[2.7, 2.6, 2.7, 2.5, 2.3]",,,,
10.0,Justin Pippen,6-3,190.0,So,30.0,71.5,104.8,27.2,25.0,45.2,52.4,2.4,11.9,29.3,17.4,2.2,3.4,3.1,5.1,44.9,122-149,0.819,75-180,0.417,50-152,0.329,https://kenpom.com/player.php?p=56801,28.0,28.0,30.0,31.0,34.0,34.0,California,ACC,68.2,133.0,114.6,89.0,52.7,113.0,15.2,83.0,25.9,325.0,36.8,135.0,102.8,64.0,49.8,89.0,16.2,215.0,30.2,173.0,37.0,235.0,36.9,30.0,50.8,221.0,77.8,22.0,11.3,323.0,7.6,18.0,7.7,243.0,6.6,292.0,54.2,133.0,42.9,115.0,21.4,94.0,43.2,325.0,35.4,79.0,19.7,193.0,49.8,147.0,30.6,212.0,ACC,30.8,31.0,52.2,208.0,65.9,1.0,8.7,214.0,8.4,267.0,7.8,97.0,5.2,338.0,56.0,280.0,40.9,236.0,102.8,64.0,Saint Joseph's,"W, 75-68",A10,68.2,134.0,107.4,206.0,49.2,284.0,17.0,201.0,31.6,140.0,30.5,298.0,101.9,53.0,47.4,28.0,15.2,272.0,30.9,195.0,26.5,16.0,30.8,325.0,51.7,182.0,74.3,113.0,11.2,317.0,9.7,219.0,7.3,187.0,5.3,74.0,60.0,31.0,45.1,65.0,18.7,246.0,46.8,239.0,34.4,103.0,16.2,340.0,50.2,126.0,33.6,97.0,A10,31.5,47.0,47.5,38.0,69.0,22.0,12.6,35.0,8.1,295.0,7.1,187.0,6.7,39.0,51.7,164.0,40.2,210.0,101.9,53.0,2.2,2.2,2.3,2.4,2.6,2.6,28.666666666666668,"[30, 28, 28]",30.2,0.9428090415820634,2.2271057451320084,"[2.6, 2.4, 2.3, 2.2, 2.2]",,,,
34.0,Lee Dort,6-10,235.0,Sr,25.0,45.0,120.5,17.2,14.8,60.5,62.3,10.6,27.3,7.7,14.4,4.6,1.1,5.4,4.1,62.1,50-77,0.649,75-124,0.605,0-0,0.0,https://kenpom.com/player.php?p=53115,14.0,28.0,20.0,28.0,19.0,22.0,California,ACC,68.2,133.0,114.6,89.0,52.7,113.0,15.2,83.0,25.9,325.0,36.8,135.0,102.8,64.0,49.8,89.0,16.2,215.0,30.2,173.0,37.0,235.0,36.9,30.0,50.8,221.0,77.8,22.0,11.3,323.0,7.6,18.0,7.7,243.0,6.6,292.0,54.2,133.0,42.9,115.0,21.4,94.0,43.2,325.0,35.4,79.0,19.7,193.0,49.8,147.0,30.6,212.0,ACC,30.8,31.0,52.2,208.0,65.9,1.0,8.7,214.0,8.4,267.0,7.8,97.0,5.2,338.0,56.0,280.0,40.9,236.0,102.8,64.0,Saint Joseph's,"W, 75-68",A10,68.2,134.0,107.4,206.0,49.2,284.0,17.0,201.0,31.6,140.0,30.5,298.0,101.9,53.0,47.4,28.0,15.2,272.0,30.9,195.0,26.5,16.0,30.8,325.0,51.7,182.0,74.3,113.0,11.2,317.0,9.7,219.0,7.3,187.0,5.3,74.0,60.0,31.0,45.1,65.0,18.7,246.0,46.8,239.0,34.4,103.0,16.2,340.0,50.2,126.0,33.6,97.0,A10,31.5,47.0,47.5,38.0,69.0,22.0,12.6,35.0,8.1,295.0,7.1,187.0,6.7,39.0,51.7,164.0,40.2,210.0,101.9,53.0,1.9,3.8,2.7,3.8,2.6,3.0,20.666666666666668,"[20, 28, 14]",21.8,5.734883511361751,5.455272678794342,"[2.6, 3.8, 2.7, 3.8, 1.9]",,,,
17.0,Mantas Kocanas,6-11,240.0,So,20.0,11.4,87.9,15.1,12.8,57.4,55.1,6.4,16.5,2.5,28.5,0.8,1.6,7.6,2.6,37.0,4-10,0.4,11-20,0.55,3-7,0.429,https://kenpom.com/player.php?p=56594,0.0,0.0,6.0,0.0,0.0,3.0,California,ACC,68.2,133.0,114.6,89.0,52.7,113.0,15.2,83.0,25.9,325.0,36.8,135.0,102.8,64.0,49.8,89.0,16.2,215.0,30.2,173.0,37.0,235.0,36.9,30.0,50.8,221.0,77.8,22.0,11.3,323.0,7.6,18.0,7.7,243.0,6.6,292.0,54.2,133.0,42.9,115.0,21.4,94.0,43.2,325.0,35.4,79.0,19.7,193.0,49.8,147.0,30.6,212.0,ACC,30.8,31.0,52.2,208.0,65.9,1.0,8.7,214.0,8.4,267.0,7.8,97.0,5.2,338.0,56.0,280.0,40.9,236.0,102.8,64.0,Saint Joseph's,"W, 75-68",A10,68.2,134.0,107.4,206.0,49.2,284.0,17.0,201.0,31.6,140.0,30.5,298.0,101.9,53.0,47.4,28.0,15.2,272.0,30.9,195.0,26.5,16.0,30.8,325.0,51.7,182.0,74.3,113.0,11.2,317.0,9.7,219.0,7.3,187.0,5.3,74.0,60.0,31.0,45.1,65.0,18.7,246.0,46.8,239.0,34.4,103.0,16.2,340.0,50.2,126.0,33.6,97.0,A10,31.5,47.0,47.5,38.0,69.0,22.0,12.6,35.0,8.1,295.0,7.1,187.0,6.7,39.0,51.7,164.0,40.2,210.0,101.9,53.0,0.0,0.0,1.1,0.0,0.0,0.6,2.0,"[6, 0, 0]",1.2,2.8284271247461903,2.4,"[0, 0, 1.1, 0, 0]",,,,
8.0,Milos Ilic,6-10,240.0,Sr,32.0,43.3,114.8,14.2,10.1,56.8,60.4,9.7,19.1,14.3,23.3,1.4,2.0,6.1,2.7,51.9,30-42,0.714,43-74,0.581,2-7,0.286,https://kenpom.com/player.php?p=51041,25.0,8.0,14.0,12.0,21.0,15.0,California,ACC,68.2,133.0,114.6,89.0,52.7,113.0,15.2,83.0,25.9,325.0,36.8,135.0,102.8,64.0,49.8,89.0,16.2,215.0,30.2,173.0,37.0,235.0,36.9,30.0,50.8,221.0,77.8,22.0,11.3,323.0,7.6,18.0,7.7,243.0,6.6,292.0,54.2,133.0,42.9,115.0,21.4,94.0,43.2,325.0,35.4,79.0,19.7,193.0,49.8,147.0,30.6,212.0,ACC,30.8,31.0,52.2,208.0,65.9,1.0,8.7,214.0,8.4,267.0,7.8,97.0,5.2,338.0,56.0,280.0,40.9,236.0,102.8,64.0,Saint Joseph's,"W, 75-68",A10,68.2,134.0,107.4,206.0,49.2,284.0,17.0,201.0,31.6,140.0,30.5,298.0,101.9,53.0,47.4,28.0,15.2,272.0,30.9,195.0,26.5,16.0,30.8,325.0,51.7,182.0,74.3,113.0,11.2,317.0,9.7,219.0,7.3,187.0,5.3,74.0,60.0,31.0,45.1,65.0,18.7,246.0,46.8,239.0,34.4,103.0,16.2,340.0,50.2,126.0,33.6,97.0,A10,31.5,47.0,47.5,38.0,69.0,22.0,12.6,35.0,8.1,295.0,7.1,187.0,6.7,39.0,51.7,164.0,40.2,210.0,101.9,53.0,3.8,1.2,2.1,1.8,3.2,2.3,15.666666666666666,"[14, 8, 25]",16.0,7.039570693980959,6.164414002968976,"[3.2, 1.8, 2.1, 1.2, 3.8]",,,,
21.0,Nolan Dorsey,6-5,210.0,Sr,29.0,22.9,104.1,10.2,10.8,52.2,53.7,3.2,12.6,5.8,17.2,0.0,1.9,4.2,1.6,19.6,6-9,0.667,9-14,0.643,10-32,0.312,https://kenpom.com/player.php?p=49973,5.0,6.0,12.0,6.0,3.0,6.0,California,ACC,68.2,133.0,114.6,89.0,52.7,113.0,15.2,83.0,25.9,325.0,36.8,135.0,102.8,64.0,49.8,89.0,16.2,215.0,30.2,173.0,37.0,235.0,36.9,30.0,50.8,221.0,77.8,22.0,11.3,323.0,7.6,18.0,7.7,243.0,6.6,292.0,54.2,133.0,42.9,115.0,21.4,94.0,43.2,325.0,35.4,79.0,19.7,193.0,49.8,147.0,30.6,212.0,ACC,30.8,31.0,52.2,208.0,65.9,1.0,8.7,214.0,8.4,267.0,7.8,97.0,5.2,338.0,56.0,280.0,40.9,236.0,102.8,64.0,Saint Joseph's,"W, 75-68",A10,68.2,134.0,107.4,206.0,49.2,284.0,17.0,201.0,31.6,140.0,30.5,298.0,101.9,53.0,47.4,28.0,15.2,272.0,30.9,195.0,26.5,16.0,30.8,325.0,51.7,182.0,74.3,113.0,11.2,317.0,9.7,219.0,7.3,187.0,5.3,74.0,60.0,31.0,45.1,65.0,18.7,246.0,46.8,239.0,34.4,103.0,16.2,340.0,50.2,126.0,33.6,97.0,A10,31.5,47.0,47.5,38.0,69.0,22.0,12.6,35.0,8.1,295.0,7.1,187.0,6.7,39.0,51.7,164.0,40.2,210.0,101.9,53.0,0.5,0.6,1.3,0.6,0.3,0.6,7.666666666666667,"[12, 6, 5]",6.4,3.0912061651652345,3.006659275674582,"[0.3, 0.6, 1.3, 0.6, 0.5]",,,,
31.0,Rytis Petraitis,6-7,215.0,Sr,7.0,9.2,123.3,14.8,14.1,62.5,63.3,6.0,20.5,11.3,13.2,5.9,1.9,3.4,3.2,45.8,7-11,0.636,12-19,0.632,2-5,0.4,https://kenpom.com/player.php?p=54055,0.0,0.0,0.0,0.0,0.0,0.0,California,ACC,68.2,133.0,114.6,89.0,52.7,113.0,15.2,83.0,25.9,325.0,36.8,135.0,102.8,64.0,49.8,89.0,16.2,215.0,30.2,173.0,37.0,235.0,36.9,30.0,50.8,221.0,77.8,22.0,11.3,323.0,7.6,18.0,7.7,243.0,6.6,292.0,54.2,133.0,42.9,115.0,21.4,94.0,43.2,325.0,35.4,79.0,19.7,193.0,49.8,147.0,30.6,212.0,ACC,30.8,31.0,52.2,208.0,65.9,1.0,8.7,214.0,8.4,267.0,7.8,97.0,5.2,338.0,56.0,280.0,40.9,236.0,102.8,64.0,Saint Joseph's,"W, 75-68",A10,68.2,134.0,107.4,206.0,49.2,284.0,17.0,201.0,31.6,140.0,30.5,298.0,101.9,53.0,47.4,28.0,15.2,272.0,30.9,195.0,26.5,16.0,30.8,325.0,51.7,182.0,74.3,113.0,11.2,317.0,9.7,219.0,7.3,187.0,5.3,74.0,60.0,31.0,45.1,65.0,18.7,246.0,46.8,239.0,34.4,103.0,16.2,340.0,50.2,126.0,33.6,97.0,A10,31.5,47.0,47.5,38.0,69.0,22.0,12.6,35.0,8.1,295.0,7.1,187.0,6.7,39.0,51.7,164.0,40.2,210.0,101.9,53.0,0.0,0.0,0.0,0.0,0.0,0.0,0.0,"[0, 0, 0]",0.0,0.0,0.0,"[0, 0, 0, 0, 0]",,,,
3.0,Semetri Carr,6-1,170.0,Fr,30.0,38.2,109.9,15.3,12.8,39.6,47.0,4.1,11.8,23.4,13.8,0.7,1.5,3.7,3.3,52.8,35-48,0.729,24-57,0.421,8-34,0.235,https://kenpom.com/player.php?p=58298,23.0,13.0,12.0,14.0,9.0,18.0,California,ACC,68.2,133.0,114.6,89.0,52.7,113.0,15.2,83.0,25.9,325.0,36.8,135.0,102.8,64.0,49.8,89.0,16.2,215.0,30.2,173.0,37.0,235.0,36.9,30.0,50.8,221.0,77.8,22.0,11.3,323.0,7.6,18.0,7.7,243.0,6.6,292.0,54.2,133.0,42.9,115.0,21.4,94.0,43.2,325.0,35.4,79.0,19.7,193.0,49.8,147.0,30.6,212.0,ACC,30.8,31.0,52.2,208.0,65.9,1.0,8.7,214.0,8.4,267.0,7.8,97.0,5.2,338.0,56.0,280.0,40.9,236.0,102.8,64.0,Saint Joseph's,"W, 75-68",A10,68.2,134.0,107.4,206.0,49.2,284.0,17.0,201.0,31.6,140.0,30.5,298.0,101.9,53.0,47.4,28.0,15.2,272.0,30.9,195.0,26.5,16.0,30.8,325.0,51.7,182.0,74.3,113.0,11.2,317.0,9.7,219.0,7.3,187.0,5.3,74.0,60.0,31.0,45.1,65.0,18.7,246.0,46.8,239.0,34.4,103.0,16.2,340.0,50.2,126.0,33.6,97.0,A10,31.5,47.0,47.5,38.0,69.0,22.0,12.6,35.0,8.1,295.0,7.1,187.0,6.7,39.0,51.7,164.0,40.2,210.0,101.9,53.0,2.1,1.2,1.1,1.3,0.8,1.7,16.0,"[12, 13, 23]",14.2,4.96655480858378,4.707440918375928,"[0.8, 1.3, 1.1, 1.2, 2.1]",,,,
21.0,Al Amadou,6-9,205.0,So,9.0,2.2,18.8,6.1,2.4,0.0,0.0,4.0,0.0,0.0,68.6,3.9,0.0,5.7,0.7,0.0,0-0,0.0,0-0,0.0,0-1,0.0,https://kenpom.com/player.php?p=54570,0.0,0.0,1.0,1.0,0.0,0.0,Saint+Joseph's,A10,68.2,134.0,107.4,206.0,49.2,284.0,17.0,201.0,31.6,140.0,30.5,298.0,101.9,53.0,47.4,28.0,15.2,272.0,30.9,195.0,26.5,16.0,30.8,325.0,51.7,182.0,74.3,113.0,11.2,317.0,9.7,219.0,7.3,187.0,5.3,74.0,60.0,31.0,45.1,65.0,18.7,246.0,46.8,239.0,34.4,103.0,16.2,340.0,50.2,126.0,33.6,97.0,A10,31.5,47.0,47.5,38.0,69.0,22.0,12.6,35.0,8.1,295.0,7.1,187.0,6.7,39.0,51.7,164.0,40.2,210.0,101.9,53.0,California,"L, 75-68",ACC,68.2,133.0,114.6,89.0,52.7,113.0,15.2,83.0,25.9,325.0,36.8,135.0,102.8,64.0,49.8,89.0,16.2,215.0,30.2,173.0,37.0,235.0,36.9,30.0,50.8,221.0,77.8,22.0,11.3,323.0,7.6,18.0,7.7,243.0,6.6,292.0,54.2,133.0,42.9,115.0,21.4,94.0,43.2,325.0,35.4,79.0,19.7,193.0,49.8,147.0,30.6,212.0,ACC,30.8,31.0,52.2,208.0,65.9,1.0,8.7,214.0,8.4,267.0,7.8,97.0,5.2,338.0,56.0,280.0,40.9,236.0,102.8,64.0,0.0,0.0,0.1,0.1,0.0,0.0,0.3333333333333333,"[1, 0, 0]",0.4,0.4714045207910317,0.48989794855663565,"[0, 0.1, 0.1, 0, 0]",,,,
5.0,Anthony Finkley,6-7,235.0,Jr,32.0,48.6,93.4,19.8,17.8,38.1,45.7,4.8,13.1,16.3,21.4,1.2,0.7,3.6,3.5,42.1,55-69,0.797,16-58,0.276,31-106,0.292,https://kenpom.com/player.php?p=54773,18.0,22.0,16.0,16.0,14.0,17.0,Saint+Joseph's,A10,68.2,134.0,107.4,206.0,49.2,284.0,17.0,201.0,31.6,140.0,30.5,298.0,101.9,53.0,47.4,28.0,15.2,272.0,30.9,195.0,26.5,16.0,30.8,325.0,51.7,182.0,74.3,113.0,11.2,317.0,9.7,219.0,7.3,187.0,5.3,74.0,60.0,31.0,45.1,65.0,18.7,246.0,46.8,239.0,34.4,103.0,16.2,340.0,50.2,126.0,33.6,97.0,A10,31.5,47.0,47.5,38.0,69.0,22.0,12.6,35.0,8.1,295.0,7.1,187.0,6.7,39.0,51.7,164.0,40.2,210.0,101.9,53.0,California,"L, 75-68",ACC,68.2,133.0,114.6,89.0,52.7,113.0,15.2,83.0,25.9,325.0,36.8,135.0,102.8,64.0,49.8,89.0,16.2,215.0,30.2,173.0,37.0,235.0,36.9,30.0,50.8,221.0,77.8,22.0,11.3,323.0,7.6,18.0,7.7,243.0,6.6,292.0,54.2,133.0,42.9,115.0,21.4,94.0,43.2,325.0,35.4,79.0,19.7,193.0,49.8,147.0,30.6,212.0,ACC,30.8,31.0,52.2,208.0,65.9,1.0,8.7,214.0,8.4,267.0,7.8,97.0,5.2,338.0,56.0,280.0,40.9,236.0,102.8,64.0,1.6,2.0,1.4,1.4,1.3,1.5,18.666666666666668,"[16, 22, 18]",17.2,2.494438257849294,2.7129319932501073,"[1.3, 1.4, 1.4, 2, 1.6]",,,,
13.0,Austin Williford,6-4,195.0,Fr,32.0,65.3,103.8,16.9,18.7,50.0,52.0,5.6,12.6,9.3,16.2,1.2,2.7,3.1,2.1,19.0,31-44,0.705,47-103,0.456,46-129,0.357,https://kenpom.com/player.php?p=58318,34.0,34.0,35.0,34.0,32.0,33.0,Saint+Joseph's,A10,68.2,134.0,107.4,206.0,49.2,284.0,17.0,201.0,31.6,140.0,30.5,298.0,101.9,53.0,47.4,28.0,15.2,272.0,30.9,195.0,26.5,16.0,30.8,325.0,51.7,182.0,74.3,113.0,11.2,317.0,9.7,219.0,7.3,187.0,5.3,74.0,60.0,31.0,45.1,65.0,18.7,246.0,46.8,239.0,34.4,103.0,16.2,340.0,50.2,126.0,33.6,97.0,A10,31.5,47.0,47.5,38.0,69.0,22.0,12.6,35.0,8.1,295.0,7.1,187.0,6.7,39.0,51.7,164.0,40.2,210.0,101.9,53.0,California,"L, 75-68",ACC,68.2,133.0,114.6,89.0,52.7,113.0,15.2,83.0,25.9,325.0,36.8,135.0,102.8,64.0,49.8,89.0,16.2,215.0,30.2,173.0,37.0,235.0,36.9,30.0,50.8,221.0,77.8,22.0,11.3,323.0,7.6,18.0,7.7,243.0,6.6,292.0,54.2,133.0,42.9,115.0,21.4,94.0,43.2,325.0,35.4,79.0,19.7,193.0,49.8,147.0,30.6,212.0,ACC,30.8,31.0,52.2,208.0,65.9,1.0,8.7,214.0,8.4,267.0,7.8,97.0,5.2,338.0,56.0,280.0,40.9,236.0,102.8,64.0,2.6,2.6,2.7,2.6,2.5,2.6,34.333333333333336,"[35, 34, 34]",33.8,0.4714045207910317,0.9797958971132712,"[2.5, 2.6, 2.7, 2.6, 2.6]",,,,
7.0,Dasear Haskins,6-8,200.0,So,32.0,69.2,109.2,19.5,21.8,51.9,54.2,6.4,17.9,10.4,13.2,2.3,1.1,2.6,2.7,24.4,49-70,0.7,98-172,0.57,34-115,0.296,https://kenpom.com/player.php?p=54774,31.0,21.0,24.0,23.0,27.0,23.0,Saint+Joseph's,A10,68.2,134.0,107.4,206.0,49.2,284.0,17.0,201.0,31.6,140.0,30.5,298.0,101.9,53.0,47.4,28.0,15.2,272.0,30.9,195.0,26.5,16.0,30.8,325.0,51.7,182.0,74.3,113.0,11.2,317.0,9.7,219.0,7.3,187.0,5.3,74.0,60.0,31.0,45.1,65.0,18.7,246.0,46.8,239.0,34.4,103.0,16.2,340.0,50.2,126.0,33.6,97.0,A10,31.5,47.0,47.5,38.0,69.0,22.0,12.6,35.0,8.1,295.0,7.1,187.0,6.7,39.0,51.7,164.0,40.2,210.0,101.9,53.0,California,"L, 75-68",ACC,68.2,133.0,114.6,89.0,52.7,113.0,15.2,83.0,25.9,325.0,36.8,135.0,102.8,64.0,49.8,89.0,16.2,215.0,30.2,173.0,37.0,235.0,36.9,30.0,50.8,221.0,77.8,22.0,11.3,323.0,7.6,18.0,7.7,243.0,6.6,292.0,54.2,133.0,42.9,115.0,21.4,94.0,43.2,325.0,35.4,79.0,19.7,193.0,49.8,147.0,30.6,212.0,ACC,30.8,31.0,52.2,208.0,65.9,1.0,8.7,214.0,8.4,267.0,7.8,97.0,5.2,338.0,56.0,280.0,40.9,236.0,102.8,64.0,2.0,1.4,1.6,1.5,1.8,1.5,25.333333333333332,"[24, 21, 31]",25.2,4.189935029992178,3.4871191548325386,"[1.8, 1.5, 1.6, 1.4, 2]",,,,
0.0,Derek Simpson,6-3,175.0,Sr,32.0,85.9,112.6,22.7,22.5,48.1,53.7,3.9,12.5,30.6,16.2,0.6,2.5,1.6,3.1,27.7,93-102,0.912,105-207,0.507,48-161,0.298,https://kenpom.com/player.php?p=52978,33.0,32.0,36.0,38.0,32.0,37.0,Saint+Joseph's,A10,68.2,134.0,107.4,206.0,49.2,284.0,17.0,201.0,31.6,140.0,30.5,298.0,101.9,53.0,47.4,28.0,15.2,272.0,30.9,195.0,26.5,16.0,30.8,325.0,51.7,182.0,74.3,113.0,11.2,317.0,9.7,219.0,7.3,187.0,5.3,74.0,60.0,31.0,45.1,65.0,18.7,246.0,46.8,239.0,34.4,103.0,16.2,340.0,50.2,126.0,33.6,97.0,A10,31.5,47.0,47.5,38.0,69.0,22.0,12.6,35.0,8.1,295.0,7.1,187.0,6.7,39.0,51.7,164.0,40.2,210.0,101.9,53.0,California,"L, 75-68",ACC,68.2,133.0,114.6,89.0,52.7,113.0,15.2,83.0,25.9,325.0,36.8,135.0,102.8,64.0,49.8,89.0,16.2,215.0,30.2,173.0,37.0,235.0,36.9,30.0,50.8,221.0,77.8,22.0,11.3,323.0,7.6,18.0,7.7,243.0,6.6,292.0,54.2,133.0,42.9,115.0,21.4,94.0,43.2,325.0,35.4,79.0,19.7,193.0,49.8,147.0,30.6,212.0,ACC,30.8,31.0,52.2,208.0,65.9,1.0,8.7,214.0,8.4,267.0,7.8,97.0,5.2,338.0,56.0,280.0,40.9,236.0,102.8,64.0,1.3,1.3,1.4,1.5,1.3,1.5,33.666666666666664,"[36, 32, 33]",34.2,1.699673171197595,2.4,"[1.3, 1.5, 1.4, 1.3, 1.3]",,,,
2.0,Deuce Jones,6-2,170.0,So,9.0,19.9,103.5,32.1,29.8,44.7,52.5,3.9,11.0,26.7,17.2,0.8,2.8,3.8,6.4,52.2,47-59,0.797,31-65,0.477,13-48,0.271,https://kenpom.com/player.php?p=56714,0.0,0.0,0.0,0.0,0.0,0.0,Saint+Joseph's,A10,68.2,134.0,107.4,206.0,49.2,284.0,17.0,201.0,31.6,140.0,30.5,298.0,101.9,53.0,47.4,28.0,15.2,272.0,30.9,195.0,26.5,16.0,30.8,325.0,51.7,182.0,74.3,113.0,11.2,317.0,9.7,219.0,7.3,187.0,5.3,74.0,60.0,31.0,45.1,65.0,18.7,246.0,46.8,239.0,34.4,103.0,16.2,340.0,50.2,126.0,33.6,97.0,A10,31.5,47.0,47.5,38.0,69.0,22.0,12.6,35.0,8.1,295.0,7.1,187.0,6.7,39.0,51.7,164.0,40.2,210.0,101.9,53.0,California,"L, 75-68",ACC,68.2,133.0,114.6,89.0,52.7,113.0,15.2,83.0,25.9,325.0,36.8,135.0,102.8,64.0,49.8,89.0,16.2,215.0,30.2,173.0,37.0,235.0,36.9,30.0,50.8,221.0,77.8,22.0,11.3,323.0,7.6,18.0,7.7,243.0,6.6,292.0,54.2,133.0,42.9,115.0,21.4,94.0,43.2,325.0,35.4,79.0,19.7,193.0,49.8,147.0,30.6,212.0,ACC,30.8,31.0,52.2,208.0,65.9,1.0,8.7,214.0,8.4,267.0,7.8,97.0,5.2,338.0,56.0,280.0,40.9,236.0,102.8,64.0,0.0,0.0,0.0,0.0,0.0,0.0,0.0,"[0, 0, 0]",0.0,0.0,0.0,"[0, 0, 0, 0, 0]",,,,
10.0,Jaden Smith,6-11,225.0,So,32.0,22.4,96.4,17.8,13.1,43.8,50.7,11.3,9.8,5.8,23.0,6.8,0.6,7.6,4.0,71.4,27-40,0.675,23-48,0.479,1-8,0.125,https://kenpom.com/player.php?p=56595,17.0,6.0,4.0,8.0,6.0,9.0,Saint+Joseph's,A10,68.2,134.0,107.4,206.0,49.2,284.0,17.0,201.0,31.6,140.0,30.5,298.0,101.9,53.0,47.4,28.0,15.2,272.0,30.9,195.0,26.5,16.0,30.8,325.0,51.7,182.0,74.3,113.0,11.2,317.0,9.7,219.0,7.3,187.0,5.3,74.0,60.0,31.0,45.1,65.0,18.7,246.0,46.8,239.0,34.4,103.0,16.2,340.0,50.2,126.0,33.6,97.0,A10,31.5,47.0,47.5,38.0,69.0,22.0,12.6,35.0,8.1,295.0,7.1,187.0,6.7,39.0,51.7,164.0,40.2,210.0,101.9,53.0,California,"L, 75-68",ACC,68.2,133.0,114.6,89.0,52.7,113.0,15.2,83.0,25.9,325.0,36.8,135.0,102.8,64.0,49.8,89.0,16.2,215.0,30.2,173.0,37.0,235.0,36.9,30.0,50.8,221.0,77.8,22.0,11.3,323.0,7.6,18.0,7.7,243.0,6.6,292.0,54.2,133.0,42.9,115.0,21.4,94.0,43.2,325.0,35.4,79.0,19.7,193.0,49.8,147.0,30.6,212.0,ACC,30.8,31.0,52.2,208.0,65.9,1.0,8.7,214.0,8.4,267.0,7.8,97.0,5.2,338.0,56.0,280.0,40.9,236.0,102.8,64.0,3.2,1.1,0.8,1.5,1.1,1.7,9.0,"[4, 6, 17]",8.2,5.715476066494082,4.57820925690384,"[1.1, 1.5, 0.8, 1.1, 3.2]",,,,
11.0,Jaiden Glover-Toscano,6-6,205.0,So,30.0,74.3,108.5,22.4,26.3,52.7,55.1,5.0,11.2,6.6,12.4,1.4,1.4,1.9,3.2,25.0,67-93,0.72,79-150,0.527,78-222,0.351,https://kenpom.com/player.php?p=56168,30.0,35.0,36.0,34.0,36.0,33.0,Saint+Joseph's,A10,68.2,134.0,107.4,206.0,49.2,284.0,17.0,201.0,31.6,140.0,30.5,298.0,101.9,53.0,47.4,28.0,15.2,272.0,30.9,195.0,26.5,16.0,30.8,325.0,51.7,182.0,74.3,113.0,11.2,317.0,9.7,219.0,7.3,187.0,5.3,74.0,60.0,31.0,45.1,65.0,18.7,246.0,46.8,239.0,34.4,103.0,16.2,340.0,50.2,126.0,33.6,97.0,A10,31.5,47.0,47.5,38.0,69.0,22.0,12.6,35.0,8.1,295.0,7.1,187.0,6.7,39.0,51.7,164.0,40.2,210.0,101.9,53.0,California,"L, 75-68",ACC,68.2,133.0,114.6,89.0,52.7,113.0,15.2,83.0,25.9,325.0,36.8,135.0,102.8,64.0,49.8,89.0,16.2,215.0,30.2,173.0,37.0,235.0,36.9,30.0,50.8,221.0,77.8,22.0,11.3,323.0,7.6,18.0,7.7,243.0,6.6,292.0,54.2,133.0,42.9,115.0,21.4,94.0,43.2,325.0,35.4,79.0,19.7,193.0,49.8,147.0,30.6,212.0,ACC,30.8,31.0,52.2,208.0,65.9,1.0,8.7,214.0,8.4,267.0,7.8,97.0,5.2,338.0,56.0,280.0,40.9,236.0,102.8,64.0,1.4,1.7,1.7,1.6,1.7,1.6,33.666666666666664,"[36, 35, 30]",34.2,2.6246692913372702,2.227105745132009,"[1.7, 1.6, 1.7, 1.7, 1.4]",,,,
22.0,Justice Ajogbor,6-10,260.0,Sr,32.0,66.3,124.1,11.7,10.3,66.9,66.4,7.0,13.6,9.7,17.1,9.2,0.6,2.9,2.4,46.9,37-61,0.607,87-130,0.669,0-0,0.0,https://kenpom.com/player.php?p=49953,22.0,34.0,34.0,32.0,34.0,31.0,Saint+Joseph's,A10,68.2,134.0,107.4,206.0,49.2,284.0,17.0,201.0,31.6,140.0,30.5,298.0,101.9,53.0,47.4,28.0,15.2,272.0,30.9,195.0,26.5,16.0,30.8,325.0,51.7,182.0,74.3,113.0,11.2,317.0,9.7,219.0,7.3,187.0,5.3,74.0,60.0,31.0,45.1,65.0,18.7,246.0,46.8,239.0,34.4,103.0,16.2,340.0,50.2,126.0,33.6,97.0,A10,31.5,47.0,47.5,38.0,69.0,22.0,12.6,35.0,8.1,295.0,7.1,187.0,6.7,39.0,51.7,164.0,40.2,210.0,101.9,53.0,California,"L, 75-68",ACC,68.2,133.0,114.6,89.0,52.7,113.0,15.2,83.0,25.9,325.0,36.8,135.0,102.8,64.0,49.8,89.0,16.2,215.0,30.2,173.0,37.0,235.0,36.9,30.0,50.8,221.0,77.8,22.0,11.3,323.0,7.6,18.0,7.7,243.0,6.6,292.0,54.2,133.0,42.9,115.0,21.4,94.0,43.2,325.0,35.4,79.0,19.7,193.0,49.8,147.0,30.6,212.0,ACC,30.8,31.0,52.2,208.0,65.9,1.0,8.7,214.0,8.4,267.0,7.8,97.0,5.2,338.0,56.0,280.0,40.9,236.0,102.8,64.0,1.6,2.5,2.5,2.3,2.5,2.2,30.0,"[34, 34, 22]",31.2,5.656854249492381,4.66476151587624,"[2.5, 2.3, 2.5, 2.5, 1.6]",,,,
1.0,Kevin Kearney,6-7,195.0,Fr,13.0,3.7,74.0,20.6,20.1,21.4,26.7,16.7,4.5,3.8,12.1,2.3,1.2,3.4,3.8,42.9,3-6,0.5,3-6,0.5,0-8,0.0,https://kenpom.com/player.php?p=56354,0.0,0.0,0.0,1.0,0.0,0.0,Saint+Joseph's,A10,68.2,134.0,107.4,206.0,49.2,284.0,17.0,201.0,31.6,140.0,30.5,298.0,101.9,53.0,47.4,28.0,15.2,272.0,30.9,195.0,26.5,16.0,30.8,325.0,51.7,182.0,74.3,113.0,11.2,317.0,9.7,219.0,7.3,187.0,5.3,74.0,60.0,31.0,45.1,65.0,18.7,246.0,46.8,239.0,34.4,103.0,16.2,340.0,50.2,126.0,33.6,97.0,A10,31.5,47.0,47.5,38.0,69.0,22.0,12.6,35.0,8.1,295.0,7.1,187.0,6.7,39.0,51.7,164.0,40.2,210.0,101.9,53.0,California,"L, 75-68",ACC,68.2,133.0,114.6,89.0,52.7,113.0,15.2,83.0,25.9,325.0,36.8,135.0,102.8,64.0,49.8,89.0,16.2,215.0,30.2,173.0,37.0,235.0,36.9,30.0,50.8,221.0,77.8,22.0,11.3,323.0,7.6,18.0,7.7,243.0,6.6,292.0,54.2,133.0,42.9,115.0,21.4,94.0,43.2,325.0,35.4,79.0,19.7,193.0,49.8,147.0,30.6,212.0,ACC,30.8,31.0,52.2,208.0,65.9,1.0,8.7,214.0,8.4,267.0,7.8,97.0,5.2,338.0,56.0,280.0,40.9,236.0,102.8,64.0,0.0,0.0,0.0,0.1,0.0,0.0,0.0,"[0, 0, 0]",0.2,0.0,0.4,"[0, 0.1, 0, 0, 0]",,,,
3.0,Khaafiq Myers,5-10,165.0,Fr,30.0,35.2,94.0,21.6,22.1,41.9,43.8,1.7,14.6,27.8,17.5,0.2,2.7,2.6,2.6,21.6,19-32,0.594,44-96,0.458,12-52,0.231,https://kenpom.com/player.php?p=56355,16.0,16.0,13.0,11.0,19.0,17.0,Saint+Joseph's,A10,68.2,134.0,107.4,206.0,49.2,284.0,17.0,201.0,31.6,140.0,30.5,298.0,101.9,53.0,47.4,28.0,15.2,272.0,30.9,195.0,26.5,16.0,30.8,325.0,51.7,182.0,74.3,113.0,11.2,317.0,9.7,219.0,7.3,187.0,5.3,74.0,60.0,31.0,45.1,65.0,18.7,246.0,46.8,239.0,34.4,103.0,16.2,340.0,50.2,126.0,33.6,97.0,A10,31.5,47.0,47.5,38.0,69.0,22.0,12.6,35.0,8.1,295.0,7.1,187.0,6.7,39.0,51.7,164.0,40.2,210.0,101.9,53.0,California,"L, 75-68",ACC,68.2,133.0,114.6,89.0,52.7,113.0,15.2,83.0,25.9,325.0,36.8,135.0,102.8,64.0,49.8,89.0,16.2,215.0,30.2,173.0,37.0,235.0,36.9,30.0,50.8,221.0,77.8,22.0,11.3,323.0,7.6,18.0,7.7,243.0,6.6,292.0,54.2,133.0,42.9,115.0,21.4,94.0,43.2,325.0,35.4,79.0,19.7,193.0,49.8,147.0,30.6,212.0,ACC,30.8,31.0,52.2,208.0,65.9,1.0,8.7,214.0,8.4,267.0,7.8,97.0,5.2,338.0,56.0,280.0,40.9,236.0,102.8,64.0,1.0,1.0,0.8,0.7,1.2,1.1,15.0,"[13, 16, 16]",15.0,1.4142135623730951,2.756809750418044,"[1.2, 0.7, 0.8, 1, 1]",,,,
23.0,Mekai Johnson,6-5,210.0,So,14.0,4.1,94.0,11.3,11.5,38.9,45.2,6.3,2.0,3.3,19.6,0.0,1.1,3.0,1.6,22.2,2-2,0.999,2-2,0.999,1-7,0.143,https://kenpom.com/player.php?p=56357,0.0,0.0,1.0,1.0,0.0,0.0,Saint+Joseph's,A10,68.2,134.0,107.4,206.0,49.2,284.0,17.0,201.0,31.6,140.0,30.5,298.0,101.9,53.0,47.4,28.0,15.2,272.0,30.9,195.0,26.5,16.0,30.8,325.0,51.7,182.0,74.3,113.0,11.2,317.0,9.7,219.0,7.3,187.0,5.3,74.0,60.0,31.0,45.1,65.0,18.7,246.0,46.8,239.0,34.4,103.0,16.2,340.0,50.2,126.0,33.6,97.0,A10,31.5,47.0,47.5,38.0,69.0,22.0,12.6,35.0,8.1,295.0,7.1,187.0,6.7,39.0,51.7,164.0,40.2,210.0,101.9,53.0,California,"L, 75-68",ACC,68.2,133.0,114.6,89.0,52.7,113.0,15.2,83.0,25.9,325.0,36.8,135.0,102.8,64.0,49.8,89.0,16.2,215.0,30.2,173.0,37.0,235.0,36.9,30.0,50.8,221.0,77.8,22.0,11.3,323.0,7.6,18.0,7.7,243.0,6.6,292.0,54.2,133.0,42.9,115.0,21.4,94.0,43.2,325.0,35.4,79.0,19.7,193.0,49.8,147.0,30.6,212.0,ACC,30.8,31.0,52.2,208.0,65.9,1.0,8.7,214.0,8.4,267.0,7.8,97.0,5.2,338.0,56.0,280.0,40.9,236.0,102.8,64.0,0.0,0.0,0.1,0.1,0.0,0.0,0.3333333333333333,"[1, 0, 0]",0.4,0.4714045207910317,0.48989794855663565,"[0, 0.1, 0.1, 0, 0]",,,,
2.0,Abdul Bashir,6-7,165.0,Jr,6.0,3.9,81.5,15.8,19.0,33.3,37.6,0.0,6.7,9.4,20.7,0.0,1.1,2.3,1.8,13.3,2-2,0.999,2-2,0.999,2-13,0.154,https://kenpom.com/player.php?p=57970,0.0,0.0,0.0,0.0,0.0,0.0,Auburn,SEC,67.3,189.0,124.8,14.0,52.3,130.0,14.7,48.0,37.5,12.0,44.2,8.0,105.9,105.0,53.5,285.0,16.1,220.0,31.7,240.0,35.0,177.0,33.9,180.0,53.3,117.0,74.5,103.0,12.5,349.0,9.5,185.0,5.2,8.0,5.4,92.0,46.6,307.0,40.2,166.0,23.9,22.0,46.4,255.0,29.7,224.0,19.5,198.0,47.9,232.0,32.6,131.0,SEC,36.5,329.0,52.7,225.0,74.4,287.0,11.7,58.0,10.6,99.0,5.5,352.0,5.9,198.0,51.1,149.0,39.6,189.0,105.9,105.0,Seattle,"W, 78-65",WCC,67.8,159.0,101.9,302.0,49.3,276.0,17.0,199.0,24.3,346.0,34.7,190.0,97.1,19.0,48.1,41.0,21.4,7.0,31.8,246.0,32.3,112.0,32.9,235.0,49.3,276.0,70.7,248.0,9.3,169.0,9.7,211.0,7.3,192.0,5.7,140.0,53.5,150.0,39.0,191.0,19.9,172.0,48.8,187.0,31.2,190.0,19.9,175.0,50.1,131.0,30.0,234.0,WCC,32.0,66.0,48.2,44.0,74.1,271.0,14.0,14.0,11.3,49.0,10.1,2.0,6.0,179.0,54.0,224.0,37.5,116.0,97.1,19.0,0.0,0.0,0.0,0.0,0.0,0.0,0.0,"[0, 0, 0]",0.0,0.0,0.0,"[0, 0, 0, 0, 0]",,,,
21.0,Blake Muschalek,6-3,190.0,Jr,24.0,8.8,81.7,11.0,10.0,22.2,30.8,7.5,6.9,3.8,17.5,0.0,4.8,8.3,2.7,55.6,6-10,0.6,1-6,0.167,2-12,0.167,https://kenpom.com/player.php?p=54247,0.0,5.0,9.0,5.0,6.0,6.0,Auburn,SEC,67.3,189.0,124.8,14.0,52.3,130.0,14.7,48.0,37.5,12.0,44.2,8.0,105.9,105.0,53.5,285.0,16.1,220.0,31.7,240.0,35.0,177.0,33.9,180.0,53.3,117.0,74.5,103.0,12.5,349.0,9.5,185.0,5.2,8.0,5.4,92.0,46.6,307.0,40.2,166.0,23.9,22.0,46.4,255.0,29.7,224.0,19.5,198.0,47.9,232.0,32.6,131.0,SEC,36.5,329.0,52.7,225.0,74.4,287.0,11.7,58.0,10.6,99.0,5.5,352.0,5.9,198.0,51.1,149.0,39.6,189.0,105.9,105.0,Seattle,"W, 78-65",WCC,67.8,159.0,101.9,302.0,49.3,276.0,17.0,199.0,24.3,346.0,34.7,190.0,97.1,19.0,48.1,41.0,21.4,7.0,31.8,246.0,32.3,112.0,32.9,235.0,49.3,276.0,70.7,248.0,9.3,169.0,9.7,211.0,7.3,192.0,5.7,140.0,53.5,150.0,39.0,191.0,19.9,172.0,48.8,187.0,31.2,190.0,19.9,175.0,50.1,131.0,30.0,234.0,WCC,32.0,66.0,48.2,44.0,74.1,271.0,14.0,14.0,11.3,49.0,10.1,2.0,6.0,179.0,54.0,224.0,37.5,116.0,97.1,19.0,0.0,1.0,1.9,1.0,1.2,1.2,4.666666666666667,"[9, 5, 0]",5.0,3.6817870057290873,2.898275349237888,"[1.2, 1, 1.9, 1, 0]",,,,
6.0,Elyjah Freeman,6-8,185.0,So,34.0,64.3,114.8,17.7,18.0,50.0,53.9,8.2,14.6,8.1,14.1,2.4,2.8,2.7,3.4,41.1,68-97,0.701,73-145,0.503,30-91,0.33,https://kenpom.com/player.php?p=57972,36.0,18.0,29.0,34.0,29.0,33.0,Auburn,SEC,67.3,189.0,124.8,14.0,52.3,130.0,14.7,48.0,37.5,12.0,44.2,8.0,105.9,105.0,53.5,285.0,16.1,220.0,31.7,240.0,35.0,177.0,33.9,180.0,53.3,117.0,74.5,103.0,12.5,349.0,9.5,185.0,5.2,8.0,5.4,92.0,46.6,307.0,40.2,166.0,23.9,22.0,46.4,255.0,29.7,224.0,19.5,198.0,47.9,232.0,32.6,131.0,SEC,36.5,329.0,52.7,225.0,74.4,287.0,11.7,58.0,10.6,99.0,5.5,352.0,5.9,198.0,51.1,149.0,39.6,189.0,105.9,105.0,Seattle,"W, 78-65",WCC,67.8,159.0,101.9,302.0,49.3,276.0,17.0,199.0,24.3,346.0,34.7,190.0,97.1,19.0,48.1,41.0,21.4,7.0,31.8,246.0,32.3,112.0,32.9,235.0,49.3,276.0,70.7,248.0,9.3,169.0,9.7,211.0,7.3,192.0,5.7,140.0,53.5,150.0,39.0,191.0,19.9,172.0,48.8,187.0,31.2,190.0,19.9,175.0,50.1,131.0,30.0,234.0,WCC,32.0,66.0,48.2,44.0,74.1,271.0,14.0,14.0,11.3,49.0,10.1,2.0,6.0,179.0,54.0,224.0,37.5,116.0,97.1,19.0,2.4,1.2,2.0,2.3,2.0,2.2,27.666666666666668,"[29, 18, 36]",29.2,7.408703590297623,6.241794613730893,"[2, 2.3, 2, 1.2, 2.4]",,,,
14.0,Emeka Opurum,7-0,205.0,So,6.0,4.2,153.3,12.8,15.1,76.9,72.6,7.8,22.5,3.4,0.0,11.6,2.0,5.5,3.2,46.1,3-6,0.5,10-13,0.769,0-0,0.0,https://kenpom.com/player.php?p=57975,0.0,0.0,0.0,0.0,0.0,0.0,Auburn,SEC,67.3,189.0,124.8,14.0,52.3,130.0,14.7,48.0,37.5,12.0,44.2,8.0,105.9,105.0,53.5,285.0,16.1,220.0,31.7,240.0,35.0,177.0,33.9,180.0,53.3,117.0,74.5,103.0,12.5,349.0,9.5,185.0,5.2,8.0,5.4,92.0,46.6,307.0,40.2,166.0,23.9,22.0,46.4,255.0,29.7,224.0,19.5,198.0,47.9,232.0,32.6,131.0,SEC,36.5,329.0,52.7,225.0,74.4,287.0,11.7,58.0,10.6,99.0,5.5,352.0,5.9,198.0,51.1,149.0,39.6,189.0,105.9,105.0,Seattle,"W, 78-65",WCC,67.8,159.0,101.9,302.0,49.3,276.0,17.0,199.0,24.3,346.0,34.7,190.0,97.1,19.0,48.1,41.0,21.4,7.0,31.8,246.0,32.3,112.0,32.9,235.0,49.3,276.0,70.7,248.0,9.3,169.0,9.7,211.0,7.3,192.0,5.7,140.0,53.5,150.0,39.0,191.0,19.9,172.0,48.8,187.0,31.2,190.0,19.9,175.0,50.1,131.0,30.0,234.0,WCC,32.0,66.0,48.2,44.0,74.1,271.0,14.0,14.0,11.3,49.0,10.1,2.0,6.0,179.0,54.0,224.0,37.5,116.0,97.1,19.0,0.0,0.0,0.0,0.0,0.0,0.0,0.0,"[0, 0, 0]",0.0,0.0,0.0,"[0, 0, 0, 0, 0]",,,,
38.0,Filip Jovic,6-8,225.0,Fr,33.0,42.0,121.5,15.6,12.0,63.1,61.5,12.8,13.0,4.6,14.9,2.3,1.9,5.4,4.2,83.5,47-86,0.547,65-100,0.65,0-3,0.0,https://kenpom.com/player.php?p=57876,20.0,13.0,17.0,16.0,14.0,23.0,Auburn,SEC,67.3,189.0,124.8,14.0,52.3,130.0,14.7,48.0,37.5,12.0,44.2,8.0,105.9,105.0,53.5,285.0,16.1,220.0,31.7,240.0,35.0,177.0,33.9,180.0,53.3,117.0,74.5,103.0,12.5,349.0,9.5,185.0,5.2,8.0,5.4,92.0,46.6,307.0,40.2,166.0,23.9,22.0,46.4,255.0,29.7,224.0,19.5,198.0,47.9,232.0,32.6,131.0,SEC,36.5,329.0,52.7,225.0,74.4,287.0,11.7,58.0,10.6,99.0,5.5,352.0,5.9,198.0,51.1,149.0,39.6,189.0,105.9,105.0,Seattle,"W, 78-65",WCC,67.8,159.0,101.9,302.0,49.3,276.0,17.0,199.0,24.3,346.0,34.7,190.0,97.1,19.0,48.1,41.0,21.4,7.0,31.8,246.0,32.3,112.0,32.9,235.0,49.3,276.0,70.7,248.0,9.3,169.0,9.7,211.0,7.3,192.0,5.7,140.0,53.5,150.0,39.0,191.0,19.9,172.0,48.8,187.0,31.2,190.0,19.9,175.0,50.1,131.0,30.0,234.0,WCC,32.0,66.0,48.2,44.0,74.1,271.0,14.0,14.0,11.3,49.0,10.1,2.0,6.0,179.0,54.0,224.0,37.5,116.0,97.1,19.0,2.7,1.8,2.3,2.2,1.9,3.1,16.666666666666668,"[17, 13, 20]",16.0,2.8674417556808756,2.449489742783178,"[1.9, 2.2, 2.3, 1.8, 2.7]",,,,
5.0,Kaden Magwood,6-2,175.0,Fr,16.0,12.9,111.7,21.3,23.1,47.5,49.7,2.6,8.1,32.3,18.5,0.6,2.6,4.3,1.6,8.2,5-5,0.999,14-29,0.483,10-32,0.312,https://kenpom.com/player.php?p=57971,17.0,0.0,0.0,0.0,0.0,0.0,Auburn,SEC,67.3,189.0,124.8,14.0,52.3,130.0,14.7,48.0,37.5,12.0,44.2,8.0,105.9,105.0,53.5,285.0,16.1,220.0,31.7,240.0,35.0,177.0,33.9,180.0,53.3,117.0,74.5,103.0,12.5,349.0,9.5,185.0,5.2,8.0,5.4,92.0,46.6,307.0,40.2,166.0,23.9,22.0,46.4,255.0,29.7,224.0,19.5,198.0,47.9,232.0,32.6,131.0,SEC,36.5,329.0,52.7,225.0,74.4,287.0,11.7,58.0,10.6,99.0,5.5,352.0,5.9,198.0,51.1,149.0,39.6,189.0,105.9,105.0,Seattle,"W, 78-65",WCC,67.8,159.0,101.9,302.0,49.3,276.0,17.0,199.0,24.3,346.0,34.7,190.0,97.1,19.0,48.1,41.0,21.4,7.0,31.8,246.0,32.3,112.0,32.9,235.0,49.3,276.0,70.7,248.0,9.3,169.0,9.7,211.0,7.3,192.0,5.7,140.0,53.5,150.0,39.0,191.0,19.9,172.0,48.8,187.0,31.2,190.0,19.9,175.0,50.1,131.0,30.0,234.0,WCC,32.0,66.0,48.2,44.0,74.1,271.0,14.0,14.0,11.3,49.0,10.1,2.0,6.0,179.0,54.0,224.0,37.5,116.0,97.1,19.0,1.8,0.0,0.0,0.0,0.0,0.0,5.666666666666667,"[0, 0, 17]",3.4,8.013876853447538,6.8,"[0, 0, 0, 0, 1.8]",,,,
3.0,KeShawn Murphy,6-10,230.0,Sr,31.0,54.2,130.3,20.0,20.4,58.9,61.8,12.5,20.5,10.6,11.3,4.5,2.3,3.3,3.7,40.0,66-90,0.733,113-184,0.614,13-41,0.317,https://kenpom.com/player.php?p=52196,0.0,27.0,21.0,24.0,25.0,17.0,Auburn,SEC,67.3,189.0,124.8,14.0,52.3,130.0,14.7,48.0,37.5,12.0,44.2,8.0,105.9,105.0,53.5,285.0,16.1,220.0,31.7,240.0,35.0,177.0,33.9,180.0,53.3,117.0,74.5,103.0,12.5,349.0,9.5,185.0,5.2,8.0,5.4,92.0,46.6,307.0,40.2,166.0,23.9,22.0,46.4,255.0,29.7,224.0,19.5,198.0,47.9,232.0,32.6,131.0,SEC,36.5,329.0,52.7,225.0,74.4,287.0,11.7,58.0,10.6,99.0,5.5,352.0,5.9,198.0,51.1,149.0,39.6,189.0,105.9,105.0,Seattle,"W, 78-65",WCC,67.8,159.0,101.9,302.0,49.3,276.0,17.0,199.0,24.3,346.0,34.7,190.0,97.1,19.0,48.1,41.0,21.4,7.0,31.8,246.0,32.3,112.0,32.9,235.0,49.3,276.0,70.7,248.0,9.3,169.0,9.7,211.0,7.3,192.0,5.7,140.0,53.5,150.0,39.0,191.0,19.9,172.0,48.8,187.0,31.2,190.0,19.9,175.0,50.1,131.0,30.0,234.0,WCC,32.0,66.0,48.2,44.0,74.1,271.0,14.0,14.0,11.3,49.0,10.1,2.0,6.0,179.0,54.0,224.0,37.5,116.0,97.1,19.0,0.0,2.2,1.7,2.0,2.1,1.4,16.0,"[21, 27, 0]",19.4,11.575836902790225,9.891410415102591,"[2.1, 2, 1.7, 2.2, 0]",,,,
1.0,Kevin Overton,6-5,200.0,Jr,34.0,77.4,126.6,17.7,21.3,55.2,59.9,2.8,10.2,7.3,10.5,0.5,2.1,3.1,3.1,30.9,91-104,0.875,66-135,0.489,80-202,0.396,https://kenpom.com/player.php?p=54490,36.0,34.0,36.0,33.0,37.0,32.0,Auburn,SEC,67.3,189.0,124.8,14.0,52.3,130.0,14.7,48.0,37.5,12.0,44.2,8.0,105.9,105.0,53.5,285.0,16.1,220.0,31.7,240.0,35.0,177.0,33.9,180.0,53.3,117.0,74.5,103.0,12.5,349.0,9.5,185.0,5.2,8.0,5.4,92.0,46.6,307.0,40.2,166.0,23.9,22.0,46.4,255.0,29.7,224.0,19.5,198.0,47.9,232.0,32.6,131.0,SEC,36.5,329.0,52.7,225.0,74.4,287.0,11.7,58.0,10.6,99.0,5.5,352.0,5.9,198.0,51.1,149.0,39.6,189.0,105.9,105.0,Seattle,"W, 78-65",WCC,67.8,159.0,101.9,302.0,49.3,276.0,17.0,199.0,24.3,346.0,34.7,190.0,97.1,19.0,48.1,41.0,21.4,7.0,31.8,246.0,32.3,112.0,32.9,235.0,49.3,276.0,70.7,248.0,9.3,169.0,9.7,211.0,7.3,192.0,5.7,140.0,53.5,150.0,39.0,191.0,19.9,172.0,48.8,187.0,31.2,190.0,19.9,175.0,50.1,131.0,30.0,234.0,WCC,32.0,66.0,48.2,44.0,74.1,271.0,14.0,14.0,11.3,49.0,10.1,2.0,6.0,179.0,54.0,224.0,37.5,116.0,97.1,19.0,2.8,2.6,2.8,2.6,2.9,2.5,35.333333333333336,"[36, 34, 36]",35.2,0.9428090415820634,1.469693845669907,"[2.9, 2.6, 2.8, 2.6, 2.8]",,,,
7.0,Keyshawn Hall,6-7,240.0,Sr,32.0,78.8,121.7,26.9,24.9,51.8,60.8,6.1,17.2,14.4,15.8,2.3,1.2,2.8,6.4,64.8,222-259,0.857,120-246,0.488,58-154,0.377,https://kenpom.com/player.php?p=53418,40.0,35.0,35.0,31.0,36.0,33.0,Auburn,SEC,67.3,189.0,124.8,14.0,52.3,130.0,14.7,48.0,37.5,12.0,44.2,8.0,105.9,105.0,53.5,285.0,16.1,220.0,31.7,240.0,35.0,177.0,33.9,180.0,53.3,117.0,74.5,103.0,12.5,349.0,9.5,185.0,5.2,8.0,5.4,92.0,46.6,307.0,40.2,166.0,23.9,22.0,46.4,255.0,29.7,224.0,19.5,198.0,47.9,232.0,32.6,131.0,SEC,36.5,329.0,52.7,225.0,74.4,287.0,11.7,58.0,10.6,99.0,5.5,352.0,5.9,198.0,51.1,149.0,39.6,189.0,105.9,105.0,Seattle,"W, 78-65",WCC,67.8,159.0,101.9,302.0,49.3,276.0,17.0,199.0,24.3,346.0,34.7,190.0,97.1,19.0,48.1,41.0,21.4,7.0,31.8,246.0,32.3,112.0,32.9,235.0,49.3,276.0,70.7,248.0,9.3,169.0,9.7,211.0,7.3,192.0,5.7,140.0,53.5,150.0,39.0,191.0,19.9,172.0,48.8,187.0,31.2,190.0,19.9,175.0,50.1,131.0,30.0,234.0,WCC,32.0,66.0,48.2,44.0,74.1,271.0,14.0,14.0,11.3,49.0,10.1,2.0,6.0,179.0,54.0,224.0,37.5,116.0,97.1,19.0,2.8,2.4,2.4,2.2,2.5,2.3,36.666666666666664,"[35, 35, 40]",35.4,2.357022603955158,2.870540018881465,"[2.5, 2.2, 2.4, 2.4, 2.8]",,,,
33.0,Sebastian Williams-Adams,6-8,230.0,Fr,34.0,68.5,106.9,14.1,11.4,51.6,52.0,6.1,9.0,9.1,16.6,3.5,2.5,3.6,3.8,76.1,61-121,0.504,70-127,0.551,8-32,0.25,https://kenpom.com/player.php?p=57978,24.0,31.0,24.0,22.0,19.0,24.0,Auburn,SEC,67.3,189.0,124.8,14.0,52.3,130.0,14.7,48.0,37.5,12.0,44.2,8.0,105.9,105.0,53.5,285.0,16.1,220.0,31.7,240.0,35.0,177.0,33.9,180.0,53.3,117.0,74.5,103.0,12.5,349.0,9.5,185.0,5.2,8.0,5.4,92.0,46.6,307.0,40.2,166.0,23.9,22.0,46.4,255.0,29.7,224.0,19.5,198.0,47.9,232.0,32.6,131.0,SEC,36.5,329.0,52.7,225.0,74.4,287.0,11.7,58.0,10.6,99.0,5.5,352.0,5.9,198.0,51.1,149.0,39.6,189.0,105.9,105.0,Seattle,"W, 78-65",WCC,67.8,159.0,101.9,302.0,49.3,276.0,17.0,199.0,24.3,346.0,34.7,190.0,97.1,19.0,48.1,41.0,21.4,7.0,31.8,246.0,32.3,112.0,32.9,235.0,49.3,276.0,70.7,248.0,9.3,169.0,9.7,211.0,7.3,192.0,5.7,140.0,53.5,150.0,39.0,191.0,19.9,172.0,48.8,187.0,31.2,190.0,19.9,175.0,50.1,131.0,30.0,234.0,WCC,32.0,66.0,48.2,44.0,74.1,271.0,14.0,14.0,11.3,49.0,10.1,2.0,6.0,179.0,54.0,224.0,37.5,116.0,97.1,19.0,2.2,2.8,2.2,2.0,1.7,2.2,26.333333333333332,"[24, 31, 24]",24.0,3.299831645537222,3.9496835316262997,"[1.7, 2, 2.2, 2.8, 2.2]",,,,
10.0,Simon Walker,6-4,195.0,Fr,12.0,4.7,143.3,16.1,21.7,78.6,78.6,5.2,5.5,6.2,16.6,0.0,0.9,4.9,0.9,0.0,0-0,0.0,3-4,0.75,9-17,0.529,https://kenpom.com/player.php?p=57974,4.0,0.0,0.0,0.0,0.0,0.0,Auburn,SEC,67.3,189.0,124.8,14.0,52.3,130.0,14.7,48.0,37.5,12.0,44.2,8.0,105.9,105.0,53.5,285.0,16.1,220.0,31.7,240.0,35.0,177.0,33.9,180.0,53.3,117.0,74.5,103.0,12.5,349.0,9.5,185.0,5.2,8.0,5.4,92.0,46.6,307.0,40.2,166.0,23.9,22.0,46.4,255.0,29.7,224.0,19.5,198.0,47.9,232.0,32.6,131.0,SEC,36.5,329.0,52.7,225.0,74.4,287.0,11.7,58.0,10.6,99.0,5.5,352.0,5.9,198.0,51.1,149.0,39.6,189.0,105.9,105.0,Seattle,"W, 78-65",WCC,67.8,159.0,101.9,302.0,49.3,276.0,17.0,199.0,24.3,346.0,34.7,190.0,97.1,19.0,48.1,41.0,21.4,7.0,31.8,246.0,32.3,112.0,32.9,235.0,49.3,276.0,70.7,248.0,9.3,169.0,9.7,211.0,7.3,192.0,5.7,140.0,53.5,150.0,39.0,191.0,19.9,172.0,48.8,187.0,31.2,190.0,19.9,175.0,50.1,131.0,30.0,234.0,WCC,32.0,66.0,48.2,44.0,74.1,271.0,14.0,14.0,11.3,49.0,10.1,2.0,6.0,179.0,54.0,224.0,37.5,116.0,97.1,19.0,0.5,0.0,0.0,0.0,0.0,0.0,1.3333333333333333,"[0, 0, 4]",0.8,1.8856180831641267,1.6000000000000003,"[0, 0, 0, 0, 0.5]",,,,
0.0,Tahaad Pettiford,6-1,170.0,So,34.0,79.0,109.7,25.2,27.9,47.0,51.6,1.7,9.7,22.2,15.9,2.0,1.9,3.2,3.6,27.1,101-122,0.828,114-229,0.498,65-221,0.294,https://kenpom.com/player.php?p=56083,23.0,37.0,29.0,35.0,31.0,32.0,Auburn,SEC,67.3,189.0,124.8,14.0,52.3,130.0,14.7,48.0,37.5,12.0,44.2,8.0,105.9,105.0,53.5,285.0,16.1,220.0,31.7,240.0,35.0,177.0,33.9,180.0,53.3,117.0,74.5,103.0,12.5,349.0,9.5,185.0,5.2,8.0,5.4,92.0,46.6,307.0,40.2,166.0,23.9,22.0,46.4,255.0,29.7,224.0,19.5,198.0,47.9,232.0,32.6,131.0,SEC,36.5,329.0,52.7,225.0,74.4,287.0,11.7,58.0,10.6,99.0,5.5,352.0,5.9,198.0,51.1,149.0,39.6,189.0,105.9,105.0,Seattle,"W, 78-65",WCC,67.8,159.0,101.9,302.0,49.3,276.0,17.0,199.0,24.3,346.0,34.7,190.0,97.1,19.0,48.1,41.0,21.4,7.0,31.8,246.0,32.3,112.0,32.9,235.0,49.3,276.0,70.7,248.0,9.3,169.0,9.7,211.0,7.3,192.0,5.7,140.0,53.5,150.0,39.0,191.0,19.9,172.0,48.8,187.0,31.2,190.0,19.9,175.0,50.1,131.0,30.0,234.0,WCC,32.0,66.0,48.2,44.0,74.1,271.0,14.0,14.0,11.3,49.0,10.1,2.0,6.0,179.0,54.0,224.0,37.5,116.0,97.1,19.0,1.8,3.0,2.3,2.8,2.5,2.6,29.666666666666668,"[29, 37, 23]",31.0,5.734883511361751,4.898979485566356,"[2.5, 2.8, 2.3, 3, 1.8]",,,,
34.0,Austin Maurer,7-0,230.0,So,32.0,45.9,112.6,20.3,20.5,54.1,57.7,10.6,19.1,6.3,12.7,6.2,1.8,6.2,4.0,41.8,51-71,0.718,77-133,0.579,10-37,0.27,https://kenpom.com/player.php?p=56307,17.0,20.0,14.0,25.0,23.0,20.0,Seattle,WCC,67.8,159.0,101.9,302.0,49.3,276.0,17.0,199.0,24.3,346.0,34.7,190.0,97.1,19.0,48.1,41.0,21.4,7.0,31.8,246.0,32.3,112.0,32.9,235.0,49.3,276.0,70.7,248.0,9.3,169.0,9.7,211.0,7.3,192.0,5.7,140.0,53.5,150.0,39.0,191.0,19.9,172.0,48.8,187.0,31.2,190.0,19.9,175.0,50.1,131.0,30.0,234.0,WCC,32.0,66.0,48.2,44.0,74.1,271.0,14.0,14.0,11.3,49.0,10.1,2.0,6.0,179.0,54.0,224.0,37.5,116.0,97.1,19.0,Auburn,"L, 78-65",SEC,67.3,189.0,124.8,14.0,52.3,130.0,14.7,48.0,37.5,12.0,44.2,8.0,105.9,105.0,53.5,285.0,16.1,220.0,31.7,240.0,35.0,177.0,33.9,180.0,53.3,117.0,74.5,103.0,12.5,349.0,9.5,185.0,5.2,8.0,5.4,92.0,46.6,307.0,40.2,166.0,23.9,22.0,46.4,255.0,29.7,224.0,19.5,198.0,47.9,232.0,32.6,131.0,SEC,36.5,329.0,52.7,225.0,74.4,287.0,11.7,58.0,10.6,99.0,5.5,352.0,5.9,198.0,51.1,149.0,39.6,189.0,105.9,105.0,2.6,3.1,2.2,3.9,3.6,3.1,17.0,"[14, 20, 17]",19.8,2.449489742783178,3.9698866482558417,"[3.6, 3.9, 2.2, 3.1, 2.6]",,,,
0.0,Brayden Maldonado,6-0,171.0,Sr,29.0,71.2,109.5,23.7,26.2,50.3,55.6,1.9,11.7,19.9,12.6,0.5,2.7,2.3,3.9,29.0,88-98,0.898,65-145,0.448,70-193,0.363,https://kenpom.com/player.php?p=57436,33.0,32.0,31.0,32.0,0.0,0.0,Seattle,WCC,67.8,159.0,101.9,302.0,49.3,276.0,17.0,199.0,24.3,346.0,34.7,190.0,97.1,19.0,48.1,41.0,21.4,7.0,31.8,246.0,32.3,112.0,32.9,235.0,49.3,276.0,70.7,248.0,9.3,169.0,9.7,211.0,7.3,192.0,5.7,140.0,53.5,150.0,39.0,191.0,19.9,172.0,48.8,187.0,31.2,190.0,19.9,175.0,50.1,131.0,30.0,234.0,WCC,32.0,66.0,48.2,44.0,74.1,271.0,14.0,14.0,11.3,49.0,10.1,2.0,6.0,179.0,54.0,224.0,37.5,116.0,97.1,19.0,Auburn,"L, 78-65",SEC,67.3,189.0,124.8,14.0,52.3,130.0,14.7,48.0,37.5,12.0,44.2,8.0,105.9,105.0,53.5,285.0,16.1,220.0,31.7,240.0,35.0,177.0,33.9,180.0,53.3,117.0,74.5,103.0,12.5,349.0,9.5,185.0,5.2,8.0,5.4,92.0,46.6,307.0,40.2,166.0,23.9,22.0,46.4,255.0,29.7,224.0,19.5,198.0,47.9,232.0,32.6,131.0,SEC,36.5,329.0,52.7,225.0,74.4,287.0,11.7,58.0,10.6,99.0,5.5,352.0,5.9,198.0,51.1,149.0,39.6,189.0,105.9,105.0,1.9,1.8,1.8,1.8,0.0,0.0,32.0,"[31, 32, 33]",25.6,0.816496580927726,12.815615474880635,"[0, 1.8, 1.8, 1.8, 1.9]",,,,
33.0,Brock Felder,6-8,256.0,Jr,25.0,12.8,117.7,15.3,15.5,77.8,74.5,10.5,23.0,1.4,23.1,2.8,0.3,4.8,2.4,25.0,4-9,0.444,28-35,0.8,0-1,0.0,https://kenpom.com/player.php?p=55656,0.0,0.0,5.0,0.0,0.0,0.0,Seattle,WCC,67.8,159.0,101.9,302.0,49.3,276.0,17.0,199.0,24.3,346.0,34.7,190.0,97.1,19.0,48.1,41.0,21.4,7.0,31.8,246.0,32.3,112.0,32.9,235.0,49.3,276.0,70.7,248.0,9.3,169.0,9.7,211.0,7.3,192.0,5.7,140.0,53.5,150.0,39.0,191.0,19.9,172.0,48.8,187.0,31.2,190.0,19.9,175.0,50.1,131.0,30.0,234.0,WCC,32.0,66.0,48.2,44.0,74.1,271.0,14.0,14.0,11.3,49.0,10.1,2.0,6.0,179.0,54.0,224.0,37.5,116.0,97.1,19.0,Auburn,"L, 78-65",SEC,67.3,189.0,124.8,14.0,52.3,130.0,14.7,48.0,37.5,12.0,44.2,8.0,105.9,105.0,53.5,285.0,16.1,220.0,31.7,240.0,35.0,177.0,33.9,180.0,53.3,117.0,74.5,103.0,12.5,349.0,9.5,185.0,5.2,8.0,5.4,92.0,46.6,307.0,40.2,166.0,23.9,22.0,46.4,255.0,29.7,224.0,19.5,198.0,47.9,232.0,32.6,131.0,SEC,36.5,329.0,52.7,225.0,74.4,287.0,11.7,58.0,10.6,99.0,5.5,352.0,5.9,198.0,51.1,149.0,39.6,189.0,105.9,105.0,0.0,0.0,0.6,0.0,0.0,0.0,1.6666666666666667,"[5, 0, 0]",1.0,2.357022603955158,2.0,"[0, 0, 0.6, 0, 0]",,,,
6.0,Houran Dan,6-10,230.0,So,32.0,38.3,101.3,19.3,17.3,57.5,59.0,8.7,10.1,4.4,21.5,3.3,1.4,5.9,3.8,46.7,35-56,0.625,69-120,0.575,0-0,0.0,https://kenpom.com/player.php?p=57427,8.0,19.0,18.0,15.0,17.0,23.0,Seattle,WCC,67.8,159.0,101.9,302.0,49.3,276.0,17.0,199.0,24.3,346.0,34.7,190.0,97.1,19.0,48.1,41.0,21.4,7.0,31.8,246.0,32.3,112.0,32.9,235.0,49.3,276.0,70.7,248.0,9.3,169.0,9.7,211.0,7.3,192.0,5.7,140.0,53.5,150.0,39.0,191.0,19.9,172.0,48.8,187.0,31.2,190.0,19.9,175.0,50.1,131.0,30.0,234.0,WCC,32.0,66.0,48.2,44.0,74.1,271.0,14.0,14.0,11.3,49.0,10.1,2.0,6.0,179.0,54.0,224.0,37.5,116.0,97.1,19.0,Auburn,"L, 78-65",SEC,67.3,189.0,124.8,14.0,52.3,130.0,14.7,48.0,37.5,12.0,44.2,8.0,105.9,105.0,53.5,285.0,16.1,220.0,31.7,240.0,35.0,177.0,33.9,180.0,53.3,117.0,74.5,103.0,12.5,349.0,9.5,185.0,5.2,8.0,5.4,92.0,46.6,307.0,40.2,166.0,23.9,22.0,46.4,255.0,29.7,224.0,19.5,198.0,47.9,232.0,32.6,131.0,SEC,36.5,329.0,52.7,225.0,74.4,287.0,11.7,58.0,10.6,99.0,5.5,352.0,5.9,198.0,51.1,149.0,39.6,189.0,105.9,105.0,1.2,2.8,2.7,2.2,2.5,3.4,15.0,"[18, 19, 8]",15.4,4.96655480858378,3.9293765408777,"[2.5, 2.2, 2.7, 2.8, 1.2]",,,,
11.0,John Christofilis,6-3,205.0,Sr,32.0,40.3,105.9,16.5,22.6,51.8,53.9,1.1,5.9,2.8,6.8,0.4,0.8,1.2,2.1,13.3,18-22,0.818,21-55,0.382,43-110,0.391,https://kenpom.com/player.php?p=50813,28.0,13.0,10.0,17.0,21.0,28.0,Seattle,WCC,67.8,159.0,101.9,302.0,49.3,276.0,17.0,199.0,24.3,346.0,34.7,190.0,97.1,19.0,48.1,41.0,21.4,7.0,31.8,246.0,32.3,112.0,32.9,235.0,49.3,276.0,70.7,248.0,9.3,169.0,9.7,211.0,7.3,192.0,5.7,140.0,53.5,150.0,39.0,191.0,19.9,172.0,48.8,187.0,31.2,190.0,19.9,175.0,50.1,131.0,30.0,234.0,WCC,32.0,66.0,48.2,44.0,74.1,271.0,14.0,14.0,11.3,49.0,10.1,2.0,6.0,179.0,54.0,224.0,37.5,116.0,97.1,19.0,Auburn,"L, 78-65",SEC,67.3,189.0,124.8,14.0,52.3,130.0,14.7,48.0,37.5,12.0,44.2,8.0,105.9,105.0,53.5,285.0,16.1,220.0,31.7,240.0,35.0,177.0,33.9,180.0,53.3,117.0,74.5,103.0,12.5,349.0,9.5,185.0,5.2,8.0,5.4,92.0,46.6,307.0,40.2,166.0,23.9,22.0,46.4,255.0,29.7,224.0,19.5,198.0,47.9,232.0,32.6,131.0,SEC,36.5,329.0,52.7,225.0,74.4,287.0,11.7,58.0,10.6,99.0,5.5,352.0,5.9,198.0,51.1,149.0,39.6,189.0,105.9,105.0,0.8,0.4,0.3,0.5,0.6,0.8,17.0,"[10, 13, 28]",17.8,7.874007874011811,6.305553108173779,"[0.6, 0.5, 0.3, 0.4, 0.8]",,,,
5.0,Jojo Murphy,6-2,180.0,Sr,32.0,37.3,100.6,20.2,21.5,46.9,50.8,3.9,13.8,16.3,15.1,0.5,2.9,2.2,3.1,25.5,29-37,0.784,32-70,0.457,24-75,0.32,https://kenpom.com/player.php?p=59106,18.0,15.0,28.0,31.0,34.0,38.0,Seattle,WCC,67.8,159.0,101.9,302.0,49.3,276.0,17.0,199.0,24.3,346.0,34.7,190.0,97.1,19.0,48.1,41.0,21.4,7.0,31.8,246.0,32.3,112.0,32.9,235.0,49.3,276.0,70.7,248.0,9.3,169.0,9.7,211.0,7.3,192.0,5.7,140.0,53.5,150.0,39.0,191.0,19.9,172.0,48.8,187.0,31.2,190.0,19.9,175.0,50.1,131.0,30.0,234.0,WCC,32.0,66.0,48.2,44.0,74.1,271.0,14.0,14.0,11.3,49.0,10.1,2.0,6.0,179.0,54.0,224.0,37.5,116.0,97.1,19.0,Auburn,"L, 78-65",SEC,67.3,189.0,124.8,14.0,52.3,130.0,14.7,48.0,37.5,12.0,44.2,8.0,105.9,105.0,53.5,285.0,16.1,220.0,31.7,240.0,35.0,177.0,33.9,180.0,53.3,117.0,74.5,103.0,12.5,349.0,9.5,185.0,5.2,8.0,5.4,92.0,46.6,307.0,40.2,166.0,23.9,22.0,46.4,255.0,29.7,224.0,19.5,198.0,47.9,232.0,32.6,131.0,SEC,36.5,329.0,52.7,225.0,74.4,287.0,11.7,58.0,10.6,99.0,5.5,352.0,5.9,198.0,51.1,149.0,39.6,189.0,105.9,105.0,1.0,0.8,1.5,1.7,1.9,2.1,20.333333333333332,"[28, 15, 18]",25.2,5.557777333511022,7.413501197140255,"[1.9, 1.7, 1.5, 0.8, 1]",,,,
21.0,JunSeok Yeo,6-8,218.0,Sr,31.0,77.0,96.2,21.5,22.6,50.6,53.2,3.2,12.0,10.4,18.3,1.5,0.9,2.5,3.4,28.2,61-89,0.685,86-147,0.585,49-168,0.292,https://kenpom.com/player.php?p=55569,37.0,32.0,33.0,0.0,32.0,25.0,Seattle,WCC,67.8,159.0,101.9,302.0,49.3,276.0,17.0,199.0,24.3,346.0,34.7,190.0,97.1,19.0,48.1,41.0,21.4,7.0,31.8,246.0,32.3,112.0,32.9,235.0,49.3,276.0,70.7,248.0,9.3,169.0,9.7,211.0,7.3,192.0,5.7,140.0,53.5,150.0,39.0,191.0,19.9,172.0,48.8,187.0,31.2,190.0,19.9,175.0,50.1,131.0,30.0,234.0,WCC,32.0,66.0,48.2,44.0,74.1,271.0,14.0,14.0,11.3,49.0,10.1,2.0,6.0,179.0,54.0,224.0,37.5,116.0,97.1,19.0,Auburn,"L, 78-65",SEC,67.3,189.0,124.8,14.0,52.3,130.0,14.7,48.0,37.5,12.0,44.2,8.0,105.9,105.0,53.5,285.0,16.1,220.0,31.7,240.0,35.0,177.0,33.9,180.0,53.3,117.0,74.5,103.0,12.5,349.0,9.5,185.0,5.2,8.0,5.4,92.0,46.6,307.0,40.2,166.0,23.9,22.0,46.4,255.0,29.7,224.0,19.5,198.0,47.9,232.0,32.6,131.0,SEC,36.5,329.0,52.7,225.0,74.4,287.0,11.7,58.0,10.6,99.0,5.5,352.0,5.9,198.0,51.1,149.0,39.6,189.0,105.9,105.0,2.3,2.0,2.1,0.0,2.0,1.6,34.0,"[33, 32, 37]",26.8,2.160246899469287,13.526270735128733,"[2, 0, 2.1, 2, 2.3]",,,,
1.0,Maleek Arington,6-3,215.0,Sr,32.0,76.5,99.8,13.0,9.0,34.8,46.2,2.6,10.0,22.8,21.5,0.3,4.3,3.2,3.0,70.4,67-88,0.761,21-76,0.276,15-49,0.306,https://kenpom.com/player.php?p=52566,32.0,34.0,28.0,31.0,31.0,23.0,Seattle,WCC,67.8,159.0,101.9,302.0,49.3,276.0,17.0,199.0,24.3,346.0,34.7,190.0,97.1,19.0,48.1,41.0,21.4,7.0,31.8,246.0,32.3,112.0,32.9,235.0,49.3,276.0,70.7,248.0,9.3,169.0,9.7,211.0,7.3,192.0,5.7,140.0,53.5,150.0,39.0,191.0,19.9,172.0,48.8,187.0,31.2,190.0,19.9,175.0,50.1,131.0,30.0,234.0,WCC,32.0,66.0,48.2,44.0,74.1,271.0,14.0,14.0,11.3,49.0,10.1,2.0,6.0,179.0,54.0,224.0,37.5,116.0,97.1,19.0,Auburn,"L, 78-65",SEC,67.3,189.0,124.8,14.0,52.3,130.0,14.7,48.0,37.5,12.0,44.2,8.0,105.9,105.0,53.5,285.0,16.1,220.0,31.7,240.0,35.0,177.0,33.9,180.0,53.3,117.0,74.5,103.0,12.5,349.0,9.5,185.0,5.2,8.0,5.4,92.0,46.6,307.0,40.2,166.0,23.9,22.0,46.4,255.0,29.7,224.0,19.5,198.0,47.9,232.0,32.6,131.0,SEC,36.5,329.0,52.7,225.0,74.4,287.0,11.7,58.0,10.6,99.0,5.5,352.0,5.9,198.0,51.1,149.0,39.6,189.0,105.9,105.0,2.6,2.7,2.2,2.5,2.5,1.8,31.333333333333332,"[28, 34, 32]",31.2,2.494438257849294,1.9390719429665315,"[2.5, 2.5, 2.2, 2.7, 2.6]",,,,
2.0,Miles Amos,6-2,200.0,Jr,29.0,22.6,81.8,12.5,8.8,51.4,51.1,3.6,14.7,8.1,31.9,0.0,2.6,4.5,2.6,58.3,10-21,0.476,11-24,0.458,5-12,0.417,https://kenpom.com/player.php?p=59105,1.0,0.0,0.0,14.0,11.0,16.0,Seattle,WCC,67.8,159.0,101.9,302.0,49.3,276.0,17.0,199.0,24.3,346.0,34.7,190.0,97.1,19.0,48.1,41.0,21.4,7.0,31.8,246.0,32.3,112.0,32.9,235.0,49.3,276.0,70.7,248.0,9.3,169.0,9.7,211.0,7.3,192.0,5.7,140.0,53.5,150.0,39.0,191.0,19.9,172.0,48.8,187.0,31.2,190.0,19.9,175.0,50.1,131.0,30.0,234.0,WCC,32.0,66.0,48.2,44.0,74.1,271.0,14.0,14.0,11.3,49.0,10.1,2.0,6.0,179.0,54.0,224.0,37.5,116.0,97.1,19.0,Auburn,"L, 78-65",SEC,67.3,189.0,124.8,14.0,52.3,130.0,14.7,48.0,37.5,12.0,44.2,8.0,105.9,105.0,53.5,285.0,16.1,220.0,31.7,240.0,35.0,177.0,33.9,180.0,53.3,117.0,74.5,103.0,12.5,349.0,9.5,185.0,5.2,8.0,5.4,92.0,46.6,307.0,40.2,166.0,23.9,22.0,46.4,255.0,29.7,224.0,19.5,198.0,47.9,232.0,32.6,131.0,SEC,36.5,329.0,52.7,225.0,74.4,287.0,11.7,58.0,10.6,99.0,5.5,352.0,5.9,198.0,51.1,149.0,39.6,189.0,105.9,105.0,0.1,0.0,0.0,1.6,1.2,1.8,0.3333333333333333,"[0, 0, 1]",5.2,0.4714045207910317,6.04648658313239,"[1.2, 1.6, 0, 0, 0.1]",,,,
,Ray Adams,,,,,,,,,,,,,,,,,,,,,,,,,,,0.0,0.0,0.0,0.0,0.0,0.0,Seattle,WCC,67.8,159.0,101.9,302.0,49.3,276.0,17.0,199.0,24.3,346.0,34.7,190.0,97.1,19.0,48.1,41.0,21.4,7.0,31.8,246.0,32.3,112.0,32.9,235.0,49.3,276.0,70.7,248.0,9.3,169.0,9.7,211.0,7.3,192.0,5.7,140.0,53.5,150.0,39.0,191.0,19.9,172.0,48.8,187.0,31.2,190.0,19.9,175.0,50.1,131.0,30.0,234.0,WCC,32.0,66.0,48.2,44.0,74.1,271.0,14.0,14.0,11.3,49.0,10.1,2.0,6.0,179.0,54.0,224.0,37.5,116.0,97.1,19.0,Auburn,"L, 78-65",SEC,67.3,189.0,124.8,14.0,52.3,130.0,14.7,48.0,37.5,12.0,44.2,8.0,105.9,105.0,53.5,285.0,16.1,220.0,31.7,240.0,35.0,177.0,33.9,180.0,53.3,117.0,74.5,103.0,12.5,349.0,9.5,185.0,5.2,8.0,5.4,92.0,46.6,307.0,40.2,166.0,23.9,22.0,46.4,255.0,29.7,224.0,19.5,198.0,47.9,232.0,32.6,131.0,SEC,36.5,329.0,52.7,225.0,74.4,287.0,11.7,58.0,10.6,99.0,5.5,352.0,5.9,198.0,51.1,149.0,39.6,189.0,105.9,105.0,0.0,0.0,0.0,0.0,0.0,0.0,0.0,"[0, 0, 0]",0.0,0.0,0.0,"[0, 0, 0, 0, 0]",,,,
,Stratos Papastavrou,,,,,,,,,,,,,,,,,,,,,,,,,,,0.0,0.0,0.0,0.0,0.0,0.0,Seattle,WCC,67.8,159.0,101.9,302.0,49.3,276.0,17.0,199.0,24.3,346.0,34.7,190.0,97.1,19.0,48.1,41.0,21.4,7.0,31.8,246.0,32.3,112.0,32.9,235.0,49.3,276.0,70.7,248.0,9.3,169.0,9.7,211.0,7.3,192.0,5.7,140.0,53.5,150.0,39.0,191.0,19.9,172.0,48.8,187.0,31.2,190.0,19.9,175.0,50.1,131.0,30.0,234.0,WCC,32.0,66.0,48.2,44.0,74.1,271.0,14.0,14.0,11.3,49.0,10.1,2.0,6.0,179.0,54.0,224.0,37.5,116.0,97.1,19.0,Auburn,"L, 78-65",SEC,67.3,189.0,124.8,14.0,52.3,130.0,14.7,48.0,37.5,12.0,44.2,8.0,105.9,105.0,53.5,285.0,16.1,220.0,31.7,240.0,35.0,177.0,33.9,180.0,53.3,117.0,74.5,103.0,12.5,349.0,9.5,185.0,5.2,8.0,5.4,92.0,46.6,307.0,40.2,166.0,23.9,22.0,46.4,255.0,29.7,224.0,19.5,198.0,47.9,232.0,32.6,131.0,SEC,36.5,329.0,52.7,225.0,74.4,287.0,11.7,58.0,10.6,99.0,5.5,352.0,5.9,198.0,51.1,149.0,39.6,189.0,105.9,105.0,0.0,0.0,0.0,0.0,0.0,0.0,0.0,"[0, 0, 0]",0.0,0.0,0.0,"[0, 0, 0, 0, 0]",,,,
15.0,Will Heimbrodt,6-7,220.0,So,31.0,77.0,89.0,25.7,25.3,44.2,47.0,3.8,16.3,15.6,17.6,9.6,2.5,3.0,4.6,38.8,81-137,0.591,132-294,0.449,16-59,0.271,https://kenpom.com/player.php?p=54786,26.0,35.0,32.0,35.0,31.0,27.0,Seattle,WCC,67.8,159.0,101.9,302.0,49.3,276.0,17.0,199.0,24.3,346.0,34.7,190.0,97.1,19.0,48.1,41.0,21.4,7.0,31.8,246.0,32.3,112.0,32.9,235.0,49.3,276.0,70.7,248.0,9.3,169.0,9.7,211.0,7.3,192.0,5.7,140.0,53.5,150.0,39.0,191.0,19.9,172.0,48.8,187.0,31.2,190.0,19.9,175.0,50.1,131.0,30.0,234.0,WCC,32.0,66.0,48.2,44.0,74.1,271.0,14.0,14.0,11.3,49.0,10.1,2.0,6.0,179.0,54.0,224.0,37.5,116.0,97.1,19.0,Auburn,"L, 78-65",SEC,67.3,189.0,124.8,14.0,52.3,130.0,14.7,48.0,37.5,12.0,44.2,8.0,105.9,105.0,53.5,285.0,16.1,220.0,31.7,240.0,35.0,177.0,33.9,180.0,53.3,117.0,74.5,103.0,12.5,349.0,9.5,185.0,5.2,8.0,5.4,92.0,46.6,307.0,40.2,166.0,23.9,22.0,46.4,255.0,29.7,224.0,19.5,198.0,47.9,232.0,32.6,131.0,SEC,36.5,329.0,52.7,225.0,74.4,287.0,11.7,58.0,10.6,99.0,5.5,352.0,5.9,198.0,51.1,149.0,39.6,189.0,105.9,105.0,2.0,2.6,2.4,2.6,2.3,2.0,31.0,"[32, 35, 26]",31.8,3.7416573867739413,3.3105890714493698,"[2.3, 2.6, 2.4, 2.6, 2]",,,,
,Yuto Kawashima,,,,,,,,,,,,,,,,,,,,,,,,,,,0.0,0.0,0.0,0.0,0.0,0.0,Seattle,WCC,67.8,159.0,101.9,302.0,49.3,276.0,17.0,199.0,24.3,346.0,34.7,190.0,97.1,19.0,48.1,41.0,21.4,7.0,31.8,246.0,32.3,112.0,32.9,235.0,49.3,276.0,70.7,248.0,9.3,169.0,9.7,211.0,7.3,192.0,5.7,140.0,53.5,150.0,39.0,191.0,19.9,172.0,48.8,187.0,31.2,190.0,19.9,175.0,50.1,131.0,30.0,234.0,WCC,32.0,66.0,48.2,44.0,74.1,271.0,14.0,14.0,11.3,49.0,10.1,2.0,6.0,179.0,54.0,224.0,37.5,116.0,97.1,19.0,Auburn,"L, 78-65",SEC,67.3,189.0,124.8,14.0,52.3,130.0,14.7,48.0,37.5,12.0,44.2,8.0,105.9,105.0,53.5,285.0,16.1,220.0,31.7,240.0,35.0,177.0,33.9,180.0,53.3,117.0,74.5,103.0,12.5,349.0,9.5,185.0,5.2,8.0,5.4,92.0,46.6,307.0,40.2,166.0,23.9,22.0,46.4,255.0,29.7,224.0,19.5,198.0,47.9,232.0,32.6,131.0,SEC,36.5,329.0,52.7,225.0,74.4,287.0,11.7,58.0,10.6,99.0,5.5,352.0,5.9,198.0,51.1,149.0,39.6,189.0,105.9,105.0,0.0,0.0,0.0,0.0,0.0,0.0,0.0,"[0, 0, 0]",0.0,0.0,0.0,"[0, 0, 0, 0, 0]",,,,
