,,,,,,,,,,,,,,,,,,,,,,,,,,,,,,,,,,,,,,,,,,,,,,,,,,,,,,,,,,,,,,,,,,,,,,,,,,,,,,,,,,,,,,,,,,,,,,,,,,,,,,,,,,,,,,,,,,,,,,,,,,,,,,,,,,,,,,,,,,
Name,Team,WARN,Number,Ht,Wt,Yr,G,%Min,ORtg,%Poss,%Shots,eFG%,TS%,OR%,DR%,ARate,TORate,Blk%,Stl%,FC/40,FD/40,FTRate,FTM-A,Pct,2PM-A,Player.2Pt%,3PM-A,Player.3Pt%,Game -1,Game -2,Game -3,Game -4,Game -5,Game -6,Team.Conference,Team.AdjTempo,Team.AdjTempo.Rank,Team.AdjOE,Team.AdjOE.Rank,Team.Off-eFG%,Team.Off-eFG%.Rank,Team.Off-TO%,Team.Off-TO%.Rank,Team.Off-OR%,Team.Off-OR%.Rank,Team.Off-FTRate,Team.Off-FTRate.Rank,Team.AdjDE,Team.AdjDE.Rank,Team.Def-eFG%,Team.Def-eFG%.Rank,Team.Def-TO%,Team.Def-TO%.Rank,Team.Def-OR%,Team.Def-OR%.Rank,Team.Def-FTRate,Team.Def-FTRate.Rank,Team.3P%,Team.3P%.Rank,Team.2P%,Team.2P%.Rank,Team.FT%,Team.FT%.Rank,Team.Blk%,Team.Blk%.Rank,Team.Stl%,Team.Stl%.Rank,Team.NST%,Team.NST%.Rank,Team.A%,Team.A%.Rank,Team.3PA%,Team.3PA%.Rank,Team.Off-FT,Team.Off-FT.Rank,Team.Off-2P,Team.Off-2P.Rank,Team.Off-3P,Team.Off-3P.Rank,Team.Def-FT,Team.Def-FT.Rank,Team.Def-2P,Team.Def-2P.Rank,Team.Def-3P,Team.Def-3P.Rank,NextOpponent,KenPomResult,Opponent.Conference,Opponent.AdjTempo,Opponent.AdjTempo.Rank,Opponent.AdjOE,Opponent.AdjOE.Rank,Opponent.Off-eFG%,Opponent.Off-eFG%.Rank,Opponent.Off-TO%,Opponent.Off-TO%.Rank,Opponent.Off-OR%,Opponent.Off-OR%.Rank,Opponent.Off-FTRate,Opponent.Off-FTRate.Rank,Opponent.AdjDE,Opponent.AdjDE.Rank,Opponent.Def-eFG%,Opponent.Def-eFG%.Rank,Opponent.Def-TO%,Opponent.Def-TO%.Rank,Opponent.Def-OR%,Opponent.Def-OR%.Rank,Opponent.Def-FTRate,Opponent.Def-FTRate.Rank,Opponent.3P%,Opponent.3P%.Rank,Opponent.2P%,Opponent.2P%.Rank,Opponent.FT%,Opponent.FT%.Rank,Opponent.Blk%,Opponent.Blk%.Rank,Opponent.Stl%,Opponent.Stl%.Rank,Opponent.NST%,Opponent.NST%.Rank,Opponent.A%,Opponent.A%.Rank,Opponent.3PA%,Opponent.3PA%.Rank,Opponent.Off-FT,Opponent.Off-FT.Rank,Opponent.Off-2P,Opponent.Off-2P.Rank,Opponent.Off-3P,Opponent.Off-3P.Rank,Opponent.Def-FT,Opponent.Def-FT.Rank,Opponent.Def-2P,Opponent.Def-2P.Rank,Opponent.Def-3P,Opponent.Def-3P.Rank
Kevin McCullar,Texas+Tech,,15,6-6,210,Jr,28,56.9,101.9,20.9,20.9,45.1,49.9,4,14.4,20.0387,18.9,1.2,2.9251,3.6,3.9,37.3,64-88,0.727,66-150,0.44,27-86,0.314,33,18,33,30,18,0,B12,66.5,217,110.3,46,52.7,62,20,285,33.1,40,35.8,47,84.4,1,45.4,17,23.5,11,26,84,31.9,228,32.2,252,55,22,70,233,7.1,43,10,259,10,269,52.7,134,34.2,261,19.2,102,55.4,59,25.3,318,19.4,95,42.4,356,38.2,17,Duke,"W, 69-68",ACC,67.4,167,120.3,4,55.9,10,15.1,21,32,58,28.5,236,95.5,43,46.9,42,15.9,309,28.9,217,18.7,2,37,29,56.1,9,73.4,117,8.1,101,9.1,145,6,3,57,45,36.3,209,15.7,292,53.9,94,30.3,208,12,356,57.9,11,30.1,213
Trevor Keels,Duke,,1,6-4,221,Fr,33,70.5,110.9488,20.2,21.2,49.4,52.1,3.4,9.4,15.6,12.3247,0.2,2.4485,1.674,3.3,28.9,64-94,0.681,84-165,0.509,51-160,0.319,25,21,35,33,35,36,ACC,67.4,167,120.3,4,55.9,10,15.1,21,32,58,28.5,236,95.5,43,46.9,42,15.9,309,28.9,217,18.7,2,37,29,56.1,9,73.4,117,8.1,101,9.1,145,6,3,57,45,36.3,209,15.7,292,53.9,94,30.3,208,12,356,57.9,11,30.1,213,Texas Tech,"L, 69-68",B12,66.5,217,110.3,46,52.7,62,20,285,33.1,40,35.8,47,84.4,1,45.4,17,23.5,11,26,84,31.9,228,32.2,252,55,22,70,233,7.1,43,10,259,10,269,52.7,134,34.2,261,19.2,102,55.4,59,25.3,318,19.4,95,42.4,356,38.2,17
Bryson Williams,Texas+Tech,,11,6-8,240,Sr,36,62.7,119.1129,23.8472,29.3117,58.998,61.1109,6.7,12.9,9.4,12.6288,2,1.2,3.5,3.9,25.8,71-94,0.755,158-272,0.581247,38-93,0.409142,23,17,31,28,19,24,B12,66.5,217,110.3,46,52.7,62,20,285,33.1,40,35.8,47,84.4,1,45.4,17,23.5,11,26,84,31.9,228,32.2,252,55,22,70,233,7.1,43,10,259,10,269,52.7,134,34.2,261,19.2,102,55.4,59,25.3,318,19.4,95,42.4,356,38.2,17,Duke,"W, 69-68",ACC,67.4,167,120.3,4,55.9,10,15.1,21,32,58,28.5,236,95.5,43,46.9,42,15.9,309,28.9,217,18.7,2,37,29,56.1,9,73.4,117,8.1,101,9.1,145,6,3,57,45,36.3,209,15.7,292,53.9,94,30.3,208,12,356,57.9,11,30.1,213
Adonis Arms,Texas+Tech,,25,6-5,200,Sr,36,63,105.3,19.8,19.1,51.2,54.9,4.3,15.4,20.038,21.9,2,2.2,1.916,3.3,32.5482,58-78,0.744,75-139,0.54,32-101,0.317,28,25,29,31,22,35,B12,66.5,217,110.3,46,52.7,62,20,285,33.1,40,35.8,47,84.4,1,45.4,17,23.5,11,26,84,31.9,228,32.2,252,55,22,70,233,7.1,43,10,259,10,269,52.7,134,34.2,261,19.2,102,55.4,59,25.3,318,19.4,95,42.4,356,38.2,17,Duke,"W, 69-68",ACC,67.4,167,120.3,4,55.9,10,15.1,21,32,58,28.5,236,95.5,43,46.9,42,15.9,309,28.9,217,18.7,2,37,29,56.1,9,73.4,117,8.1,101,9.1,145,6,3,57,45,36.3,209,15.7,292,53.9,94,30.3,208,12,356,57.9,11,30.1,213
Azuolas Tubelis,Arizona,,10,6-11,245,Fr,35,59.3,112.2403,26.8195,27.0247,56.6,58.8,9.623,16.8,17.6,17.4,2.743,2.4,3.2,5.3117,40.3,95-143,0.664,186-318,0.58523,10-37,0.27,16,20,28,35,22,22,P12,72.5,5,119.1,7,55.9,9,18.2,166,34.5,15,34.8,56,92.2,19,44.1,7,17.4,234,28.4,193,23.5,30,35.3,77,57.6,5,73.9,103,7.1,41,9.5,207,8.7,148,65,2,35.8,227,18.7,132,53.8,99,27.6,268,15.2,307,52.4,127,32.4,137,Houston,"L, 74-73",Amer,64,334,117.9,10,53.6,31,16.9,70,37.7,3,28.6,231,90.3,10,43.6,3,21.8,29,27.5,146,34.7,286,34.2,138,55,20,66.7,327,6.3,8,9.1,144,7.8,59,59,22,38.9,143,15.1,315,53.2,113,31.7,169,22,24,44.9,339,33.1,111
Dalen Terry,Arizona,,4,6-7,195,Fr,36,68.2,120.693,15,14.6,55.5237,57.5319,4.8,13,22.2284,17.7,1.1,2.5405,3.3,2.3,22.3,36-49,0.735,83-146,0.568309,26-74,0.351,42,36,36,27,31,23,P12,72.5,5,119.1,7,55.9,9,18.2,166,34.5,15,34.8,56,92.2,19,44.1,7,17.4,234,28.4,193,23.5,30,35.3,77,57.6,5,73.9,103,7.1,41,9.5,207,8.7,148,65,2,35.8,227,18.7,132,53.8,99,27.6,268,15.2,307,52.4,127,32.4,137,Houston,"L, 74-73",Amer,64,334,117.9,10,53.6,31,16.9,70,37.7,3,28.6,231,90.3,10,43.6,3,21.8,29,27.5,146,34.7,286,34.2,138,55,20,66.7,327,6.3,8,9.1,144,7.8,59,59,22,38.9,143,15.1,315,53.2,113,31.7,169,22,24,44.9,339,33.1,111
Taze Moore,Houston,,4,6-5,195,Sr,34,70.8,114.9273,18.9,20.7,51.9,53.3,5.9,12.1,17.4,15.1,2.7433,3.1153,3.1,2.3,13.3,30-42,0.714,101-184,0.549441,42-132,0.318,33,36,32,32,34,33,Amer,64,334,117.9,10,53.6,31,16.9,70,37.7,3,28.6,231,90.3,10,43.6,3,21.8,29,27.5,146,34.7,286,34.2,138,55,20,66.7,327,6.3,8,9.1,144,7.8,59,59,22,38.9,143,15.1,315,53.2,113,31.7,169,22,24,44.9,339,33.1,111,Arizona,"W, 74-73",P12,72.5,5,119.1,7,55.9,9,18.2,166,34.5,15,34.8,56,92.2,19,44.1,7,17.4,234,28.4,193,23.5,30,35.3,77,57.6,5,73.9,103,7.1,41,9.5,207,8.7,148,65,2,35.8,227,18.7,132,53.8,99,27.6,268,15.2,307,52.4,127,32.4,137
Stanley Umude,Arkansas,,0,6-6,210,Sr,35,69.1,105.9,20.3,23.3,53.2409,55.5484,4.7,14.5,7.9,15.2,3.3322,2.1,3.2,3.3,24.5,59-83,0.711,104-203,0.512,51-136,0.37538,40,40,35,20,36,39,SEC,70.7,28,109.9,54,48.7,237,17.1,89,30,112,38.3,15,91.2,14,47.4,64,20.5,59,25.2,63,31.9,226,30.5,314,50.3,149,75.9,44,8.7,146,9.2,154,7.9,67,53.1,119,34.3,259,23,6,52.3,132,24.7,328,19.6,87,47.6,277,32.8,127,Gonzaga,"L, 82-72",WCC,72.5,6,122.2,1,59.3,1,15.5,29,29.3,143,30.6,162,89.8,9,43,1,16.4,296,23.4,25,22.9,22,37.4,22,61,1,71.2,188,6.9,30,8.2,64,7.3,34,55.7,65,35.4,236,15.5,302,56.1,48,28.3,250,15.7,292,54.4,63,29.9,227
Au'Diese Toney,Arkansas,,5,6-6,205,Sr,34,77.9394,118.8143,15.2,13.7,54.9269,61.693,7.8415,10.2,4.5,14.7,1.7,1,2.5,4.2469,65.818,117-148,0.791345,110-196,0.561352,9-29,0.31,40,40,39,38,0,39,SEC,70.7,28,109.9,54,48.7,237,17.1,89,30,112,38.3,15,91.2,14,47.4,64,20.5,59,25.2,63,31.9,226,30.5,314,50.3,149,75.9,44,8.7,146,9.2,154,7.9,67,53.1,119,34.3,259,23,6,52.3,132,24.7,328,19.6,87,47.6,277,32.8,127,Gonzaga,"L, 82-72",WCC,72.5,6,122.2,1,59.3,1,15.5,29,29.3,143,30.6,162,89.8,9,43,1,16.4,296,23.4,25,22.9,22,37.4,22,61,1,71.2,188,6.9,30,8.2,64,7.3,34,55.7,65,35.4,236,15.5,302,56.1,48,28.3,250,15.7,292,54.4,63,29.9,227
Paolo Banchero,Duke,,5,6-10,250,Fr,36,81.1247,110,27.7144,26.8266,51.8,55.4499,6.6,19.429,17.9,16.1,2.7443,1.9,2.4465,4.7244,35.9357,123-170,0.724,188-353,0.533,38-120,0.317,38,33,37,38,35,38,ACC,67.4,167,120.3,4,55.9,10,15.1,21,32,58,28.5,236,95.5,43,46.9,42,15.9,309,28.9,217,18.7,2,37,29,56.1,9,73.4,117,8.1,101,9.1,145,6,3,57,45,36.3,209,15.7,292,53.9,94,30.3,208,12,356,57.9,11,30.1,213,Texas Tech,"L, 69-68",B12,66.5,217,110.3,46,52.7,62,20,285,33.1,40,35.8,47,84.4,1,45.4,17,23.5,11,26,84,31.9,228,32.2,252,55,22,70,233,7.1,43,10,259,10,269,52.7,134,34.2,261,19.2,102,55.4,59,25.3,318,19.4,95,42.4,356,38.2,17
Mark Williams,Duke,,15,7-0,242,So,36,57.9,140.02,18.8,19.4,71.4,72.2,13.641,21.2182,7.9,11.6176,11.916,1.2,3.4,3,28.6,52-70,0.743,175-244,0.7176,0-1,0,30,32,19,32,33,26,ACC,67.4,167,120.3,4,55.9,10,15.1,21,32,58,28.5,236,95.5,43,46.9,42,15.9,309,28.9,217,18.7,2,37,29,56.1,9,73.4,117,8.1,101,9.1,145,6,3,57,45,36.3,209,15.7,292,53.9,94,30.3,208,12,356,57.9,11,30.1,213,Texas Tech,"L, 69-68",B12,66.5,217,110.3,46,52.7,62,20,285,33.1,40,35.8,47,84.4,1,45.4,17,23.5,11,26,84,31.9,228,32.2,252,55,22,70,233,7.1,43,10,259,10,269,52.7,134,34.2,261,19.2,102,55.4,59,25.3,318,19.4,95,42.4,356,38.2,17
Rasir Bolton,Gonzaga,,45,6-3,185,Sr,31,67.8,124.835,16.7,17.9,64.321,66.614,1.2,7.7,12.6,15.5,0.1,1.2,2.8,3,25.5,49-60,0.817,58-103,0.563339,62-132,0.47012,33,30,30,26,38,33,WCC,72.5,6,122.2,1,59.3,1,15.5,29,29.3,143,30.6,162,89.8,9,43,1,16.4,296,23.4,25,22.9,22,37.4,22,61,1,71.2,188,6.9,30,8.2,64,7.3,34,55.7,65,35.4,236,15.5,302,56.1,48,28.3,250,15.7,292,54.4,63,29.9,227,Arkansas,"W, 82-72",SEC,70.7,28,109.9,54,48.7,237,17.1,89,30,112,38.3,15,91.2,14,47.4,64,20.5,59,25.2,63,31.9,226,30.5,314,50.3,149,75.9,44,8.7,146,9.2,154,7.9,67,53.1,119,34.3,259,23,6,52.3,132,24.7,328,19.6,87,47.6,277,32.8,127
Christian Koloko,Arizona,,35,7-1,230,So,36,62.7,124.047,20.8,20.3,64.222,66.516,12.763,18.04,9.7,16.8,10.424,1.6,4.4,4.5317,45.4156,94-128,0.734,181-279,0.64945,0-3,0,40,31,32,30,32,15,P12,72.5,5,119.1,7,55.9,9,18.2,166,34.5,15,34.8,56,92.2,19,44.1,7,17.4,234,28.4,193,23.5,30,35.3,77,57.6,5,73.9,103,7.1,41,9.5,207,8.7,148,65,2,35.8,227,18.7,132,53.8,99,27.6,268,15.2,307,52.4,127,32.4,137,Houston,"L, 74-73",Amer,64,334,117.9,10,53.6,31,16.9,70,37.7,3,28.6,231,90.3,10,43.6,3,21.8,29,27.5,146,34.7,286,34.2,138,55,20,66.7,327,6.3,8,9.1,144,7.8,59,59,22,38.9,143,15.1,315,53.2,113,31.7,169,22,24,44.9,339,33.1,111
Caleb Houstan,Michigan,,22,6-8,205,Fr,33,80.2286,103.9,17.1,18.3,49.1,53.2,3.2,11.8,7.5,16.7,0.8,1.3,2.1277,3,29.9,65-83,0.783394,48-114,0.421,59-164,0.36,32,36,32,33,38,27,B10,66.7,203,114.5,19,52.6,66,17.4,112,30.9,83,29.6,201,97.6,77,49.9,172,14.8,337,23.9,35,25.8,63,33.9,166,53.3,48,75.2,61,8.2,114,8.1,53,9.3,201,52.6,136,32.2,301,17.5,199,56.8,39,25.7,311,15.9,282,55.9,35,28.2,286,Villanova,"L, 71-66",BE,62.6,345,118.3,8,52.3,77,15.6,31,31.2,75,30.4,170,93.6,30,47.5,66,18.8,148,28.3,187,25.1,47,36.2,51,50.5,138,82.6,1,10.8,308,7.4,22,8.1,90,49,225,46.1,20,19.4,93,42,350,38.6,25,16.4,256,49,245,34.6,61
Jamal Shead,Houston,,1,6-1,190,So,36,75.3,112.5386,21,19.5,46.7,50.2,2,9.2,33.728,18.6,1.1,3.4113,3.2,2.9,21.8,55-69,0.797,97-206,0.471,34-111,0.306,37,34,31,30,37,30,Amer,64,334,117.9,10,53.6,31,16.9,70,37.7,3,28.6,231,90.3,10,43.6,3,21.8,29,27.5,146,34.7,286,34.2,138,55,20,66.7,327,6.3,8,9.1,144,7.8,59,59,22,38.9,143,15.1,315,53.2,113,31.7,169,22,24,44.9,339,33.1,111,Arizona,"W, 74-73",P12,72.5,5,119.1,7,55.9,9,18.2,166,34.5,15,34.8,56,92.2,19,44.1,7,17.4,234,28.4,193,23.5,30,35.3,77,57.6,5,73.9,103,7.1,41,9.5,207,8.7,148,65,2,35.8,227,18.7,132,53.8,99,27.6,268,15.2,307,52.4,127,32.4,137
Kyler Edwards,Houston,,11,6-4,195,Sr,35,81.4236,112.5393,21.7,23.8,48.6,51.6,3.3,17,16.8,13.136,1.5,1.9,2.0243,3.7,27.2,81-114,0.711,64-142,0.451,93-277,0.336,38,37,37,34,36,39,Amer,64,334,117.9,10,53.6,31,16.9,70,37.7,3,28.6,231,90.3,10,43.6,3,21.8,29,27.5,146,34.7,286,34.2,138,55,20,66.7,327,6.3,8,9.1,144,7.8,59,59,22,38.9,143,15.1,315,53.2,113,31.7,169,22,24,44.9,339,33.1,111,Arizona,"W, 74-73",P12,72.5,5,119.1,7,55.9,9,18.2,166,34.5,15,34.8,56,92.2,19,44.1,7,17.4,234,28.4,193,23.5,30,35.3,77,57.6,5,73.9,103,7.1,41,9.5,207,8.7,148,65,2,35.8,227,18.7,132,53.8,99,27.6,268,15.2,307,52.4,127,32.4,137
Bennedict Mathurin,Arizona,,0,6-6,210,Fr,36,80.5278,117.2178,23.4,26.4309,54.133,58.1276,5.1,12.7,13.6,13.035,0.8,1.7,2.2354,4.7235,36.2352,131-170,0.771454,133-252,0.528,81-218,0.372415,41,33,39,34,34,27,P12,72.5,5,119.1,7,55.9,9,18.2,166,34.5,15,34.8,56,92.2,19,44.1,7,17.4,234,28.4,193,23.5,30,35.3,77,57.6,5,73.9,103,7.1,41,9.5,207,8.7,148,65,2,35.8,227,18.7,132,53.8,99,27.6,268,15.2,307,52.4,127,32.4,137,Houston,"L, 74-73",Amer,64,334,117.9,10,53.6,31,16.9,70,37.7,3,28.6,231,90.3,10,43.6,3,21.8,29,27.5,146,34.7,286,34.2,138,55,20,66.7,327,6.3,8,9.1,144,7.8,59,59,22,38.9,143,15.1,315,53.2,113,31.7,169,22,24,44.9,339,33.1,111
Wendell Moore,Duke,,0,6-5,213,Jr,36,84.0143,121.966,20.5,18.9,58.0125,61.41,4.2,12.9,22.8257,17,0.6,2.5454,1.9161,3.2,31.6,87-109,0.798304,125-224,0.558372,50-121,0.413113,35,29,36,36,39,35,ACC,67.4,167,120.3,4,55.9,10,15.1,21,32,58,28.5,236,95.5,43,46.9,42,15.9,309,28.9,217,18.7,2,37,29,56.1,9,73.4,117,8.1,101,9.1,145,6,3,57,45,36.3,209,15.7,292,53.9,94,30.3,208,12,356,57.9,11,30.1,213,Texas Tech,"L, 69-68",B12,66.5,217,110.3,46,52.7,62,20,285,33.1,40,35.8,47,84.4,1,45.4,17,23.5,11,26,84,31.9,228,32.2,252,55,22,70,233,7.1,43,10,259,10,269,52.7,134,34.2,261,19.2,102,55.4,59,25.3,318,19.4,95,42.4,356,38.2,17
AJ Griffin,Duke,,21,6-6,222,Fr,36,58.3,127.417,17.4,21.4,62,63.3,4.3,13.4,7.4,9.245,2,1.3,1.8109,2.3,16.6,34-45,0.756,69-126,0.548451,66-145,0.45523,23,33,36,30,22,34,ACC,67.4,167,120.3,4,55.9,10,15.1,21,32,58,28.5,236,95.5,43,46.9,42,15.9,309,28.9,217,18.7,2,37,29,56.1,9,73.4,117,8.1,101,9.1,145,6,3,57,45,36.3,209,15.7,292,53.9,94,30.3,208,12,356,57.9,11,30.1,213,Texas Tech,"L, 69-68",B12,66.5,217,110.3,46,52.7,62,20,285,33.1,40,35.8,47,84.4,1,45.4,17,23.5,11,26,84,31.9,228,32.2,252,55,22,70,233,7.1,43,10,259,10,269,52.7,134,34.2,261,19.2,102,55.4,59,25.3,318,19.4,95,42.4,356,38.2,17
Moussa Diabate,Michigan,,14,6-11,210,Fr,31,58.3,109,20,18.9,55.3,56.9,12.086,17.2493,6.4,17.3,3.5306,0.8,4.4,3.7,39.2,51-82,0.622,111-195,0.569306,3-14,0.214,28,27,33,30,30,24,B10,66.7,203,114.5,19,52.6,66,17.4,112,30.9,83,29.6,201,97.6,77,49.9,172,14.8,337,23.9,35,25.8,63,33.9,166,53.3,48,75.2,61,8.2,114,8.1,53,9.3,201,52.6,136,32.2,301,17.5,199,56.8,39,25.7,311,15.9,282,55.9,35,28.2,286,Villanova,"L, 71-66",BE,62.6,345,118.3,8,52.3,77,15.6,31,31.2,75,30.4,170,93.6,30,47.5,66,18.8,148,28.3,187,25.1,47,36.2,51,50.5,138,82.6,1,10.8,308,7.4,22,8.1,90,49,225,46.1,20,19.4,93,42,350,38.6,25,16.4,256,49,245,34.6,61
Drew Timme,Gonzaga,,2,6-10,235,Jr,31,69.4,116.6203,29.371,28.019,60.263,62.078,7.9391,16.9,17.5,15.9,2.7445,0.5,2.3414,6.233,44.0176,111-166,0.669,215-350,0.614119,8-27,0.296,37,27,30,25,34,32,WCC,72.5,6,122.2,1,59.3,1,15.5,29,29.3,143,30.6,162,89.8,9,43,1,16.4,296,23.4,25,22.9,22,37.4,22,61,1,71.2,188,6.9,30,8.2,64,7.3,34,55.7,65,35.4,236,15.5,302,56.1,48,28.3,250,15.7,292,54.4,63,29.9,227,Arkansas,"W, 82-72",SEC,70.7,28,109.9,54,48.7,237,17.1,89,30,112,38.3,15,91.2,14,47.4,64,20.5,59,25.2,63,31.9,226,30.5,314,50.3,149,75.9,44,8.7,146,9.2,154,7.9,67,53.1,119,34.3,259,23,6,52.3,132,24.7,328,19.6,87,47.6,277,32.8,127
Chet Holmgren,Gonzaga,,34,7-0,195,Fr,31,67.3,124.738,21.6,20.8,68.35,69.52,7.9398,28.519,11.5,18.1,12.88,1.7,3.8,4.2476,35.8362,71-97,0.732,125-169,0.7402,40-102,0.392229,29,28,26,29,32,32,WCC,72.5,6,122.2,1,59.3,1,15.5,29,29.3,143,30.6,162,89.8,9,43,1,16.4,296,23.4,25,22.9,22,37.4,22,61,1,71.2,188,6.9,30,8.2,64,7.3,34,55.7,65,35.4,236,15.5,302,56.1,48,28.3,250,15.7,292,54.4,63,29.9,227,Arkansas,"W, 82-72",SEC,70.7,28,109.9,54,48.7,237,17.1,89,30,112,38.3,15,91.2,14,47.4,64,20.5,59,25.2,63,31.9,226,30.5,314,50.3,149,75.9,44,8.7,146,9.2,154,7.9,67,53.1,119,34.3,259,23,6,52.3,132,24.7,328,19.6,87,47.6,277,32.8,127
Anton Watson,Gonzaga,,22,6-8,225,Jr,31,45.6,119.1131,21,17.6,56.1,59.7,9.5235,16.4,15.8,16,1.6,3.85,4.2,4.9208,53.9,59-84,0.702,80-134,0.597189,5-22,0.227,14,21,24,25,15,15,WCC,72.5,6,122.2,1,59.3,1,15.5,29,29.3,143,30.6,162,89.8,9,43,1,16.4,296,23.4,25,22.9,22,37.4,22,61,1,71.2,188,6.9,30,8.2,64,7.3,34,55.7,65,35.4,236,15.5,302,56.1,48,28.3,250,15.7,292,54.4,63,29.9,227,Arkansas,"W, 82-72",SEC,70.7,28,109.9,54,48.7,237,17.1,89,30,112,38.3,15,91.2,14,47.4,64,20.5,59,25.2,63,31.9,226,30.5,314,50.3,149,75.9,44,8.7,146,9.2,154,7.9,67,53.1,119,34.3,259,23,6,52.3,132,24.7,328,19.6,87,47.6,277,32.8,127
Andrew Nembhard,Gonzaga,,3,6-5,193,Sr,31,79.6316,119.9104,19.7,19.4,54.5298,57.4333,1.7,8.4,26.8129,15.9,0.4,2.6343,2.5,2.7,17.7,46-53,0.868,88-169,0.521,50-130,0.385302,40,37,39,40,40,31,WCC,72.5,6,122.2,1,59.3,1,15.5,29,29.3,143,30.6,162,89.8,9,43,1,16.4,296,23.4,25,22.9,22,37.4,22,61,1,71.2,188,6.9,30,8.2,64,7.3,34,55.7,65,35.4,236,15.5,302,56.1,48,28.3,250,15.7,292,54.4,63,29.9,227,Arkansas,"W, 82-72",SEC,70.7,28,109.9,54,48.7,237,17.1,89,30,112,38.3,15,91.2,14,47.4,64,20.5,59,25.2,63,31.9,226,30.5,314,50.3,149,75.9,44,8.7,146,9.2,154,7.9,67,53.1,119,34.3,259,23,6,52.3,132,24.7,328,19.6,87,47.6,277,32.8,127
Josh Carlton,Houston,,25,6-11,245,Sr,36,53.8,117.6169,26.6214,23.9,62.3,62.2,17.35,15.6,8.3,16.8,7.27,1.3,4.8,5.775,49.8,81-138,0.587,171-276,0.6201,1-1,0.999,20,22,28,25,15,16,Amer,64,334,117.9,10,53.6,31,16.9,70,37.7,3,28.6,231,90.3,10,43.6,3,21.8,29,27.5,146,34.7,286,34.2,138,55,20,66.7,327,6.3,8,9.1,144,7.8,59,59,22,38.9,143,15.1,315,53.2,113,31.7,169,22,24,44.9,339,33.1,111,Arizona,"W, 74-73",P12,72.5,5,119.1,7,55.9,9,18.2,166,34.5,15,34.8,56,92.2,19,44.1,7,17.4,234,28.4,193,23.5,30,35.3,77,57.6,5,73.9,103,7.1,41,9.5,207,8.7,148,65,2,35.8,227,18.7,132,53.8,99,27.6,268,15.2,307,52.4,127,32.4,137
Julian Strawther,Gonzaga,,0,6-7,205,So,31,66.3,123.85,17.7,20.4,60.555,62.081,5.9,15,5.9,9.77,0.7,1.1,3.1,3.4,27.5,50-72,0.694,79-119,0.66435,53-143,0.371424,33,18,36,26,31,30,WCC,72.5,6,122.2,1,59.3,1,15.5,29,29.3,143,30.6,162,89.8,9,43,1,16.4,296,23.4,25,22.9,22,37.4,22,61,1,71.2,188,6.9,30,8.2,64,7.3,34,55.7,65,35.4,236,15.5,302,56.1,48,28.3,250,15.7,292,54.4,63,29.9,227,Arkansas,"W, 82-72",SEC,70.7,28,109.9,54,48.7,237,17.1,89,30,112,38.3,15,91.2,14,47.4,64,20.5,59,25.2,63,31.9,226,30.5,314,50.3,149,75.9,44,8.7,146,9.2,154,7.9,67,53.1,119,34.3,259,23,6,52.3,132,24.7,328,19.6,87,47.6,277,32.8,127
Nolan Hickman,Gonzaga,,11,6-2,185,Fr,31,43.2,106.5,14.5,16.8,53.2,54,0.5,8.2,10.6,15.4,1.2,1.9,1.9194,1.9,10.6,10-15,0.667,39-65,0.600183,24-76,0.316,12,14,7,14,6,12,WCC,72.5,6,122.2,1,59.3,1,15.5,29,29.3,143,30.6,162,89.8,9,43,1,16.4,296,23.4,25,22.9,22,37.4,22,61,1,71.2,188,6.9,30,8.2,64,7.3,34,55.7,65,35.4,236,15.5,302,56.1,48,28.3,250,15.7,292,54.4,63,29.9,227,Arkansas,"W, 82-72",SEC,70.7,28,109.9,54,48.7,237,17.1,89,30,112,38.3,15,91.2,14,47.4,64,20.5,59,25.2,63,31.9,226,30.5,314,50.3,149,75.9,44,8.7,146,9.2,154,7.9,67,53.1,119,34.3,259,23,6,52.3,132,24.7,328,19.6,87,47.6,277,32.8,127
Hunter Sallis,Gonzaga,,10,6-5,175,Fr,31,34.2,112.1,14.8,15.1,58.5,60.1,5.2,10.1,6.8,18.1,1.1,2.3,3.3,2.5,24,17-24,0.708,51-81,0.63,5-19,0.263,3,15,7,13,5,12,WCC,72.5,6,122.2,1,59.3,1,15.5,29,29.3,143,30.6,162,89.8,9,43,1,16.4,296,23.4,25,22.9,22,37.4,22,61,1,71.2,188,6.9,30,8.2,64,7.3,34,55.7,65,35.4,236,15.5,302,56.1,48,28.3,250,15.7,292,54.4,63,29.9,227,Arkansas,"W, 82-72",SEC,70.7,28,109.9,54,48.7,237,17.1,89,30,112,38.3,15,91.2,14,47.4,64,20.5,59,25.2,63,31.9,226,30.5,314,50.3,149,75.9,44,8.7,146,9.2,154,7.9,67,53.1,119,34.3,259,23,6,52.3,132,24.7,328,19.6,87,47.6,277,32.8,127
Ben Gregg,Gonzaga,,33,6-10,225,Fr,17,8.5,98.7,25.4,28,41.3,40.5,15.1,19.1,14.4,10.2,7.1,1.6,7.6,3.2,15.2,2-7,0.286,13-33,0.394,4-13,0.308,0,2,0,0,0,0,WCC,72.5,6,122.2,1,59.3,1,15.5,29,29.3,143,30.6,162,89.8,9,43,1,16.4,296,23.4,25,22.9,22,37.4,22,61,1,71.2,188,6.9,30,8.2,64,7.3,34,55.7,65,35.4,236,15.5,302,56.1,48,28.3,250,15.7,292,54.4,63,29.9,227,Arkansas,"W, 82-72",SEC,70.7,28,109.9,54,48.7,237,17.1,89,30,112,38.3,15,91.2,14,47.4,64,20.5,59,25.2,63,31.9,226,30.5,314,50.3,149,75.9,44,8.7,146,9.2,154,7.9,67,53.1,119,34.3,259,23,6,52.3,132,24.7,328,19.6,87,47.6,277,32.8,127
Matthew Lang,Gonzaga,,23,6-3,185,Sr,17,4.3,121.3,14,16.6,60.7,60.7,4.5,21.2,10.7,14.3,0,1,5.2,1.2,0,0-0,0,4-4,0.999,3-10,0.3,0,1,0,0,0,0,WCC,72.5,6,122.2,1,59.3,1,15.5,29,29.3,143,30.6,162,89.8,9,43,1,16.4,296,23.4,25,22.9,22,37.4,22,61,1,71.2,188,6.9,30,8.2,64,7.3,34,55.7,65,35.4,236,15.5,302,56.1,48,28.3,250,15.7,292,54.4,63,29.9,227,Arkansas,"W, 82-72",SEC,70.7,28,109.9,54,48.7,237,17.1,89,30,112,38.3,15,91.2,14,47.4,64,20.5,59,25.2,63,31.9,226,30.5,314,50.3,149,75.9,44,8.7,146,9.2,154,7.9,67,53.1,119,34.3,259,23,6,52.3,132,24.7,328,19.6,87,47.6,277,32.8,127
Kaden Perry,Gonzaga,,20,6-9,225,Fr,8,4.1,105.3,14.9,11.3,77.8,67.2,14.3,22.4,2.9,28.6,1.8,0,7.8,2.6,33.3,0-3,0,7-9,0.778,0-0,0,0,0,0,0,0,0,WCC,72.5,6,122.2,1,59.3,1,15.5,29,29.3,143,30.6,162,89.8,9,43,1,16.4,296,23.4,25,22.9,22,37.4,22,61,1,71.2,188,6.9,30,8.2,64,7.3,34,55.7,65,35.4,236,15.5,302,56.1,48,28.3,250,15.7,292,54.4,63,29.9,227,Arkansas,"W, 82-72",SEC,70.7,28,109.9,54,48.7,237,17.1,89,30,112,38.3,15,91.2,14,47.4,64,20.5,59,25.2,63,31.9,226,30.5,314,50.3,149,75.9,44,8.7,146,9.2,154,7.9,67,53.1,119,34.3,259,23,6,52.3,132,24.7,328,19.6,87,47.6,277,32.8,127
Will Graves,Gonzaga,,35,6-5,185,Sr,16,2.3,110.5,19.6,22.8,45,50.2,13.1,3.4,0,9.9,0,1.9,2.9,3.1,20,2-2,0.999,0-1,0,3-9,0.333,0,1,0,0,0,0,WCC,72.5,6,122.2,1,59.3,1,15.5,29,29.3,143,30.6,162,89.8,9,43,1,16.4,296,23.4,25,22.9,22,37.4,22,61,1,71.2,188,6.9,30,8.2,64,7.3,34,55.7,65,35.4,236,15.5,302,56.1,48,28.3,250,15.7,292,54.4,63,29.9,227,Arkansas,"W, 82-72",SEC,70.7,28,109.9,54,48.7,237,17.1,89,30,112,38.3,15,91.2,14,47.4,64,20.5,59,25.2,63,31.9,226,30.5,314,50.3,149,75.9,44,8.7,146,9.2,154,7.9,67,53.1,119,34.3,259,23,6,52.3,132,24.7,328,19.6,87,47.6,277,32.8,127
Marcus Sasser,Houston,,0,6-2,195,Jr,12,26.2,115.8,24.9,27.9,57.9,60,0.9,9.2,15.7,16.8,0.3,4.2,1.8,4,24.7,29-39,0.744,24-55,0.436,45-103,0.437,0,0,0,0,0,0,Amer,64,334,117.9,10,53.6,31,16.9,70,37.7,3,28.6,231,90.3,10,43.6,3,21.8,29,27.5,146,34.7,286,34.2,138,55,20,66.7,327,6.3,8,9.1,144,7.8,59,59,22,38.9,143,15.1,315,53.2,113,31.7,169,22,24,44.9,339,33.1,111,Arizona,"W, 74-73",P12,72.5,5,119.1,7,55.9,9,18.2,166,34.5,15,34.8,56,92.2,19,44.1,7,17.4,234,28.4,193,23.5,30,35.3,77,57.6,5,73.9,103,7.1,41,9.5,207,8.7,148,65,2,35.8,227,18.7,132,53.8,99,27.6,268,15.2,307,52.4,127,32.4,137
Fabian White,Houston,,35,6-8,230,Sr,36,68.9,119.711,21.7,24.7477,56.4189,57.9293,9.6226,14,8.5,12.4266,6.885,2.4,3.3,3.2,20.6,53-76,0.697,134-241,0.556381,49-127,0.386285,27,29,29,3,34,34,Amer,64,334,117.9,10,53.6,31,16.9,70,37.7,3,28.6,231,90.3,10,43.6,3,21.8,29,27.5,146,34.7,286,34.2,138,55,20,66.7,327,6.3,8,9.1,144,7.8,59,59,22,38.9,143,15.1,315,53.2,113,31.7,169,22,24,44.9,339,33.1,111,Arizona,"W, 74-73",P12,72.5,5,119.1,7,55.9,9,18.2,166,34.5,15,34.8,56,92.2,19,44.1,7,17.4,234,28.4,193,23.5,30,35.3,77,57.6,5,73.9,103,7.1,41,9.5,207,8.7,148,65,2,35.8,227,18.7,132,53.8,99,27.6,268,15.2,307,52.4,127,32.4,137
J'Wan Roberts,Houston,,13,6-7,230,So,36,39.3,118.2,12.2,8.8,61.3,58.6,14.8,20.5,5.7,19.4,2.8,2.2,3.5,2.6,50.7,17-38,0.447,46-71,0.648,0-4,0,13,14,15,34,17,18,Amer,64,334,117.9,10,53.6,31,16.9,70,37.7,3,28.6,231,90.3,10,43.6,3,21.8,29,27.5,146,34.7,286,34.2,138,55,20,66.7,327,6.3,8,9.1,144,7.8,59,59,22,38.9,143,15.1,315,53.2,113,31.7,169,22,24,44.9,339,33.1,111,Arizona,"W, 74-73",P12,72.5,5,119.1,7,55.9,9,18.2,166,34.5,15,34.8,56,92.2,19,44.1,7,17.4,234,28.4,193,23.5,30,35.3,77,57.6,5,73.9,103,7.1,41,9.5,207,8.7,148,65,2,35.8,227,18.7,132,53.8,99,27.6,268,15.2,307,52.4,127,32.4,137
Reggie Chaney,Houston,,32,6-8,230,Sr,35,28.3,117,13,9.7,71.2,70.1,6.4,14.7,5.7,24,7.2,2.2,7.3,3.3,69.5,26-41,0.634,42-59,0.712,0-0,0,20,9,8,10,11,6,Amer,64,334,117.9,10,53.6,31,16.9,70,37.7,3,28.6,231,90.3,10,43.6,3,21.8,29,27.5,146,34.7,286,34.2,138,55,20,66.7,327,6.3,8,9.1,144,7.8,59,59,22,38.9,143,15.1,315,53.2,113,31.7,169,22,24,44.9,339,33.1,111,Arizona,"W, 74-73",P12,72.5,5,119.1,7,55.9,9,18.2,166,34.5,15,34.8,56,92.2,19,44.1,7,17.4,234,28.4,193,23.5,30,35.3,77,57.6,5,73.9,103,7.1,41,9.5,207,8.7,148,65,2,35.8,227,18.7,132,53.8,99,27.6,268,15.2,307,52.4,127,32.4,137
Ramon Walker,Houston,,3,6-4,210,Fr,26,33,104,10.8,11.1,43,47.7,5.2,11.9,4.5,17.8,0.6,1.1,3.6,1.9,24.1,16-19,0.842,10-19,0.526,16-60,0.267,12,16,20,23,13,13,Amer,64,334,117.9,10,53.6,31,16.9,70,37.7,3,28.6,231,90.3,10,43.6,3,21.8,29,27.5,146,34.7,286,34.2,138,55,20,66.7,327,6.3,8,9.1,144,7.8,59,59,22,38.9,143,15.1,315,53.2,113,31.7,169,22,24,44.9,339,33.1,111,Arizona,"W, 74-73",P12,72.5,5,119.1,7,55.9,9,18.2,166,34.5,15,34.8,56,92.2,19,44.1,7,17.4,234,28.4,193,23.5,30,35.3,77,57.6,5,73.9,103,7.1,41,9.5,207,8.7,148,65,2,35.8,227,18.7,132,53.8,99,27.6,268,15.2,307,52.4,127,32.4,137
Tramon Mark,Houston,,12,6-5,195,So,7,9.8,114.6,25.7,26.1,50,56.3,2.4,11.2,23,16.8,1.9,4.3,4.8,4.4,30.9,16-17,0.941,20-37,0.541,5-18,0.278,0,0,0,0,0,0,Amer,64,334,117.9,10,53.6,31,16.9,70,37.7,3,28.6,231,90.3,10,43.6,3,21.8,29,27.5,146,34.7,286,34.2,138,55,20,66.7,327,6.3,8,9.1,144,7.8,59,59,22,38.9,143,15.1,315,53.2,113,31.7,169,22,24,44.9,339,33.1,111,Arizona,"W, 74-73",P12,72.5,5,119.1,7,55.9,9,18.2,166,34.5,15,34.8,56,92.2,19,44.1,7,17.4,234,28.4,193,23.5,30,35.3,77,57.6,5,73.9,103,7.1,41,9.5,207,8.7,148,65,2,35.8,227,18.7,132,53.8,99,27.6,268,15.2,307,52.4,127,32.4,137
Ja'Vier Francis,Houston,,5,6-8,225,Fr,18,4.9,87.3,17.7,13.3,64.3,57.5,8.1,17.6,0,29.2,20.8,0.9,2.8,4.2,64.3,3-9,0.333,9-14,0.643,0-0,0,0,1,0,5,0,4,Amer,64,334,117.9,10,53.6,31,16.9,70,37.7,3,28.6,231,90.3,10,43.6,3,21.8,29,27.5,146,34.7,286,34.2,138,55,20,66.7,327,6.3,8,9.1,144,7.8,59,59,22,38.9,143,15.1,315,53.2,113,31.7,169,22,24,44.9,339,33.1,111,Arizona,"W, 74-73",P12,72.5,5,119.1,7,55.9,9,18.2,166,34.5,15,34.8,56,92.2,19,44.1,7,17.4,234,28.4,193,23.5,30,35.3,77,57.6,5,73.9,103,7.1,41,9.5,207,8.7,148,65,2,35.8,227,18.7,132,53.8,99,27.6,268,15.2,307,52.4,127,32.4,137
Kerr Kriisa,Arizona,,25,6-3,180,Fr,32,65.9,107.5,18.8,19.2,49.5,52.3,1.9,6.5,24.619,21.3,0.3,1.1,2.343,2.5,17.5,40-49,0.816,20-49,0.408,79-231,0.342,27,0,0,0,33,22,P12,72.5,5,119.1,7,55.9,9,18.2,166,34.5,15,34.8,56,92.2,19,44.1,7,17.4,234,28.4,193,23.5,30,35.3,77,57.6,5,73.9,103,7.1,41,9.5,207,8.7,148,65,2,35.8,227,18.7,132,53.8,99,27.6,268,15.2,307,52.4,127,32.4,137,Houston,"L, 74-73",Amer,64,334,117.9,10,53.6,31,16.9,70,37.7,3,28.6,231,90.3,10,43.6,3,21.8,29,27.5,146,34.7,286,34.2,138,55,20,66.7,327,6.3,8,9.1,144,7.8,59,59,22,38.9,143,15.1,315,53.2,113,31.7,169,22,24,44.9,339,33.1,111
Pelle Larsson,Arizona,,3,6-5,215,Fr,36,51.5,110.2,17.1,15.4,56.2,61.1,4.5,11.9,13.4,23.9,1,2,4.8,3.5,42,60-74,0.811241,51-87,0.586226,32-89,0.36,30,20,24,26,18,17,P12,72.5,5,119.1,7,55.9,9,18.2,166,34.5,15,34.8,56,92.2,19,44.1,7,17.4,234,28.4,193,23.5,30,35.3,77,57.6,5,73.9,103,7.1,41,9.5,207,8.7,148,65,2,35.8,227,18.7,132,53.8,99,27.6,268,15.2,307,52.4,127,32.4,137,Houston,"L, 74-73",Amer,64,334,117.9,10,53.6,31,16.9,70,37.7,3,28.6,231,90.3,10,43.6,3,21.8,29,27.5,146,34.7,286,34.2,138,55,20,66.7,327,6.3,8,9.1,144,7.8,59,59,22,38.9,143,15.1,315,53.2,113,31.7,169,22,24,44.9,339,33.1,111
Justin Kier,Arizona,,5,6-4,195,Sr,36,49.8,108.6,17.5,17.9,53,56.5,1.9,13.6,17.9,21.3,0.1,1.8,2.6,2.7,23.7,39-47,0.83,54-103,0.524,34-95,0.358,14,29,13,32,17,25,P12,72.5,5,119.1,7,55.9,9,18.2,166,34.5,15,34.8,56,92.2,19,44.1,7,17.4,234,28.4,193,23.5,30,35.3,77,57.6,5,73.9,103,7.1,41,9.5,207,8.7,148,65,2,35.8,227,18.7,132,53.8,99,27.6,268,15.2,307,52.4,127,32.4,137,Houston,"L, 74-73",Amer,64,334,117.9,10,53.6,31,16.9,70,37.7,3,28.6,231,90.3,10,43.6,3,21.8,29,27.5,146,34.7,286,34.2,138,55,20,66.7,327,6.3,8,9.1,144,7.8,59,59,22,38.9,143,15.1,315,53.2,113,31.7,169,22,24,44.9,339,33.1,111
Oumar Ballo,Arizona,,11,7-0,260,So,36,38.1,122.2,19.3,17.2,62.8,65.4,12.7,18.2,6.4,16.4,7.5,1.2,4.1,5.2,66.9,68-97,0.701,91-145,0.628,0-0,0,15,18,20,14,12,17,P12,72.5,5,119.1,7,55.9,9,18.2,166,34.5,15,34.8,56,92.2,19,44.1,7,17.4,234,28.4,193,23.5,30,35.3,77,57.6,5,73.9,103,7.1,41,9.5,207,8.7,148,65,2,35.8,227,18.7,132,53.8,99,27.6,268,15.2,307,52.4,127,32.4,137,Houston,"L, 74-73",Amer,64,334,117.9,10,53.6,31,16.9,70,37.7,3,28.6,231,90.3,10,43.6,3,21.8,29,27.5,146,34.7,286,34.2,138,55,20,66.7,327,6.3,8,9.1,144,7.8,59,59,22,38.9,143,15.1,315,53.2,113,31.7,169,22,24,44.9,339,33.1,111
David McCormack,Kansas,,33,6-10,250,Sr,36,53.3,112.0411,25.6288,22.3,48.8,55.5,18.14,19.4285,8.2,16.8,4.1235,1.7,4,5.767,57,111-146,0.760497,125-254,0.492,0-2,0,25,23,29,13,10,36,B12,69.4,64,119.6,6,54,25,17.6,119,33.5,34,32.1,117,93.4,26,46.6,37,18.3,175,28.1,176,28.1,118,36,57,54,37,72.7,145,7.9,90,9.7,226,8,72,54,90,33.5,279,17.8,182,54.7,72,27.5,270,17.8,183,54.6,56,27.6,304,Providence,"W, 76-69",BE,65.2,283,112,32,50.5,149,17.2,97,30.4,99,37.5,28,96.4,58,46.5,34,15.6,322,27.4,140,26.3,80,35,94,49.3,198,72.9,136,10,269,8.8,121,8.4,107,54.4,85,38.1,167,21.3,27,47.5,277,31.2,180,16.4,248,53.8,83,29.7,233
Ochai Agbaji,Kansas,,30,6-5,215,Sr,35,84.014,114.0312,24.0453,27.9196,56.3191,59.2196,2.9,13.7,8.9,14.5,1.3,1.4,1.9185,4,27.1,106-137,0.774437,144-271,0.531,94-235,0.400177,34,32,38,34,30,39,B12,69.4,64,119.6,6,54,25,17.6,119,33.5,34,32.1,117,93.4,26,46.6,37,18.3,175,28.1,176,28.1,118,36,57,54,37,72.7,145,7.9,90,9.7,226,8,72,54,90,33.5,279,17.8,182,54.7,72,27.5,270,17.8,183,54.6,56,27.6,304,Providence,"W, 76-69",BE,65.2,283,112,32,50.5,149,17.2,97,30.4,99,37.5,28,96.4,58,46.5,34,15.6,322,27.4,140,26.3,80,35,94,49.3,198,72.9,136,10,269,8.8,121,8.4,107,54.4,85,38.1,167,21.3,27,47.5,277,31.2,180,16.4,248,53.8,83,29.7,233
Jaden Ivey,Purdue,,23,6-4,195,So,35,75.5,113.0367,27.9133,27.9197,53.7368,58.326,2.7,14.8,19.4431,17.2,2.1,1.8,2.2374,5.946,48.2116,154-207,0.744,136-256,0.531,63-173,0.364484,38,28,34,36,37,31,B10,66.2,236,121.5,2,56.8,4,17.3,106,35.1,13,38.5,14,98.4,89,49.2,139,14.1,346,23.8,33,21.1,6,38.8,4,55.8,13,70.8,203,6.9,34,8.7,103,8.6,131,58.8,28,39.2,139,19.4,94,48.3,263,32.4,141,13.3,350,51,173,35.8,41,Saint Peter's,"W, 73-63",MAAC,66.1,240,100.5,225,48.1,265,20.6,310,31.7,64,38.1,19,93.6,28,44.1,5,20.7,47,28.5,199,41.9,348,35.1,87,46.1,313,69.3,266,13.4,354,10.5,292,10.1,283,52.3,146,30.1,335,21.6,22,52.6,127,25.9,305,25.7,2,47.3,285,27,312
Izaiah Brockington,Iowa+St.,,1,6-4,196,Sr,34,85.795,102.7,26.1244,30.09,48.5,52.4,5.8,19.0322,11.1,13.0354,1,2.3,2.2366,4.726,28.3,107-138,0.77543,187-398,0.47,33-90,0.367457,30,38,33,37,39,37,B12,66.2,237,103.9,160,49.4,207,20.3,294,28.1,170,27.8,254,88.7,5,47.8,77,24.7,4,28.5,201,37.1,316,31.9,265,50.3,152,68.4,290,11.3,328,10.6,301,9.7,241,60.3,17,37.9,174,16.2,271,53,117,30.8,196,21.8,28,51.5,156,26.6,319,Miami FL,"W, 68-67",ACC,67.6,147,114.9,18,53.8,30,13.6,6,22.7,319,29.1,216,100.3,121,52.9,298,20.4,60,30.2,265,24.9,45,34.4,121,54.9,24,74.5,86,9,189,7.5,24,6.1,6,51.2,165,35.2,241,16.8,238,55.1,67,28.1,255,14,336,52.5,118,33.5,95
Kameron McGusty,Miami+FL,,23,6-5,190,Sr,35,84.313,111.1478,25.8269,26.9259,53.7369,57.9292,2.5,15.1,14.6,12.4257,0.9,3.1167,2.6,4.2483,32.2489,120-148,0.81124,161-298,0.54,57-161,0.354,37,37,38,43,31,26,ACC,67.6,147,114.9,18,53.8,30,13.6,6,22.7,319,29.1,216,100.3,121,52.9,298,20.4,60,30.2,265,24.9,45,34.4,121,54.9,24,74.5,86,9,189,7.5,24,6.1,6,51.2,165,35.2,241,16.8,238,55.1,67,28.1,255,14,336,52.5,118,33.5,95,Iowa St.,"L, 68-67",B12,66.2,237,103.9,160,49.4,207,20.3,294,28.1,170,27.8,254,88.7,5,47.8,77,24.7,4,28.5,201,37.1,316,31.9,265,50.3,152,68.4,290,11.3,328,10.6,301,9.7,241,60.3,17,37.9,174,16.2,271,53,117,30.8,196,21.8,28,51.5,156,26.6,319
Christian Braun,Kansas,,2,6-6,218,Jr,36,84.3133,114.7278,20.7,20.9,56.4186,59.4186,5.3,15.7,14.2,17.4,2.6475,1.8,2.1301,3.7,33.3436,94-127,0.74,143-260,0.550429,48-121,0.3972,38,31,36,33,31,37,B12,69.4,64,119.6,6,54,25,17.6,119,33.5,34,32.1,117,93.4,26,46.6,37,18.3,175,28.1,176,28.1,118,36,57,54,37,72.7,145,7.9,90,9.7,226,8,72,54,90,33.5,279,17.8,182,54.7,72,27.5,270,17.8,183,54.6,56,27.6,304,Providence,"W, 76-69",BE,65.2,283,112,32,50.5,149,17.2,97,30.4,99,37.5,28,96.4,58,46.5,34,15.6,322,27.4,140,26.3,80,35,94,49.3,198,72.9,136,10,269,8.8,121,8.4,107,54.4,85,38.1,167,21.3,27,47.5,277,31.2,180,16.4,248,53.8,83,29.7,233
Trevion Williams,Purdue,,50,6-10,255,Sr,36,49.1,112.5394,34.211,31.745,55.8,56.9,14.822,28.716,34.623,19.1,3.5308,2.9221,4.2,5.865,38,72-121,0.595,170-304,0.559365,5-14,0.357,24,18,23,20,22,19,B10,66.2,236,121.5,2,56.8,4,17.3,106,35.1,13,38.5,14,98.4,89,49.2,139,14.1,346,23.8,33,21.1,6,38.8,4,55.8,13,70.8,203,6.9,34,8.7,103,8.6,131,58.8,28,39.2,139,19.4,94,48.3,263,32.4,141,13.3,350,51,173,35.8,41,Saint Peter's,"W, 73-63",MAAC,66.1,240,100.5,225,48.1,265,20.6,310,31.7,64,38.1,19,93.6,28,44.1,5,20.7,47,28.5,199,41.9,348,35.1,87,46.1,313,69.3,266,13.4,354,10.5,292,10.1,283,52.3,146,30.1,335,21.6,22,52.6,127,25.9,305,25.7,2,47.3,285,27,312
Al Durham,Providence,,1,6-4,180,Sr,30,78.5369,101.8,23.8478,21.3,39.8,51.3,1.2,9.4,20.0385,18,1.1,0.9,2.5,5.684,64.22,162-192,0.844121,80-190,0.421,26-109,0.239,24,29,32,32,0,28,BE,65.2,283,112,32,50.5,149,17.2,97,30.4,99,37.5,28,96.4,58,46.5,34,15.6,322,27.4,140,26.3,80,35,94,49.3,198,72.9,136,10,269,8.8,121,8.4,107,54.4,85,38.1,167,21.3,27,47.5,277,31.2,180,16.4,248,53.8,83,29.7,233,Kansas,"L, 76-69",B12,69.4,64,119.6,6,54,25,17.6,119,33.5,34,32.1,117,93.4,26,46.6,37,18.3,175,28.1,176,28.1,118,36,57,54,37,72.7,145,7.9,90,9.7,226,8,72,54,90,33.5,279,17.8,182,54.7,72,27.5,270,17.8,183,54.6,56,27.6,304
Charlie Moore,Miami+FL,,3,5-11,180,Sr,35,81.1244,108.2,22.7,22.4,53.5382,55.6477,1.2,8.9,26.0145,16.2,0.5,3.762,3.3,2.7,19.6,53-72,0.736,110-214,0.514,58-154,0.377367,36,36,39,37,36,34,ACC,67.6,147,114.9,18,53.8,30,13.6,6,22.7,319,29.1,216,100.3,121,52.9,298,20.4,60,30.2,265,24.9,45,34.4,121,54.9,24,74.5,86,9,189,7.5,24,6.1,6,51.2,165,35.2,241,16.8,238,55.1,67,28.1,255,14,336,52.5,118,33.5,95,Iowa St.,"L, 68-67",B12,66.2,237,103.9,160,49.4,207,20.3,294,28.1,170,27.8,254,88.7,5,47.8,77,24.7,4,28.5,201,37.1,316,31.9,265,50.3,152,68.4,290,11.3,328,10.6,301,9.7,241,60.3,17,37.9,174,16.2,271,53,117,30.8,196,21.8,28,51.5,156,26.6,319
Jordan Miller,Miami+FL,,11,6-7,195,Jr,34,74.9,122.363,15.9,16.7,59.19,60.7126,8.4341,15.1,6.5,9.977,2,3.597,2.5,2.4,24.5,44-62,0.71,121-188,0.64457,19-65,0.292,34,35,37,39,34,31,ACC,67.6,147,114.9,18,53.8,30,13.6,6,22.7,319,29.1,216,100.3,121,52.9,298,20.4,60,30.2,265,24.9,45,34.4,121,54.9,24,74.5,86,9,189,7.5,24,6.1,6,51.2,165,35.2,241,16.8,238,55.1,67,28.1,255,14,336,52.5,118,33.5,95,Iowa St.,"L, 68-67",B12,66.2,237,103.9,160,49.4,207,20.3,294,28.1,170,27.8,254,88.7,5,47.8,77,24.7,4,28.5,201,37.1,316,31.9,265,50.3,152,68.4,290,11.3,328,10.6,301,9.7,241,60.3,17,37.9,174,16.2,271,53,117,30.8,196,21.8,28,51.5,156,26.6,319
Johnny Juzang,UCLA,,3,6-7,215,Jr,29,66.1,105.8,25.3316,29.1127,48.8,52,2.9,15.2,11.7,11.9208,0.5,1.4,2.5,3.5,19.2,64-77,0.831162,131-280,0.468,43-121,0.355,38,30,38,31,28,32,P12,65.4,271,116.3,12,50.6,147,13.3,5,31.7,65,29.9,186,91.1,13,47.6,72,19.6,98,24.9,56,28.6,133,35.3,76,49.5,188,74.2,94,7.7,77,6.7,5,6.6,14,50.6,179,31.5,311,18,170,55,68,27.1,284,17.9,171,50.8,181,31.3,168,North Carolina,"W, 75-70",ACC,70.6,31,114,20,52.3,72,16.7,60,30.7,89,30.3,175,95.5,42,49.2,134,14.1,347,21.4,2,21.6,10,36.5,41,50.9,127,77,22,8.9,180,9.4,187,7.3,35,55.4,72,37.9,171,18.2,153,49.3,227,32.4,136,13.9,337,52.6,116,33.5,96
Jules Bernard,UCLA,,1,6-7,210,Sr,34,73.2,114.529,20.8,22.3,49.1,54.5,3.1,15.6,10.8,9.768,0.8,1.9,2.3446,4,35.637,99-121,0.818206,86-179,0.48,54-161,0.335,31,35,34,28,31,35,P12,65.4,271,116.3,12,50.6,147,13.3,5,31.7,65,29.9,186,91.1,13,47.6,72,19.6,98,24.9,56,28.6,133,35.3,76,49.5,188,74.2,94,7.7,77,6.7,5,6.6,14,50.6,179,31.5,311,18,170,55,68,27.1,284,17.9,171,50.8,181,31.3,168,North Carolina,"W, 75-70",ACC,70.6,31,114,20,52.3,72,16.7,60,30.7,89,30.3,175,95.5,42,49.2,134,14.1,347,21.4,2,21.6,10,36.5,41,50.9,127,77,22,8.9,180,9.4,187,7.3,35,55.4,72,37.9,171,18.2,153,49.3,227,32.4,136,13.9,337,52.6,116,33.5,96
Zach Edey,Purdue,,15,7-4,295,So,36,47.1,123.948,34.212,33.02,64.7,65.5,21.41,27.423,16.5,15.1,7.465,0.8,4.3,7.62,54.3,112-172,0.651,205-317,0.64749,0-0,0,15,20,17,20,18,21,B10,66.2,236,121.5,2,56.8,4,17.3,106,35.1,13,38.5,14,98.4,89,49.2,139,14.1,346,23.8,33,21.1,6,38.8,4,55.8,13,70.8,203,6.9,34,8.7,103,8.6,131,58.8,28,39.2,139,19.4,94,48.3,263,32.4,141,13.3,350,51,173,35.8,41,Saint Peter's,"W, 73-63",MAAC,66.1,240,100.5,225,48.1,265,20.6,310,31.7,64,38.1,19,93.6,28,44.1,5,20.7,47,28.5,199,41.9,348,35.1,87,46.1,313,69.3,266,13.4,354,10.5,292,10.1,283,52.3,146,30.1,335,21.6,22,52.6,127,25.9,305,25.7,2,47.3,285,27,312
Jeremy Roach,Duke,,3,6-1,172,So,36,72,107.2,16.9,16.4,48.6,52.2,1.3,7.2,16.7,17.4,0.4,1.6,3,2.6,27.1,53-70,0.757,67-144,0.465,39-114,0.342,37,35,24,22,24,21,ACC,67.4,167,120.3,4,55.9,10,15.1,21,32,58,28.5,236,95.5,43,46.9,42,15.9,309,28.9,217,18.7,2,37,29,56.1,9,73.4,117,8.1,101,9.1,145,6,3,57,45,36.3,209,15.7,292,53.9,94,30.3,208,12,356,57.9,11,30.1,213,Texas Tech,"L, 69-68",B12,66.5,217,110.3,46,52.7,62,20,285,33.1,40,35.8,47,84.4,1,45.4,17,23.5,11,26,84,31.9,228,32.2,252,55,22,70,233,7.1,43,10,259,10,269,52.7,134,34.2,261,19.2,102,55.4,59,25.3,318,19.4,95,42.4,356,38.2,17
Theo John,Duke,,12,6-9,242,Sr,35,27.5,116,13.6,11.9,59.1,60.1,9.7,14.9,6,18.5,7.5,2.5,7,2.3,33.8,15-24,0.625,42-69,0.609,0-2,0,10,8,4,6,7,9,ACC,67.4,167,120.3,4,55.9,10,15.1,21,32,58,28.5,236,95.5,43,46.9,42,15.9,309,28.9,217,18.7,2,37,29,56.1,9,73.4,117,8.1,101,9.1,145,6,3,57,45,36.3,209,15.7,292,53.9,94,30.3,208,12,356,57.9,11,30.1,213,Texas Tech,"L, 69-68",B12,66.5,217,110.3,46,52.7,62,20,285,33.1,40,35.8,47,84.4,1,45.4,17,23.5,11,26,84,31.9,228,32.2,252,55,22,70,233,7.1,43,10,259,10,269,52.7,134,34.2,261,19.2,102,55.4,59,25.3,318,19.4,95,42.4,356,38.2,17
Joey Baker,Duke,,13,6-6,206,Sr,34,27.8,111.7,17.3,19.5,55.9,58.5,2.7,8,5.7,15.2,0.2,1.9,4.1,2.6,22.9,21-27,0.778,21-44,0.477,30-74,0.405,0,5,4,3,4,0,ACC,67.4,167,120.3,4,55.9,10,15.1,21,32,58,28.5,236,95.5,43,46.9,42,15.9,309,28.9,217,18.7,2,37,29,56.1,9,73.4,117,8.1,101,9.1,145,6,3,57,45,36.3,209,15.7,292,53.9,94,30.3,208,12,356,57.9,11,30.1,213,Texas Tech,"L, 69-68",B12,66.5,217,110.3,46,52.7,62,20,285,33.1,40,35.8,47,84.4,1,45.4,17,23.5,11,26,84,31.9,228,32.2,252,55,22,70,233,7.1,43,10,259,10,269,52.7,134,34.2,261,19.2,102,55.4,59,25.3,318,19.4,95,42.4,356,38.2,17
Bates Jones,Duke,,34,6-8,222,Sr,26,9.6,123.4,15.8,15.4,54.7,57.5,11.4,12,12.3,16.1,2.1,0.8,2.9,1.7,12.5,4-4,0.999,4-5,0.8,9-27,0.333,1,2,1,0,0,0,ACC,67.4,167,120.3,4,55.9,10,15.1,21,32,58,28.5,236,95.5,43,46.9,42,15.9,309,28.9,217,18.7,2,37,29,56.1,9,73.4,117,8.1,101,9.1,145,6,3,57,45,36.3,209,15.7,292,53.9,94,30.3,208,12,356,57.9,11,30.1,213,Texas Tech,"L, 69-68",B12,66.5,217,110.3,46,52.7,62,20,285,33.1,40,35.8,47,84.4,1,45.4,17,23.5,11,26,84,31.9,228,32.2,252,55,22,70,233,7.1,43,10,259,10,269,52.7,134,34.2,261,19.2,102,55.4,59,25.3,318,19.4,95,42.4,356,38.2,17
Jaylen Blakes,Duke,,2,6-1,208,Fr,21,6.4,82,20.6,20.2,37.5,36.9,5.2,12.4,18.3,24.7,0,2.5,4.3,1.5,3.6,0-1,0,3-11,0.273,5-17,0.294,0,2,1,0,0,0,ACC,67.4,167,120.3,4,55.9,10,15.1,21,32,58,28.5,236,95.5,43,46.9,42,15.9,309,28.9,217,18.7,2,37,29,56.1,9,73.4,117,8.1,101,9.1,145,6,3,57,45,36.3,209,15.7,292,53.9,94,30.3,208,12,356,57.9,11,30.1,213,Texas Tech,"L, 69-68",B12,66.5,217,110.3,46,52.7,62,20,285,33.1,40,35.8,47,84.4,1,45.4,17,23.5,11,26,84,31.9,228,32.2,252,55,22,70,233,7.1,43,10,259,10,269,52.7,134,34.2,261,19.2,102,55.4,59,25.3,318,19.4,95,42.4,356,38.2,17
Kevin Obanor,Texas+Tech,,0,6-8,235,Sr,36,63.5,114.3298,18.4,21.9,55.2248,57.9287,8.0384,17.1,4.1,14,1.8,0.7,2.5,3.1,25.6,54-71,0.761,84-138,0.609145,46-139,0.331,32,27,26,32,23,36,B12,66.5,217,110.3,46,52.7,62,20,285,33.1,40,35.8,47,84.4,1,45.4,17,23.5,11,26,84,31.9,228,32.2,252,55,22,70,233,7.1,43,10,259,10,269,52.7,134,34.2,261,19.2,102,55.4,59,25.3,318,19.4,95,42.4,356,38.2,17,Duke,"W, 69-68",ACC,67.4,167,120.3,4,55.9,10,15.1,21,32,58,28.5,236,95.5,43,46.9,42,15.9,309,28.9,217,18.7,2,37,29,56.1,9,73.4,117,8.1,101,9.1,145,6,3,57,45,36.3,209,15.7,292,53.9,94,30.3,208,12,356,57.9,11,30.1,213
AJ Reeves,Providence,,11,6-6,205,Sr,27,52.1,112.0413,20.3,25.1437,50.2,52.7,3,9.5,16.8,10.187,0.6,1,2.8,2.7,18.4,33-43,0.767,29-80,0.362,59-154,0.383313,24,26,22,23,25,29,BE,65.2,283,112,32,50.5,149,17.2,97,30.4,99,37.5,28,96.4,58,46.5,34,15.6,322,27.4,140,26.3,80,35,94,49.3,198,72.9,136,10,269,8.8,121,8.4,107,54.4,85,38.1,167,21.3,27,47.5,277,31.2,180,16.4,248,53.8,83,29.7,233,Kansas,"L, 76-69",B12,69.4,64,119.6,6,54,25,17.6,119,33.5,34,32.1,117,93.4,26,46.6,37,18.3,175,28.1,176,28.1,118,36,57,54,37,72.7,145,7.9,90,9.7,226,8,72,54,90,33.5,279,17.8,182,54.7,72,27.5,270,17.8,183,54.6,56,27.6,304
Justin Minaya,Providence,,15,6-7,210,Sr,31,78.3376,106.1,12.7,12.6,51.1,51.9,7.2499,11.8,8.7,17.9,2.6467,1.5,2.5,2,24.3,24-43,0.558,41-75,0.547459,33-102,0.324,34,33,27,33,38,33,BE,65.2,283,112,32,50.5,149,17.2,97,30.4,99,37.5,28,96.4,58,46.5,34,15.6,322,27.4,140,26.3,80,35,94,49.3,198,72.9,136,10,269,8.8,121,8.4,107,54.4,85,38.1,167,21.3,27,47.5,277,31.2,180,16.4,248,53.8,83,29.7,233,Kansas,"L, 76-69",B12,69.4,64,119.6,6,54,25,17.6,119,33.5,34,32.1,117,93.4,26,46.6,37,18.3,175,28.1,176,28.1,118,36,57,54,37,72.7,145,7.9,90,9.7,226,8,72,54,90,33.5,279,17.8,182,54.7,72,27.5,270,17.8,183,54.6,56,27.6,304
Tyrese Hunter,Iowa+St.,,11,6-0,178,Fr,34,79.6319,90.5,24.9348,22.7,44.2,47.6,2,11.8,31.647,24.4,1.1,3.767,2.5,4,28.8,68-99,0.687,98-213,0.46,36-131,0.275,35,34,32,39,37,37,B12,66.2,237,103.9,160,49.4,207,20.3,294,28.1,170,27.8,254,88.7,5,47.8,77,24.7,4,28.5,201,37.1,316,31.9,265,50.3,152,68.4,290,11.3,328,10.6,301,9.7,241,60.3,17,37.9,174,16.2,271,53,117,30.8,196,21.8,28,51.5,156,26.6,319,Miami FL,"W, 68-67",ACC,67.6,147,114.9,18,53.8,30,13.6,6,22.7,319,29.1,216,100.3,121,52.9,298,20.4,60,30.2,265,24.9,45,34.4,121,54.9,24,74.5,86,9,189,7.5,24,6.1,6,51.2,165,35.2,241,16.8,238,55.1,67,28.1,255,14,336,52.5,118,33.5,95
Aljaz Kunc,Iowa+St.,,5,6-8,215,Sr,34,55,118.8142,13.3,13.7,55.6,59.2,4.9,17.4464,8.7,11.3152,3.0372,2.3,4.1,3.3,46.9,48-67,0.716,24-49,0.49,37-94,0.394221,28,26,24,26,31,18,B12,66.2,237,103.9,160,49.4,207,20.3,294,28.1,170,27.8,254,88.7,5,47.8,77,24.7,4,28.5,201,37.1,316,31.9,265,50.3,152,68.4,290,11.3,328,10.6,301,9.7,241,60.3,17,37.9,174,16.2,271,53,117,30.8,196,21.8,28,51.5,156,26.6,319,Miami FL,"W, 68-67",ACC,67.6,147,114.9,18,53.8,30,13.6,6,22.7,319,29.1,216,100.3,121,52.9,298,20.4,60,30.2,265,24.9,45,34.4,121,54.9,24,74.5,86,9,189,7.5,24,6.1,6,51.2,165,35.2,241,16.8,238,55.1,67,28.1,255,14,336,52.5,118,33.5,95
KC Ndefo,Saint+Peter's,,11,6-7,195,Sr,31,64.5,90.9,27.9135,23.7,48.6,50.6,6.7,21.4172,21.2319,23.9,12.61,2.8265,4.4,6.045,60.23,85-156,0.545,117-239,0.49,6-20,0.3,32,25,27,26,30,32,MAAC,66.1,240,100.5,225,48.1,265,20.6,310,31.7,64,38.1,19,93.6,28,44.1,5,20.7,47,28.5,199,41.9,348,35.1,87,46.1,313,69.3,266,13.4,354,10.5,292,10.1,283,52.3,146,30.1,335,21.6,22,52.6,127,25.9,305,25.7,2,47.3,285,27,312,Purdue,"L, 73-63",B10,66.2,236,121.5,2,56.8,4,17.3,106,35.1,13,38.5,14,98.4,89,49.2,139,14.1,346,23.8,33,21.1,6,38.8,4,55.8,13,70.8,203,6.9,34,8.7,103,8.6,131,58.8,28,39.2,139,19.4,94,48.3,263,32.4,141,13.3,350,51,173,35.8,41
Hassan Drame,Saint+Peter's,,14,6-7,200,Jr,31,52.5,105.6,16.9,15.8,53.9,57.2,11.5106,18.4368,7.5,22.1,2.4,2.5458,5.4,3,36.4,37-51,0.725,65-119,0.546462,7-21,0.333,24,34,25,30,16,12,MAAC,66.1,240,100.5,225,48.1,265,20.6,310,31.7,64,38.1,19,93.6,28,44.1,5,20.7,47,28.5,199,41.9,348,35.1,87,46.1,313,69.3,266,13.4,354,10.5,292,10.1,283,52.3,146,30.1,335,21.6,22,52.6,127,25.9,305,25.7,2,47.3,285,27,312,Purdue,"L, 73-63",B10,66.2,236,121.5,2,56.8,4,17.3,106,35.1,13,38.5,14,98.4,89,49.2,139,14.1,346,23.8,33,21.1,6,38.8,4,55.8,13,70.8,203,6.9,34,8.7,103,8.6,131,58.8,28,39.2,139,19.4,94,48.3,263,32.4,141,13.3,350,51,173,35.8,41
Brady Manek,North+Carolina,,45,6-9,230,Sr,35,73.2,119.113,21.8,25.6382,60.167,61.1108,5.6,16,13,13.3391,2,1.2,2.236,2.7,16.4,47-66,0.712,114-187,0.610142,85-215,0.395209,28,33,29,28,40,43,ACC,70.6,31,114,20,52.3,72,16.7,60,30.7,89,30.3,175,95.5,42,49.2,134,14.1,347,21.4,2,21.6,10,36.5,41,50.9,127,77,22,8.9,180,9.4,187,7.3,35,55.4,72,37.9,171,18.2,153,49.3,227,32.4,136,13.9,337,52.6,116,33.5,96,UCLA,"L, 75-70",P12,65.4,271,116.3,12,50.6,147,13.3,5,31.7,65,29.9,186,91.1,13,47.6,72,19.6,98,24.9,56,28.6,133,35.3,76,49.5,188,74.2,94,7.7,77,6.7,5,6.6,14,50.6,179,31.5,311,18,170,55,68,27.1,284,17.9,171,50.8,181,31.3,168
Remy Martin,Kansas,,11,6-0,175,Sr,26,37,112.3,20.4,20.4,52.8,56.5,2,12.3,22.1,18.3,0.4,1.9,2.8,3.3,29.4,38-48,0.792,53-102,0.52,22-61,0.361,29,21,26,19,11,7,B12,69.4,64,119.6,6,54,25,17.6,119,33.5,34,32.1,117,93.4,26,46.6,37,18.3,175,28.1,176,28.1,118,36,57,54,37,72.7,145,7.9,90,9.7,226,8,72,54,90,33.5,279,17.8,182,54.7,72,27.5,270,17.8,183,54.6,56,27.6,304,Providence,"W, 76-69",BE,65.2,283,112,32,50.5,149,17.2,97,30.4,99,37.5,28,96.4,58,46.5,34,15.6,322,27.4,140,26.3,80,35,94,49.3,198,72.9,136,10,269,8.8,121,8.4,107,54.4,85,38.1,167,21.3,27,47.5,277,31.2,180,16.4,248,53.8,83,29.7,233
Jalen Wilson,Kansas,,10,6-8,225,So,33,65.1,114.2304,18.8,19.6,53.6377,56.6391,6.1,21.8147,10.6,14.2,1.3,1.9,3.1,3.6,35.6366,69-98,0.704,107-176,0.608148,27-99,0.273,32,20,34,32,27,37,B12,69.4,64,119.6,6,54,25,17.6,119,33.5,34,32.1,117,93.4,26,46.6,37,18.3,175,28.1,176,28.1,118,36,57,54,37,72.7,145,7.9,90,9.7,226,8,72,54,90,33.5,279,17.8,182,54.7,72,27.5,270,17.8,183,54.6,56,27.6,304,Providence,"W, 76-69",BE,65.2,283,112,32,50.5,149,17.2,97,30.4,99,37.5,28,96.4,58,46.5,34,15.6,322,27.4,140,26.3,80,35,94,49.3,198,72.9,136,10,269,8.8,121,8.4,107,54.4,85,38.1,167,21.3,27,47.5,277,31.2,180,16.4,248,53.8,83,29.7,233
Mitch Lightfoot,Kansas,,44,6-8,225,Sr,36,30,113.6,17.8,17,67.7,66.5,10,16.5,5.5,22.1,6.6,1.2,7.2,3.1,32.7,20-36,0.556,73-108,0.676,1-2,0.5,8,7,11,25,23,9,B12,69.4,64,119.6,6,54,25,17.6,119,33.5,34,32.1,117,93.4,26,46.6,37,18.3,175,28.1,176,28.1,118,36,57,54,37,72.7,145,7.9,90,9.7,226,8,72,54,90,33.5,279,17.8,182,54.7,72,27.5,270,17.8,183,54.6,56,27.6,304,Providence,"W, 76-69",BE,65.2,283,112,32,50.5,149,17.2,97,30.4,99,37.5,28,96.4,58,46.5,34,15.6,322,27.4,140,26.3,80,35,94,49.3,198,72.9,136,10,269,8.8,121,8.4,107,54.4,85,38.1,167,21.3,27,47.5,277,31.2,180,16.4,248,53.8,83,29.7,233
Joseph Yesufu,Kansas,,1,6-0,180,So,32,21.4,93.1,16.4,17.3,40.6,42.5,2.3,8.1,17.5,20.2,0,2,4.2,1.9,12.5,7-10,0.7,16-38,0.421,11-42,0.262,3,10,4,14,17,8,B12,69.4,64,119.6,6,54,25,17.6,119,33.5,34,32.1,117,93.4,26,46.6,37,18.3,175,28.1,176,28.1,118,36,57,54,37,72.7,145,7.9,90,9.7,226,8,72,54,90,33.5,279,17.8,182,54.7,72,27.5,270,17.8,183,54.6,56,27.6,304,Providence,"W, 76-69",BE,65.2,283,112,32,50.5,149,17.2,97,30.4,99,37.5,28,96.4,58,46.5,34,15.6,322,27.4,140,26.3,80,35,94,49.3,198,72.9,136,10,269,8.8,121,8.4,107,54.4,85,38.1,167,21.3,27,47.5,277,31.2,180,16.4,248,53.8,83,29.7,233
Adama Bal,Arizona,,2,6-6,190,Fr,23,7.1,107.1,15.5,17.2,63,60.8,2.4,7.5,13.8,24,0.9,1.6,3.9,1.6,7.4,0-2,0,5-10,0.5,8-17,0.471,0,9,9,1,2,17,P12,72.5,5,119.1,7,55.9,9,18.2,166,34.5,15,34.8,56,92.2,19,44.1,7,17.4,234,28.4,193,23.5,30,35.3,77,57.6,5,73.9,103,7.1,41,9.5,207,8.7,148,65,2,35.8,227,18.7,132,53.8,99,27.6,268,15.2,307,52.4,127,32.4,137,Houston,"L, 74-73",Amer,64,334,117.9,10,53.6,31,16.9,70,37.7,3,28.6,231,90.3,10,43.6,3,21.8,29,27.5,146,34.7,286,34.2,138,55,20,66.7,327,6.3,8,9.1,144,7.8,59,59,22,38.9,143,15.1,315,53.2,113,31.7,169,22,24,44.9,339,33.1,111
Davion Warren,Texas+Tech,,2,6-6,205,Sr,36,59.9,100.3,22.5,23.5,50.4,53.7,3.4,11.6,13.8,20.6,1.1,3.678,3.9,4,33.9,67-95,0.705,99-187,0.529,28-93,0.301,25,29,19,26,20,26,B12,66.5,217,110.3,46,52.7,62,20,285,33.1,40,35.8,47,84.4,1,45.4,17,23.5,11,26,84,31.9,228,32.2,252,55,22,70,233,7.1,43,10,259,10,269,52.7,134,34.2,261,19.2,102,55.4,59,25.3,318,19.4,95,42.4,356,38.2,17,Duke,"W, 69-68",ACC,67.4,167,120.3,4,55.9,10,15.1,21,32,58,28.5,236,95.5,43,46.9,42,15.9,309,28.9,217,18.7,2,37,29,56.1,9,73.4,117,8.1,101,9.1,145,6,3,57,45,36.3,209,15.7,292,53.9,94,30.3,208,12,356,57.9,11,30.1,213
Terrence Shannon,Texas+Tech,,1,6-6,215,Jr,25,42.3,107.4,22.5,22.5,54.2,58.7,2.7,9.9,16.8,21.5,1.1,2,2.7,4.2435,39.1,58-74,0.784388,53-104,0.51,33-85,0.388258,18,26,24,23,23,35,B12,66.5,217,110.3,46,52.7,62,20,285,33.1,40,35.8,47,84.4,1,45.4,17,23.5,11,26,84,31.9,228,32.2,252,55,22,70,233,7.1,43,10,259,10,269,52.7,134,34.2,261,19.2,102,55.4,59,25.3,318,19.4,95,42.4,356,38.2,17,Duke,"W, 69-68",ACC,67.4,167,120.3,4,55.9,10,15.1,21,32,58,28.5,236,95.5,43,46.9,42,15.9,309,28.9,217,18.7,2,37,29,56.1,9,73.4,117,8.1,101,9.1,145,6,3,57,45,36.3,209,15.7,292,53.9,94,30.3,208,12,356,57.9,11,30.1,213
Kim Aiken,Arizona,,24,6-7,215,Jr,7,6.5,137.9,16.4,18.6,64.8,62.6,10.2,16.1,23.7,10.6,2,4,3.4,1.7,7.4,0-2,0,4-11,0.364,9-16,0.562,0,0,0,0,0,0,P12,72.5,5,119.1,7,55.9,9,18.2,166,34.5,15,34.8,56,92.2,19,44.1,7,17.4,234,28.4,193,23.5,30,35.3,77,57.6,5,73.9,103,7.1,41,9.5,207,8.7,148,65,2,35.8,227,18.7,132,53.8,99,27.6,268,15.2,307,52.4,127,32.4,137,Houston,"L, 74-73",Amer,64,334,117.9,10,53.6,31,16.9,70,37.7,3,28.6,231,90.3,10,43.6,3,21.8,29,27.5,146,34.7,286,34.2,138,55,20,66.7,327,6.3,8,9.1,144,7.8,59,59,22,38.9,143,15.1,315,53.2,113,31.7,169,22,24,44.9,339,33.1,111
Marcus Santos-Silva,Texas+Tech,,14,6-7,250,Sr,36,36.9,101.2,20.5,16.9,58.1,56.8,14.5,19.3,11.7,25.4,7.3,2.8,4.9,3.8,45.2,27-56,0.482,72-124,0.581,0-0,0,16,17,16,15,14,11,B12,66.5,217,110.3,46,52.7,62,20,285,33.1,40,35.8,47,84.4,1,45.4,17,23.5,11,26,84,31.9,228,32.2,252,55,22,70,233,7.1,43,10,259,10,269,52.7,134,34.2,261,19.2,102,55.4,59,25.3,318,19.4,95,42.4,356,38.2,17,Duke,"W, 69-68",ACC,67.4,167,120.3,4,55.9,10,15.1,21,32,58,28.5,236,95.5,43,46.9,42,15.9,309,28.9,217,18.7,2,37,29,56.1,9,73.4,117,8.1,101,9.1,145,6,3,57,45,36.3,209,15.7,292,53.9,94,30.3,208,12,356,57.9,11,30.1,213
Clarence Nadolny,Texas+Tech,,3,6-3,200,Jr,32,33,91.4,16,11.9,44.2,53,1.3,8.6,10.8,27.8,1.4,4.1,3.9,4.3,84.6,47-66,0.712,30-51,0.588,3-27,0.111,10,0,8,8,19,13,B12,66.5,217,110.3,46,52.7,62,20,285,33.1,40,35.8,47,84.4,1,45.4,17,23.5,11,26,84,31.9,228,32.2,252,55,22,70,233,7.1,43,10,259,10,269,52.7,134,34.2,261,19.2,102,55.4,59,25.3,318,19.4,95,42.4,356,38.2,17,Duke,"W, 69-68",ACC,67.4,167,120.3,4,55.9,10,15.1,21,32,58,28.5,236,95.5,43,46.9,42,15.9,309,28.9,217,18.7,2,37,29,56.1,9,73.4,117,8.1,101,9.1,145,6,3,57,45,36.3,209,15.7,292,53.9,94,30.3,208,12,356,57.9,11,30.1,213
Daniel Batcho,Texas+Tech,,4,6-11,235,Fr,32,22.2,118.7,12.7,8.6,63.2,64.2,11,21.4,7.6,20.3,7.3,0.9,4.5,3.8,100,24-38,0.632,24-36,0.667,0-2,0,4,15,6,2,14,7,B12,66.5,217,110.3,46,52.7,62,20,285,33.1,40,35.8,47,84.4,1,45.4,17,23.5,11,26,84,31.9,228,32.2,252,55,22,70,233,7.1,43,10,259,10,269,52.7,134,34.2,261,19.2,102,55.4,59,25.3,318,19.4,95,42.4,356,38.2,17,Duke,"W, 69-68",ACC,67.4,167,120.3,4,55.9,10,15.1,21,32,58,28.5,236,95.5,43,46.9,42,15.9,309,28.9,217,18.7,2,37,29,56.1,9,73.4,117,8.1,101,9.1,145,6,3,57,45,36.3,209,15.7,292,53.9,94,30.3,208,12,356,57.9,11,30.1,213
Mylik Wilson,Texas+Tech,,13,6-3,175,Jr,31,33.1,96.9,13.1,10.8,45.1,48.3,2.4,10.8,19,25.6,4.9,4.7,2.2,2.4,38,17-27,0.63,29-59,0.492,2-12,0.167,10,16,7,2,14,8,B12,66.5,217,110.3,46,52.7,62,20,285,33.1,40,35.8,47,84.4,1,45.4,17,23.5,11,26,84,31.9,228,32.2,252,55,22,70,233,7.1,43,10,259,10,269,52.7,134,34.2,261,19.2,102,55.4,59,25.3,318,19.4,95,42.4,356,38.2,17,Duke,"W, 69-68",ACC,67.4,167,120.3,4,55.9,10,15.1,21,32,58,28.5,236,95.5,43,46.9,42,15.9,309,28.9,217,18.7,2,37,29,56.1,9,73.4,117,8.1,101,9.1,145,6,3,57,45,36.3,209,15.7,292,53.9,94,30.3,208,12,356,57.9,11,30.1,213
Collin Gillespie,Villanova,,2,6-3,195,Sr,35,84.6122,123.949,22.7,24.2,57.0166,61.498,1.6,11.5,21.4316,13.7441,0,1.9,2.2375,3.7,27.9,101-112,0.9022,73-152,0.48,104-250,0.41698,38,32,35,38,37,32,BE,62.6,345,118.3,8,52.3,77,15.6,31,31.2,75,30.4,170,93.6,30,47.5,66,18.8,148,28.3,187,25.1,47,36.2,51,50.5,138,82.6,1,10.8,308,7.4,22,8.1,90,49,225,46.1,20,19.4,93,42,350,38.6,25,16.4,256,49,245,34.6,61,Michigan,"W, 71-66",B10,66.7,203,114.5,19,52.6,66,17.4,112,30.9,83,29.6,201,97.6,77,49.9,172,14.8,337,23.9,35,25.8,63,33.9,166,53.3,48,75.2,61,8.2,114,8.1,53,9.3,201,52.6,136,32.2,301,17.5,199,56.8,39,25.7,311,15.9,282,55.9,35,28.2,286
Justin Moore,Villanova,,5,6-4,210,Jr,34,83.117,110,23.4,26.5291,48.9,52.1,2.5,14.3,14.2,10.8111,1.4,1.8,2.1284,3.8,26.8,86-116,0.741,99-220,0.45,75-213,0.352,29,33,39,38,36,30,BE,62.6,345,118.3,8,52.3,77,15.6,31,31.2,75,30.4,170,93.6,30,47.5,66,18.8,148,28.3,187,25.1,47,36.2,51,50.5,138,82.6,1,10.8,308,7.4,22,8.1,90,49,225,46.1,20,19.4,93,42,350,38.6,25,16.4,256,49,245,34.6,61,Michigan,"W, 71-66",B10,66.7,203,114.5,19,52.6,66,17.4,112,30.9,83,29.6,201,97.6,77,49.9,172,14.8,337,23.9,35,25.8,63,33.9,166,53.3,48,75.2,61,8.2,114,8.1,53,9.3,201,52.6,136,32.2,301,17.5,199,56.8,39,25.7,311,15.9,282,55.9,35,28.2,286
Jermaine Samuels,Villanova,,23,6-7,230,Sr,35,73.1,112.8376,20.5,19.8,50.9,55.4498,8.1375,17.744,10.2,14.9,3.0387,1.8,3.1,3.9,39.0273,84-111,0.757,106-188,0.564335,26-97,0.268,38,31,24,30,26,27,BE,62.6,345,118.3,8,52.3,77,15.6,31,31.2,75,30.4,170,93.6,30,47.5,66,18.8,148,28.3,187,25.1,47,36.2,51,50.5,138,82.6,1,10.8,308,7.4,22,8.1,90,49,225,46.1,20,19.4,93,42,350,38.6,25,16.4,256,49,245,34.6,61,Michigan,"W, 71-66",B10,66.7,203,114.5,19,52.6,66,17.4,112,30.9,83,29.6,201,97.6,77,49.9,172,14.8,337,23.9,35,25.8,63,33.9,166,53.3,48,75.2,61,8.2,114,8.1,53,9.3,201,52.6,136,32.2,301,17.5,199,56.8,39,25.7,311,15.9,282,55.9,35,28.2,286
Eric Dixon,Villanova,,43,6-8,255,So,35,62.6,119.6114,21.3,19.6,54.4313,58.6233,15.414,14.8,11,16.7,2.3,1.9,3.5,3.4,31.5,63-76,0.829172,107-210,0.51,16-31,0.516,32,25,14,11,15,14,BE,62.6,345,118.3,8,52.3,77,15.6,31,31.2,75,30.4,170,93.6,30,47.5,66,18.8,148,28.3,187,25.1,47,36.2,51,50.5,138,82.6,1,10.8,308,7.4,22,8.1,90,49,225,46.1,20,19.4,93,42,350,38.6,25,16.4,256,49,245,34.6,61,Michigan,"W, 71-66",B10,66.7,203,114.5,19,52.6,66,17.4,112,30.9,83,29.6,201,97.6,77,49.9,172,14.8,337,23.9,35,25.8,63,33.9,166,53.3,48,75.2,61,8.2,114,8.1,53,9.3,201,52.6,136,32.2,301,17.5,199,56.8,39,25.7,311,15.9,282,55.9,35,28.2,286
Caleb Daniels,Villanova,,14,6-4,210,Sr,32,60.8,112.6382,18.8,20.8,55.4238,59.12,2.9,12.9,6.5,15.9,1,1.6,3.6,3,25,53-62,0.855,55-109,0.505,55-139,0.396207,34,30,35,33,37,23,BE,62.6,345,118.3,8,52.3,77,15.6,31,31.2,75,30.4,170,93.6,30,47.5,66,18.8,148,28.3,187,25.1,47,36.2,51,50.5,138,82.6,1,10.8,308,7.4,22,8.1,90,49,225,46.1,20,19.4,93,42,350,38.6,25,16.4,256,49,245,34.6,61,Michigan,"W, 71-66",B10,66.7,203,114.5,19,52.6,66,17.4,112,30.9,83,29.6,201,97.6,77,49.9,172,14.8,337,23.9,35,25.8,63,33.9,166,53.3,48,75.2,61,8.2,114,8.1,53,9.3,201,52.6,136,32.2,301,17.5,199,56.8,39,25.7,311,15.9,282,55.9,35,28.2,286
Jordan Longino,Villanova,,15,6-5,220,Fr,26,16.1,86.6,16.5,15.5,40.8,45.5,4.3,7.3,9,26.9,0.6,3.9,5.5,2.1,16.3,8-8,0.999,8-23,0.348,8-26,0.308,0,0,12,11,3,22,BE,62.6,345,118.3,8,52.3,77,15.6,31,31.2,75,30.4,170,93.6,30,47.5,66,18.8,148,28.3,187,25.1,47,36.2,51,50.5,138,82.6,1,10.8,308,7.4,22,8.1,90,49,225,46.1,20,19.4,93,42,350,38.6,25,16.4,256,49,245,34.6,61,Michigan,"W, 71-66",B10,66.7,203,114.5,19,52.6,66,17.4,112,30.9,83,29.6,201,97.6,77,49.9,172,14.8,337,23.9,35,25.8,63,33.9,166,53.3,48,75.2,61,8.2,114,8.1,53,9.3,201,52.6,136,32.2,301,17.5,199,56.8,39,25.7,311,15.9,282,55.9,35,28.2,286
Brandon Slater,Villanova,,3,6-7,220,Sr,35,74.1,120.298,15,13.9,57.6137,63.15,3.8,10.7,10.6,18,1.6,2.3,3.6,2.9,39.4261,70-80,0.87556,72-115,0.62684,30-88,0.341,21,24,34,37,36,26,BE,62.6,345,118.3,8,52.3,77,15.6,31,31.2,75,30.4,170,93.6,30,47.5,66,18.8,148,28.3,187,25.1,47,36.2,51,50.5,138,82.6,1,10.8,308,7.4,22,8.1,90,49,225,46.1,20,19.4,93,42,350,38.6,25,16.4,256,49,245,34.6,61,Michigan,"W, 71-66",B10,66.7,203,114.5,19,52.6,66,17.4,112,30.9,83,29.6,201,97.6,77,49.9,172,14.8,337,23.9,35,25.8,63,33.9,166,53.3,48,75.2,61,8.2,114,8.1,53,9.3,201,52.6,136,32.2,301,17.5,199,56.8,39,25.7,311,15.9,282,55.9,35,28.2,286
Chris Arcidiacono,Villanova,,4,6-5,200,Jr,32,22.8,102.7,11.8,10.1,36.7,48.8,1.5,11.3,11.4,19.8,0.4,2.1,1.4,2.8,53.3,22-24,0.917,3-11,0.273,9-34,0.265,3,9,6,0,5,20,BE,62.6,345,118.3,8,52.3,77,15.6,31,31.2,75,30.4,170,93.6,30,47.5,66,18.8,148,28.3,187,25.1,47,36.2,51,50.5,138,82.6,1,10.8,308,7.4,22,8.1,90,49,225,46.1,20,19.4,93,42,350,38.6,25,16.4,256,49,245,34.6,61,Michigan,"W, 71-66",B10,66.7,203,114.5,19,52.6,66,17.4,112,30.9,83,29.6,201,97.6,77,49.9,172,14.8,337,23.9,35,25.8,63,33.9,166,53.3,48,75.2,61,8.2,114,8.1,53,9.3,201,52.6,136,32.2,301,17.5,199,56.8,39,25.7,311,15.9,282,55.9,35,28.2,286
Bryan Antoine,Villanova,,1,6-5,180,Jr,18,12.8,86.1,11.6,15.1,28.9,32.6,2,13,7.9,6,0.7,1.7,4,1.6,10.5,4-4,0.999,5-13,0.385,4-25,0.16,5,11,0,0,5,2,BE,62.6,345,118.3,8,52.3,77,15.6,31,31.2,75,30.4,170,93.6,30,47.5,66,18.8,148,28.3,187,25.1,47,36.2,51,50.5,138,82.6,1,10.8,308,7.4,22,8.1,90,49,225,46.1,20,19.4,93,42,350,38.6,25,16.4,256,49,245,34.6,61,Michigan,"W, 71-66",B10,66.7,203,114.5,19,52.6,66,17.4,112,30.9,83,29.6,201,97.6,77,49.9,172,14.8,337,23.9,35,25.8,63,33.9,166,53.3,48,75.2,61,8.2,114,8.1,53,9.3,201,52.6,136,32.2,301,17.5,199,56.8,39,25.7,311,15.9,282,55.9,35,28.2,286
Trey Patterson,Villanova,,13,6-9,220,Fr,15,4.3,98.1,14.7,12.9,40.9,39.2,16.1,13.4,9,20.9,0,0,5.2,1.6,9.1,0-1,0,3-8,0.375,1-3,0.333,0,2,0,0,0,2,BE,62.6,345,118.3,8,52.3,77,15.6,31,31.2,75,30.4,170,93.6,30,47.5,66,18.8,148,28.3,187,25.1,47,36.2,51,50.5,138,82.6,1,10.8,308,7.4,22,8.1,90,49,225,46.1,20,19.4,93,42,350,38.6,25,16.4,256,49,245,34.6,61,Michigan,"W, 71-66",B10,66.7,203,114.5,19,52.6,66,17.4,112,30.9,83,29.6,201,97.6,77,49.9,172,14.8,337,23.9,35,25.8,63,33.9,166,53.3,48,75.2,61,8.2,114,8.1,53,9.3,201,52.6,136,32.2,301,17.5,199,56.8,39,25.7,311,15.9,282,55.9,35,28.2,286
Jalen Coleman-Lands,Kansas,,55,6-4,190,Sr,35,21.3,114.4,19.4,22.6,62,63.2,4.3,6,7.6,19.1,1.3,1.3,4.5,2.5,15.4,12-16,0.75,21-40,0.525,29-64,0.453,9,7,2,2,10,7,B12,69.4,64,119.6,6,54,25,17.6,119,33.5,34,32.1,117,93.4,26,46.6,37,18.3,175,28.1,176,28.1,118,36,57,54,37,72.7,145,7.9,90,9.7,226,8,72,54,90,33.5,279,17.8,182,54.7,72,27.5,270,17.8,183,54.6,56,27.6,304,Providence,"W, 76-69",BE,65.2,283,112,32,50.5,149,17.2,97,30.4,99,37.5,28,96.4,58,46.5,34,15.6,322,27.4,140,26.3,80,35,94,49.3,198,72.9,136,10,269,8.8,121,8.4,107,54.4,85,38.1,167,21.3,27,47.5,277,31.2,180,16.4,248,53.8,83,29.7,233
Dajuan Harris,Kansas,,3,6-1,170,So,36,72.5,108.4,12.8,11.9,47,49.1,1.7,3.7,22.8255,21.2,1.1,2.8262,2.8,1.5,11.8,18-22,0.818,62-131,0.473,17-55,0.309,18,29,19,25,25,38,B12,69.4,64,119.6,6,54,25,17.6,119,33.5,34,32.1,117,93.4,26,46.6,37,18.3,175,28.1,176,28.1,118,36,57,54,37,72.7,145,7.9,90,9.7,226,8,72,54,90,33.5,279,17.8,182,54.7,72,27.5,270,17.8,183,54.6,56,27.6,304,Providence,"W, 76-69",BE,65.2,283,112,32,50.5,149,17.2,97,30.4,99,37.5,28,96.4,58,46.5,34,15.6,322,27.4,140,26.3,80,35,94,49.3,198,72.9,136,10,269,8.8,121,8.4,107,54.4,85,38.1,167,21.3,27,47.5,277,31.2,180,16.4,248,53.8,83,29.7,233
KJ Adams,Kansas,,24,6-7,225,Fr,34,11.6,117.1,14.2,10,52,55.1,14.3,6.5,9.3,16.7,4.2,0.7,4.5,3.8,80,12-20,0.6,13-24,0.542,0-1,0,4,7,0,1,5,3,B12,69.4,64,119.6,6,54,25,17.6,119,33.5,34,32.1,117,93.4,26,46.6,37,18.3,175,28.1,176,28.1,118,36,57,54,37,72.7,145,7.9,90,9.7,226,8,72,54,90,33.5,279,17.8,182,54.7,72,27.5,270,17.8,183,54.6,56,27.6,304,Providence,"W, 76-69",BE,65.2,283,112,32,50.5,149,17.2,97,30.4,99,37.5,28,96.4,58,46.5,34,15.6,322,27.4,140,26.3,80,35,94,49.3,198,72.9,136,10,269,8.8,121,8.4,107,54.4,85,38.1,167,21.3,27,47.5,277,31.2,180,16.4,248,53.8,83,29.7,233
Bobby Pettiford,Kansas,,0,6-1,190,Fr,14,7.6,87,13.3,9.1,53.3,56.2,0,12.8,16.9,39,0,1.6,1.8,1.9,26.7,3-4,0.75,8-12,0.667,0-3,0,0,0,0,0,0,0,B12,69.4,64,119.6,6,54,25,17.6,119,33.5,34,32.1,117,93.4,26,46.6,37,18.3,175,28.1,176,28.1,118,36,57,54,37,72.7,145,7.9,90,9.7,226,8,72,54,90,33.5,279,17.8,182,54.7,72,27.5,270,17.8,183,54.6,56,27.6,304,Providence,"W, 76-69",BE,65.2,283,112,32,50.5,149,17.2,97,30.4,99,37.5,28,96.4,58,46.5,34,15.6,322,27.4,140,26.3,80,35,94,49.3,198,72.9,136,10,269,8.8,121,8.4,107,54.4,85,38.1,167,21.3,27,47.5,277,31.2,180,16.4,248,53.8,83,29.7,233
Zach Clemence,Kansas,,21,6-10,225,Fr,22,7.6,106.1,28.1,24.3,45,46.5,18.6,25.6,15.6,11,6.5,4.1,7.2,7.5,72.5,14-29,0.483,9-18,0.5,6-22,0.273,0,9,0,1,7,2,B12,69.4,64,119.6,6,54,25,17.6,119,33.5,34,32.1,117,93.4,26,46.6,37,18.3,175,28.1,176,28.1,118,36,57,54,37,72.7,145,7.9,90,9.7,226,8,72,54,90,33.5,279,17.8,182,54.7,72,27.5,270,17.8,183,54.6,56,27.6,304,Providence,"W, 76-69",BE,65.2,283,112,32,50.5,149,17.2,97,30.4,99,37.5,28,96.4,58,46.5,34,15.6,322,27.4,140,26.3,80,35,94,49.3,198,72.9,136,10,269,8.8,121,8.4,107,54.4,85,38.1,167,21.3,27,47.5,277,31.2,180,16.4,248,53.8,83,29.7,233
Chris Teahan,Kansas,,,,,,,,,,,,,,,,,,,,,,,,,,,,0,2,0,1,2,2,B12,69.4,64,119.6,6,54,25,17.6,119,33.5,34,32.1,117,93.4,26,46.6,37,18.3,175,28.1,176,28.1,118,36,57,54,37,72.7,145,7.9,90,9.7,226,8,72,54,90,33.5,279,17.8,182,54.7,72,27.5,270,17.8,183,54.6,56,27.6,304,Providence,"W, 76-69",BE,65.2,283,112,32,50.5,149,17.2,97,30.4,99,37.5,28,96.4,58,46.5,34,15.6,322,27.4,140,26.3,80,35,94,49.3,198,72.9,136,10,269,8.8,121,8.4,107,54.4,85,38.1,167,21.3,27,47.5,277,31.2,180,16.4,248,53.8,83,29.7,233
Jaime Jaquez,UCLA,,24,6-7,225,Jr,33,72,115.3256,23.8473,23.5,51.1,55.7465,6.7,15.8,15.2,11.9206,1.3,2.3,2.1306,4.5334,37.4311,102-132,0.773439,149-280,0.532,21-73,0.288,30,37,36,36,33,34,P12,65.4,271,116.3,12,50.6,147,13.3,5,31.7,65,29.9,186,91.1,13,47.6,72,19.6,98,24.9,56,28.6,133,35.3,76,49.5,188,74.2,94,7.7,77,6.7,5,6.6,14,50.6,179,31.5,311,18,170,55,68,27.1,284,17.9,171,50.8,181,31.3,168,North Carolina,"W, 75-70",ACC,70.6,31,114,20,52.3,72,16.7,60,30.7,89,30.3,175,95.5,42,49.2,134,14.1,347,21.4,2,21.6,10,36.5,41,50.9,127,77,22,8.9,180,9.4,187,7.3,35,55.4,72,37.9,171,18.2,153,49.3,227,32.4,136,13.9,337,52.6,116,33.5,96
Jaylen Clark,UCLA,,0,6-5,210,So,28,37.4,112.9,20.1,20.1,52.9,53.4,9.7,14.9,11.1,11,1.1,3.7,4.2,3.4,30.6,26-48,0.542,74-131,0.565,6-26,0.231,11,15,10,12,19,12,P12,65.4,271,116.3,12,50.6,147,13.3,5,31.7,65,29.9,186,91.1,13,47.6,72,19.6,98,24.9,56,28.6,133,35.3,76,49.5,188,74.2,94,7.7,77,6.7,5,6.6,14,50.6,179,31.5,311,18,170,55,68,27.1,284,17.9,171,50.8,181,31.3,168,North Carolina,"W, 75-70",ACC,70.6,31,114,20,52.3,72,16.7,60,30.7,89,30.3,175,95.5,42,49.2,134,14.1,347,21.4,2,21.6,10,36.5,41,50.9,127,77,22,8.9,180,9.4,187,7.3,35,55.4,72,37.9,171,18.2,153,49.3,227,32.4,136,13.9,337,52.6,116,33.5,96
Peyton Watson,UCLA,,23,6-8,200,Fr,31,29.1,84.2,21.3,19.4,35.2,39.4,8.2,18.6,11.1,21,5.6,2.8,5,3.2,27.1,22-32,0.688,31-87,0.356,7-31,0.226,10,6,6,9,12,0,P12,65.4,271,116.3,12,50.6,147,13.3,5,31.7,65,29.9,186,91.1,13,47.6,72,19.6,98,24.9,56,28.6,133,35.3,76,49.5,188,74.2,94,7.7,77,6.7,5,6.6,14,50.6,179,31.5,311,18,170,55,68,27.1,284,17.9,171,50.8,181,31.3,168,North Carolina,"W, 75-70",ACC,70.6,31,114,20,52.3,72,16.7,60,30.7,89,30.3,175,95.5,42,49.2,134,14.1,347,21.4,2,21.6,10,36.5,41,50.9,127,77,22,8.9,180,9.4,187,7.3,35,55.4,72,37.9,171,18.2,153,49.3,227,32.4,136,13.9,337,52.6,116,33.5,96
Tyger Campbell,UCLA,,10,5-11,180,Jr,32,74.1,118.9137,19.2,19.5,52,55.9444,1.6,7.8,23.9211,12.5273,0.3,1.9,2.3455,3,25.2,64-76,0.84213,82-181,0.453,50-121,0.413113,32,38,32,35,27,38,P12,65.4,271,116.3,12,50.6,147,13.3,5,31.7,65,29.9,186,91.1,13,47.6,72,19.6,98,24.9,56,28.6,133,35.3,76,49.5,188,74.2,94,7.7,77,6.7,5,6.6,14,50.6,179,31.5,311,18,170,55,68,27.1,284,17.9,171,50.8,181,31.3,168,North Carolina,"W, 75-70",ACC,70.6,31,114,20,52.3,72,16.7,60,30.7,89,30.3,175,95.5,42,49.2,134,14.1,347,21.4,2,21.6,10,36.5,41,50.9,127,77,22,8.9,180,9.4,187,7.3,35,55.4,72,37.9,171,18.2,153,49.3,227,32.4,136,13.9,337,52.6,116,33.5,96
JD Notae,Arkansas,,1,6-2,190,Sr,34,79.4325,99.6,29.762,32.623,46.5,50.6,1.7,13.6,24.3201,16.2,2.2,3.853,3.1,4.7242,27.7,117-151,0.775431,149-314,0.475,70-232,0.302,31,27,27,32,34,39,SEC,70.7,28,109.9,54,48.7,237,17.1,89,30,112,38.3,15,91.2,14,47.4,64,20.5,59,25.2,63,31.9,226,30.5,314,50.3,149,75.9,44,8.7,146,9.2,154,7.9,67,53.1,119,34.3,259,23,6,52.3,132,24.7,328,19.6,87,47.6,277,32.8,127,Gonzaga,"L, 82-72",WCC,72.5,6,122.2,1,59.3,1,15.5,29,29.3,143,30.6,162,89.8,9,43,1,16.4,296,23.4,25,22.9,22,37.4,22,61,1,71.2,188,6.9,30,8.2,64,7.3,34,55.7,65,35.4,236,15.5,302,56.1,48,28.3,250,15.7,292,54.4,63,29.9,227
Chris Lykes,Arkansas,,11,5-7,160,Sr,35,44.6,104.6,23,22.3,40.7,51.9,1.2,5.1,16.4,14.6,0.2,2.9226,4,5.855,59,108-124,0.87161,48-122,0.393,25-88,0.284,9,6,18,29,25,4,SEC,70.7,28,109.9,54,48.7,237,17.1,89,30,112,38.3,15,91.2,14,47.4,64,20.5,59,25.2,63,31.9,226,30.5,314,50.3,149,75.9,44,8.7,146,9.2,154,7.9,67,53.1,119,34.3,259,23,6,52.3,132,24.7,328,19.6,87,47.6,277,32.8,127,Gonzaga,"L, 82-72",WCC,72.5,6,122.2,1,59.3,1,15.5,29,29.3,143,30.6,162,89.8,9,43,1,16.4,296,23.4,25,22.9,22,37.4,22,61,1,71.2,188,6.9,30,8.2,64,7.3,34,55.7,65,35.4,236,15.5,302,56.1,48,28.3,250,15.7,292,54.4,63,29.9,227
Jaylin Williams,Arkansas,,10,6-10,240,So,35,78.2382,106,18.3,16.9,48.9,54,5.4,29.014,15.1,17.6,4.2221,2.3,3.3,4,47.3128,96-132,0.727,114-215,0.53,15-64,0.234,40,33,26,37,30,34,SEC,70.7,28,109.9,54,48.7,237,17.1,89,30,112,38.3,15,91.2,14,47.4,64,20.5,59,25.2,63,31.9,226,30.5,314,50.3,149,75.9,44,8.7,146,9.2,154,7.9,67,53.1,119,34.3,259,23,6,52.3,132,24.7,328,19.6,87,47.6,277,32.8,127,Gonzaga,"L, 82-72",WCC,72.5,6,122.2,1,59.3,1,15.5,29,29.3,143,30.6,162,89.8,9,43,1,16.4,296,23.4,25,22.9,22,37.4,22,61,1,71.2,188,6.9,30,8.2,64,7.3,34,55.7,65,35.4,236,15.5,302,56.1,48,28.3,250,15.7,292,54.4,63,29.9,227
Davonte Davis,Arkansas,,4,6-4,180,So,35,68.9,99.3,18.3,17.4,46.6,50.2,4.6,10.5,18.9458,20.1,0,1.9,3.8,3.1,31.8,56-80,0.7,89-182,0.489,19-70,0.271,35,36,30,5,20,31,SEC,70.7,28,109.9,54,48.7,237,17.1,89,30,112,38.3,15,91.2,14,47.4,64,20.5,59,25.2,63,31.9,226,30.5,314,50.3,149,75.9,44,8.7,146,9.2,154,7.9,67,53.1,119,34.3,259,23,6,52.3,132,24.7,328,19.6,87,47.6,277,32.8,127,Gonzaga,"L, 82-72",WCC,72.5,6,122.2,1,59.3,1,15.5,29,29.3,143,30.6,162,89.8,9,43,1,16.4,296,23.4,25,22.9,22,37.4,22,61,1,71.2,188,6.9,30,8.2,64,7.3,34,55.7,65,35.4,236,15.5,302,56.1,48,28.3,250,15.7,292,54.4,63,29.9,227
Kamani Johnson,Arkansas,,20,6-7,235,Jr,24,14.4,107.6,18.2,9.2,64.3,60.9,18.5,19.1,6.1,24.1,5.7,1.6,6.7,6,153.6,23-43,0.535,18-28,0.643,0-0,0,0,0,7,3,24,6,SEC,70.7,28,109.9,54,48.7,237,17.1,89,30,112,38.3,15,91.2,14,47.4,64,20.5,59,25.2,63,31.9,226,30.5,314,50.3,149,75.9,44,8.7,146,9.2,154,7.9,67,53.1,119,34.3,259,23,6,52.3,132,24.7,328,19.6,87,47.6,277,32.8,127,Gonzaga,"L, 82-72",WCC,72.5,6,122.2,1,59.3,1,15.5,29,29.3,143,30.6,162,89.8,9,43,1,16.4,296,23.4,25,22.9,22,37.4,22,61,1,71.2,188,6.9,30,8.2,64,7.3,34,55.7,65,35.4,236,15.5,302,56.1,48,28.3,250,15.7,292,54.4,63,29.9,227
Chibuzo Agbo,Texas+Tech,,23,6-7,220,So,23,10.4,95,14,17.4,47.2,45.6,8.4,10.7,1.2,14,0.9,1.6,2.9,1.9,13.9,1-5,0.2,11-16,0.688,4-20,0.2,0,6,0,1,8,4,B12,66.5,217,110.3,46,52.7,62,20,285,33.1,40,35.8,47,84.4,1,45.4,17,23.5,11,26,84,31.9,228,32.2,252,55,22,70,233,7.1,43,10,259,10,269,52.7,134,34.2,261,19.2,102,55.4,59,25.3,318,19.4,95,42.4,356,38.2,17,Duke,"W, 69-68",ACC,67.4,167,120.3,4,55.9,10,15.1,21,32,58,28.5,236,95.5,43,46.9,42,15.9,309,28.9,217,18.7,2,37,29,56.1,9,73.4,117,8.1,101,9.1,145,6,3,57,45,36.3,209,15.7,292,53.9,94,30.3,208,12,356,57.9,11,30.1,213
Jaxson Robinson,Arkansas,,14,6-6,185,So,16,11.4,107.8,16,20.8,52,53.5,3.4,10.3,8.2,13,2.9,0.3,2.7,1.6,6,3-3,0.999,5-7,0.714,14-43,0.326,0,0,2,0,3,0,SEC,70.7,28,109.9,54,48.7,237,17.1,89,30,112,38.3,15,91.2,14,47.4,64,20.5,59,25.2,63,31.9,226,30.5,314,50.3,149,75.9,44,8.7,146,9.2,154,7.9,67,53.1,119,34.3,259,23,6,52.3,132,24.7,328,19.6,87,47.6,277,32.8,127,Gonzaga,"L, 82-72",WCC,72.5,6,122.2,1,59.3,1,15.5,29,29.3,143,30.6,162,89.8,9,43,1,16.4,296,23.4,25,22.9,22,37.4,22,61,1,71.2,188,6.9,30,8.2,64,7.3,34,55.7,65,35.4,236,15.5,302,56.1,48,28.3,250,15.7,292,54.4,63,29.9,227
Trey Wade,Arkansas,,3,6-6,220,Sr,35,40.3,111.6442,10.8,10.7,53.3,56.2,7,9.8,7.1,18.1,2.6464,0.8,2.4,1.8,22,16-20,0.8,35-65,0.538,9-26,0.346,6,18,11,37,19,9,SEC,70.7,28,109.9,54,48.7,237,17.1,89,30,112,38.3,15,91.2,14,47.4,64,20.5,59,25.2,63,31.9,226,30.5,314,50.3,149,75.9,44,8.7,146,9.2,154,7.9,67,53.1,119,34.3,259,23,6,52.3,132,24.7,328,19.6,87,47.6,277,32.8,127,Gonzaga,"L, 82-72",WCC,72.5,6,122.2,1,59.3,1,15.5,29,29.3,143,30.6,162,89.8,9,43,1,16.4,296,23.4,25,22.9,22,37.4,22,61,1,71.2,188,6.9,30,8.2,64,7.3,34,55.7,65,35.4,236,15.5,302,56.1,48,28.3,250,15.7,292,54.4,63,29.9,227
Connor Vanover,Arkansas,,23,7-3,215,Jr,15,8,110.5,25.4,30.2,44.1,49.9,11.8,18.7,7.8,5.8,9.2,1,1.4,4.9,33.3,14-17,0.824,21-38,0.553,1-13,0.077,0,0,0,0,0,0,SEC,70.7,28,109.9,54,48.7,237,17.1,89,30,112,38.3,15,91.2,14,47.4,64,20.5,59,25.2,63,31.9,226,30.5,314,50.3,149,75.9,44,8.7,146,9.2,154,7.9,67,53.1,119,34.3,259,23,6,52.3,132,24.7,328,19.6,87,47.6,277,32.8,127,Gonzaga,"L, 82-72",WCC,72.5,6,122.2,1,59.3,1,15.5,29,29.3,143,30.6,162,89.8,9,43,1,16.4,296,23.4,25,22.9,22,37.4,22,61,1,71.2,188,6.9,30,8.2,64,7.3,34,55.7,65,35.4,236,15.5,302,56.1,48,28.3,250,15.7,292,54.4,63,29.9,227
Khalen Robinson,Arkansas,,2,6-0,180,So,19,6.6,82.8,22.8,20.1,42.9,44.7,2.4,7.2,25.2,28.9,0,3.6,9.5,3.1,25,4-7,0.571,3-11,0.273,6-17,0.353,0,0,3,0,9,0,SEC,70.7,28,109.9,54,48.7,237,17.1,89,30,112,38.3,15,91.2,14,47.4,64,20.5,59,25.2,63,31.9,226,30.5,314,50.3,149,75.9,44,8.7,146,9.2,154,7.9,67,53.1,119,34.3,259,23,6,52.3,132,24.7,328,19.6,87,47.6,277,32.8,127,Gonzaga,"L, 82-72",WCC,72.5,6,122.2,1,59.3,1,15.5,29,29.3,143,30.6,162,89.8,9,43,1,16.4,296,23.4,25,22.9,22,37.4,22,61,1,71.2,188,6.9,30,8.2,64,7.3,34,55.7,65,35.4,236,15.5,302,56.1,48,28.3,250,15.7,292,54.4,63,29.9,227
Cody Riley,UCLA,,2,6-9,250,Sr,25,38.9,106.8,18.9,18.1,48.3,52.1,5.9,15.5,8.4,13,2,1.9,4.6,4,43.5,43-64,0.672,65-139,0.468,4-8,0.5,28,23,15,13,21,20,P12,65.4,271,116.3,12,50.6,147,13.3,5,31.7,65,29.9,186,91.1,13,47.6,72,19.6,98,24.9,56,28.6,133,35.3,76,49.5,188,74.2,94,7.7,77,6.7,5,6.6,14,50.6,179,31.5,311,18,170,55,68,27.1,284,17.9,171,50.8,181,31.3,168,North Carolina,"W, 75-70",ACC,70.6,31,114,20,52.3,72,16.7,60,30.7,89,30.3,175,95.5,42,49.2,134,14.1,347,21.4,2,21.6,10,36.5,41,50.9,127,77,22,8.9,180,9.4,187,7.3,35,55.4,72,37.9,171,18.2,153,49.3,227,32.4,136,13.9,337,52.6,116,33.5,96
Myles Johnson,UCLA,,15,6-10,255,Sr,34,45,113.6341,13.7,8.4,62,60.8,15.713,19.0318,6.7,24.6,8.252,1.9,4.7,2.7,57,24-45,0.533,49-79,0.62098,0-0,0,12,9,18,26,19,20,P12,65.4,271,116.3,12,50.6,147,13.3,5,31.7,65,29.9,186,91.1,13,47.6,72,19.6,98,24.9,56,28.6,133,35.3,76,49.5,188,74.2,94,7.7,77,6.7,5,6.6,14,50.6,179,31.5,311,18,170,55,68,27.1,284,17.9,171,50.8,181,31.3,168,North Carolina,"W, 75-70",ACC,70.6,31,114,20,52.3,72,16.7,60,30.7,89,30.3,175,95.5,42,49.2,134,14.1,347,21.4,2,21.6,10,36.5,41,50.9,127,77,22,8.9,180,9.4,187,7.3,35,55.4,72,37.9,171,18.2,153,49.3,227,32.4,136,13.9,337,52.6,116,33.5,96
Jake Kyman,UCLA,,13,6-7,215,Jr,22,13,110.7,16,19.9,45.4,48.4,2.5,13.4,10.8,6.3,0,1.7,2.7,1.9,11.1,6-6,0.999,11-23,0.478,9-31,0.29,0,0,0,0,3,0,P12,65.4,271,116.3,12,50.6,147,13.3,5,31.7,65,29.9,186,91.1,13,47.6,72,19.6,98,24.9,56,28.6,133,35.3,76,49.5,188,74.2,94,7.7,77,6.7,5,6.6,14,50.6,179,31.5,311,18,170,55,68,27.1,284,17.9,171,50.8,181,31.3,168,North Carolina,"W, 75-70",ACC,70.6,31,114,20,52.3,72,16.7,60,30.7,89,30.3,175,95.5,42,49.2,134,14.1,347,21.4,2,21.6,10,36.5,41,50.9,127,77,22,8.9,180,9.4,187,7.3,35,55.4,72,37.9,171,18.2,153,49.3,227,32.4,136,13.9,337,52.6,116,33.5,96
David Singleton,UCLA,,34,6-4,205,Sr,33,39.8,131.6,11.8,14.1,63.7,63.6,1.9,8.6,9.4,8.3,1.1,2,2.5,1.6,12.8,9-15,0.6,19-35,0.543,37-82,0.451,7,6,4,9,6,10,P12,65.4,271,116.3,12,50.6,147,13.3,5,31.7,65,29.9,186,91.1,13,47.6,72,19.6,98,24.9,56,28.6,133,35.3,76,49.5,188,74.2,94,7.7,77,6.7,5,6.6,14,50.6,179,31.5,311,18,170,55,68,27.1,284,17.9,171,50.8,181,31.3,168,North Carolina,"W, 75-70",ACC,70.6,31,114,20,52.3,72,16.7,60,30.7,89,30.3,175,95.5,42,49.2,134,14.1,347,21.4,2,21.6,10,36.5,41,50.9,127,77,22,8.9,180,9.4,187,7.3,35,55.4,72,37.9,171,18.2,153,49.3,227,32.4,136,13.9,337,52.6,116,33.5,96
Kenneth Nwuba,UCLA,,14,6-10,255,Jr,20,9.5,102.8,11.1,7.6,66.7,63.8,6.1,10.2,5.1,28.8,5.4,0.5,7.3,2.4,53.3,4-8,0.5,10-15,0.667,0-0,0,0,0,6,0,1,0,P12,65.4,271,116.3,12,50.6,147,13.3,5,31.7,65,29.9,186,91.1,13,47.6,72,19.6,98,24.9,56,28.6,133,35.3,76,49.5,188,74.2,94,7.7,77,6.7,5,6.6,14,50.6,179,31.5,311,18,170,55,68,27.1,284,17.9,171,50.8,181,31.3,168,North Carolina,"W, 75-70",ACC,70.6,31,114,20,52.3,72,16.7,60,30.7,89,30.3,175,95.5,42,49.2,134,14.1,347,21.4,2,21.6,10,36.5,41,50.9,127,77,22,8.9,180,9.4,187,7.3,35,55.4,72,37.9,171,18.2,153,49.3,227,32.4,136,13.9,337,52.6,116,33.5,96
Sasha Stefanovic,Purdue,,55,6-5,205,Sr,36,74.7,121.967,16.7,18.9,53.5389,57.6315,0.7,8.3,17.4,13.948,0.7,0.7,2.0218,2.8,26,65-75,0.86772,28-66,0.424,84-222,0.37835,28,22,33,22,23,38,B10,66.2,236,121.5,2,56.8,4,17.3,106,35.1,13,38.5,14,98.4,89,49.2,139,14.1,346,23.8,33,21.1,6,38.8,4,55.8,13,70.8,203,6.9,34,8.7,103,8.6,131,58.8,28,39.2,139,19.4,94,48.3,263,32.4,141,13.3,350,51,173,35.8,41,Saint Peter's,"W, 73-63",MAAC,66.1,240,100.5,225,48.1,265,20.6,310,31.7,64,38.1,19,93.6,28,44.1,5,20.7,47,28.5,199,41.9,348,35.1,87,46.1,313,69.3,266,13.4,354,10.5,292,10.1,283,52.3,146,30.1,335,21.6,22,52.6,127,25.9,305,25.7,2,47.3,285,27,312
Brandon Newman,Purdue,,5,6-5,200,So,25,21.6,101.8,19.6,24.7,44.5,48.2,1.2,15.6,8.8,13.6,1.8,1.9,4.2,3.1,22,19-24,0.792,8-25,0.32,27-84,0.321,4,9,10,18,21,0,B10,66.2,236,121.5,2,56.8,4,17.3,106,35.1,13,38.5,14,98.4,89,49.2,139,14.1,346,23.8,33,21.1,6,38.8,4,55.8,13,70.8,203,6.9,34,8.7,103,8.6,131,58.8,28,39.2,139,19.4,94,48.3,263,32.4,141,13.3,350,51,173,35.8,41,Saint Peter's,"W, 73-63",MAAC,66.1,240,100.5,225,48.1,265,20.6,310,31.7,64,38.1,19,93.6,28,44.1,5,20.7,47,28.5,199,41.9,348,35.1,87,46.1,313,69.3,266,13.4,354,10.5,292,10.1,283,52.3,146,30.1,335,21.6,22,52.6,127,25.9,305,25.7,2,47.3,285,27,312
Eric Hunter,Purdue,,2,6-4,175,Sr,36,63.8,114.1311,13.3,13,57.4145,59.3187,2.5,6.7,12.5,20.4,0.1,1.6,2.239,2.5,31.9499,37-54,0.685,46-94,0.489,34-75,0.45328,36,24,29,30,35,37,B10,66.2,236,121.5,2,56.8,4,17.3,106,35.1,13,38.5,14,98.4,89,49.2,139,14.1,346,23.8,33,21.1,6,38.8,4,55.8,13,70.8,203,6.9,34,8.7,103,8.6,131,58.8,28,39.2,139,19.4,94,48.3,263,32.4,141,13.3,350,51,173,35.8,41,Saint Peter's,"W, 73-63",MAAC,66.1,240,100.5,225,48.1,265,20.6,310,31.7,64,38.1,19,93.6,28,44.1,5,20.7,47,28.5,199,41.9,348,35.1,87,46.1,313,69.3,266,13.4,354,10.5,292,10.1,283,52.3,146,30.1,335,21.6,22,52.6,127,25.9,305,25.7,2,47.3,285,27,312
Mason Gillis,Purdue,,0,6-6,230,So,32,51.4,129.91,12.2,12.9,63.7,66.2,7.8402,16,6.9,16.4,1.1,0.9,3.1,2.1,25.2,28-34,0.824,32-51,0.627,36-84,0.42964,20,19,28,30,24,36,B10,66.2,236,121.5,2,56.8,4,17.3,106,35.1,13,38.5,14,98.4,89,49.2,139,14.1,346,23.8,33,21.1,6,38.8,4,55.8,13,70.8,203,6.9,34,8.7,103,8.6,131,58.8,28,39.2,139,19.4,94,48.3,263,32.4,141,13.3,350,51,173,35.8,41,Saint Peter's,"W, 73-63",MAAC,66.1,240,100.5,225,48.1,265,20.6,310,31.7,64,38.1,19,93.6,28,44.1,5,20.7,47,28.5,199,41.9,348,35.1,87,46.1,313,69.3,266,13.4,354,10.5,292,10.1,283,52.3,146,30.1,335,21.6,22,52.6,127,25.9,305,25.7,2,47.3,285,27,312
Caleb Furst,Purdue,,3,6-10,230,Fr,33,33.7,124.9,13.3,11.9,64,66.1,9.6,15.9,4.5,17.5,1.8,0.7,2.9,3.2,53.7,31-44,0.705,36-56,0.643,11-26,0.423,9,21,0,9,0,4,B10,66.2,236,121.5,2,56.8,4,17.3,106,35.1,13,38.5,14,98.4,89,49.2,139,14.1,346,23.8,33,21.1,6,38.8,4,55.8,13,70.8,203,6.9,34,8.7,103,8.6,131,58.8,28,39.2,139,19.4,94,48.3,263,32.4,141,13.3,350,51,173,35.8,41,Saint Peter's,"W, 73-63",MAAC,66.1,240,100.5,225,48.1,265,20.6,310,31.7,64,38.1,19,93.6,28,44.1,5,20.7,47,28.5,199,41.9,348,35.1,87,46.1,313,69.3,266,13.4,354,10.5,292,10.1,283,52.3,146,30.1,335,21.6,22,52.6,127,25.9,305,25.7,2,47.3,285,27,312
Isaiah Thompson,Purdue,,11,6-1,160,Jr,36,40.5,125.331,11.5,13.2,59.2,61.6,1.7,5.1,9.8,14.1,0.6,0.6,2.6,2.1,24.8,21-27,0.778,12-25,0.48,35-84,0.41797,4,13,11,9,9,4,B10,66.2,236,121.5,2,56.8,4,17.3,106,35.1,13,38.5,14,98.4,89,49.2,139,14.1,346,23.8,33,21.1,6,38.8,4,55.8,13,70.8,203,6.9,34,8.7,103,8.6,131,58.8,28,39.2,139,19.4,94,48.3,263,32.4,141,13.3,350,51,173,35.8,41,Saint Peter's,"W, 73-63",MAAC,66.1,240,100.5,225,48.1,265,20.6,310,31.7,64,38.1,19,93.6,28,44.1,5,20.7,47,28.5,199,41.9,348,35.1,87,46.1,313,69.3,266,13.4,354,10.5,292,10.1,283,52.3,146,30.1,335,21.6,22,52.6,127,25.9,305,25.7,2,47.3,285,27,312
Ethan Morton,Purdue,,25,6-6,215,So,36,37.4,124,9.3,8.4,60.2,61.6,1.6,9.4,14.5,20.1,1.7,2.3,2.1,1.8,29.7,13-19,0.684,16-31,0.516,15-33,0.455,22,20,15,4,12,10,B10,66.2,236,121.5,2,56.8,4,17.3,106,35.1,13,38.5,14,98.4,89,49.2,139,14.1,346,23.8,33,21.1,6,38.8,4,55.8,13,70.8,203,6.9,34,8.7,103,8.6,131,58.8,28,39.2,139,19.4,94,48.3,263,32.4,141,13.3,350,51,173,35.8,41,Saint Peter's,"W, 73-63",MAAC,66.1,240,100.5,225,48.1,265,20.6,310,31.7,64,38.1,19,93.6,28,44.1,5,20.7,47,28.5,199,41.9,348,35.1,87,46.1,313,69.3,266,13.4,354,10.5,292,10.1,283,52.3,146,30.1,335,21.6,22,52.6,127,25.9,305,25.7,2,47.3,285,27,312
Caleb Love,North+Carolina,,2,6-4,195,So,35,83.0176,101.6,24.9352,25.2422,45.8,51.8,0.6,10.3,19.9393,18.4,0.7,1.8,2.0253,4.1493,32.1495,125-144,0.8687,84-232,0.362,81-217,0.373397,32,34,38,32,38,36,ACC,70.6,31,114,20,52.3,72,16.7,60,30.7,89,30.3,175,95.5,42,49.2,134,14.1,347,21.4,2,21.6,10,36.5,41,50.9,127,77,22,8.9,180,9.4,187,7.3,35,55.4,72,37.9,171,18.2,153,49.3,227,32.4,136,13.9,337,52.6,116,33.5,96,UCLA,"L, 75-70",P12,65.4,271,116.3,12,50.6,147,13.3,5,31.7,65,29.9,186,91.1,13,47.6,72,19.6,98,24.9,56,28.6,133,35.3,76,49.5,188,74.2,94,7.7,77,6.7,5,6.6,14,50.6,179,31.5,311,18,170,55,68,27.1,284,17.9,171,50.8,181,31.3,168
Hunter Dickinson,Michigan,,1,7-1,260,So,31,75.7494,120.299,26.6213,28.6155,59.677,62.567,8.8289,22.3124,15.8,14.5,4.917,0.9,3.3,4.1,27.3,90-112,0.804273,213-347,0.61412,21-63,0.333,38,35,33,0,33,32,B10,66.7,203,114.5,19,52.6,66,17.4,112,30.9,83,29.6,201,97.6,77,49.9,172,14.8,337,23.9,35,25.8,63,33.9,166,53.3,48,75.2,61,8.2,114,8.1,53,9.3,201,52.6,136,32.2,301,17.5,199,56.8,39,25.7,311,15.9,282,55.9,35,28.2,286,Villanova,"L, 71-66",BE,62.6,345,118.3,8,52.3,77,15.6,31,31.2,75,30.4,170,93.6,30,47.5,66,18.8,148,28.3,187,25.1,47,36.2,51,50.5,138,82.6,1,10.8,308,7.4,22,8.1,90,49,225,46.1,20,19.4,93,42,350,38.6,25,16.4,256,49,245,34.6,61
DeVante' Jones,Michigan,,12,6-1,200,Sr,32,69.5,110.7,22.2,20.2,51.1,55,4.8,14.2,29.676,19.7,0.5,2,3.7,3.3,28.9,61-77,0.792339,97-189,0.513,26-77,0.338,12,0,35,34,33,21,B10,66.7,203,114.5,19,52.6,66,17.4,112,30.9,83,29.6,201,97.6,77,49.9,172,14.8,337,23.9,35,25.8,63,33.9,166,53.3,48,75.2,61,8.2,114,8.1,53,9.3,201,52.6,136,32.2,301,17.5,199,56.8,39,25.7,311,15.9,282,55.9,35,28.2,286,Villanova,"L, 71-66",BE,62.6,345,118.3,8,52.3,77,15.6,31,31.2,75,30.4,170,93.6,30,47.5,66,18.8,148,28.3,187,25.1,47,36.2,51,50.5,138,82.6,1,10.8,308,7.4,22,8.1,90,49,225,46.1,20,19.4,93,42,350,38.6,25,16.4,256,49,245,34.6,61
Frankie Collins,Michigan,,10,6-1,185,Fr,30,24.8,83.5,21.7,16.8,44.9,45.6,2.7,16.2,23,29.1,0.6,2.2,4.2,3.6,40.5,15-32,0.469,31-61,0.508,3-18,0.167,30,31,7,5,4,14,B10,66.7,203,114.5,19,52.6,66,17.4,112,30.9,83,29.6,201,97.6,77,49.9,172,14.8,337,23.9,35,25.8,63,33.9,166,53.3,48,75.2,61,8.2,114,8.1,53,9.3,201,52.6,136,32.2,301,17.5,199,56.8,39,25.7,311,15.9,282,55.9,35,28.2,286,Villanova,"L, 71-66",BE,62.6,345,118.3,8,52.3,77,15.6,31,31.2,75,30.4,170,93.6,30,47.5,66,18.8,148,28.3,187,25.1,47,36.2,51,50.5,138,82.6,1,10.8,308,7.4,22,8.1,90,49,225,46.1,20,19.4,93,42,350,38.6,25,16.4,256,49,245,34.6,61
Eli Brooks,Michigan,,55,6-1,185,Sr,33,89.63,115.5251,17.7,19.6,52.747,56.8373,1.8,10.4,15.1,13.643,0.3,1.9,1.425,2.7,23.7,70-79,0.88633,96-196,0.49,53-137,0.387275,39,40,38,40,40,38,B10,66.7,203,114.5,19,52.6,66,17.4,112,30.9,83,29.6,201,97.6,77,49.9,172,14.8,337,23.9,35,25.8,63,33.9,166,53.3,48,75.2,61,8.2,114,8.1,53,9.3,201,52.6,136,32.2,301,17.5,199,56.8,39,25.7,311,15.9,282,55.9,35,28.2,286,Villanova,"L, 71-66",BE,62.6,345,118.3,8,52.3,77,15.6,31,31.2,75,30.4,170,93.6,30,47.5,66,18.8,148,28.3,187,25.1,47,36.2,51,50.5,138,82.6,1,10.8,308,7.4,22,8.1,90,49,225,46.1,20,19.4,93,42,350,38.6,25,16.4,256,49,245,34.6,61
KJ Allen,Texas+Tech,,21,6-6,255,So,19,10,101.7,16.4,15.1,53.3,50.5,11.4,17.4,9,17.4,1.9,2.9,2.2,3.5,46.7,5-14,0.357,16-27,0.593,0-3,0,0,4,0,0,6,1,B12,66.5,217,110.3,46,52.7,62,20,285,33.1,40,35.8,47,84.4,1,45.4,17,23.5,11,26,84,31.9,228,32.2,252,55,22,70,233,7.1,43,10,259,10,269,52.7,134,34.2,261,19.2,102,55.4,59,25.3,318,19.4,95,42.4,356,38.2,17,Duke,"W, 69-68",ACC,67.4,167,120.3,4,55.9,10,15.1,21,32,58,28.5,236,95.5,43,46.9,42,15.9,309,28.9,217,18.7,2,37,29,56.1,9,73.4,117,8.1,101,9.1,145,6,3,57,45,36.3,209,15.7,292,53.9,94,30.3,208,12,356,57.9,11,30.1,213
Sardaar Calhoun,Texas+Tech,,5,6-6,210,Sr,8,4.4,110.5,21.7,26.3,47.8,53.2,2,10.8,12,12.8,0,2.8,2.5,4,30.4,6-7,0.857,2-5,0.4,6-18,0.333,0,0,0,0,0,0,B12,66.5,217,110.3,46,52.7,62,20,285,33.1,40,35.8,47,84.4,1,45.4,17,23.5,11,26,84,31.9,228,32.2,252,55,22,70,233,7.1,43,10,259,10,269,52.7,134,34.2,261,19.2,102,55.4,59,25.3,318,19.4,95,42.4,356,38.2,17,Duke,"W, 69-68",ACC,67.4,167,120.3,4,55.9,10,15.1,21,32,58,28.5,236,95.5,43,46.9,42,15.9,309,28.9,217,18.7,2,37,29,56.1,9,73.4,117,8.1,101,9.1,145,6,3,57,45,36.3,209,15.7,292,53.9,94,30.3,208,12,356,57.9,11,30.1,213
Kobe Bufkin,Michigan,,2,6-4,175,Fr,28,22.6,93.1,17.1,18.5,43,47.5,3.8,9.1,4.7,17.4,1.1,2.2,3.2,2.9,27.9,17-22,0.773,22-43,0.512,8-36,0.222,0,9,0,7,5,9,B10,66.7,203,114.5,19,52.6,66,17.4,112,30.9,83,29.6,201,97.6,77,49.9,172,14.8,337,23.9,35,25.8,63,33.9,166,53.3,48,75.2,61,8.2,114,8.1,53,9.3,201,52.6,136,32.2,301,17.5,199,56.8,39,25.7,311,15.9,282,55.9,35,28.2,286,Villanova,"L, 71-66",BE,62.6,345,118.3,8,52.3,77,15.6,31,31.2,75,30.4,170,93.6,30,47.5,66,18.8,148,28.3,187,25.1,47,36.2,51,50.5,138,82.6,1,10.8,308,7.4,22,8.1,90,49,225,46.1,20,19.4,93,42,350,38.6,25,16.4,256,49,245,34.6,61
Terrance Williams,Michigan,,5,6-7,230,So,30,34.5,116.2,14.8,16.2,55.2,58.4,5.3,13.2,5.8,13.2,0.2,0.5,3.6,2.6,29.2,24-31,0.774,30-57,0.526,19-49,0.388,14,9,9,25,10,23,B10,66.7,203,114.5,19,52.6,66,17.4,112,30.9,83,29.6,201,97.6,77,49.9,172,14.8,337,23.9,35,25.8,63,33.9,166,53.3,48,75.2,61,8.2,114,8.1,53,9.3,201,52.6,136,32.2,301,17.5,199,56.8,39,25.7,311,15.9,282,55.9,35,28.2,286,Villanova,"L, 71-66",BE,62.6,345,118.3,8,52.3,77,15.6,31,31.2,75,30.4,170,93.6,30,47.5,66,18.8,148,28.3,187,25.1,47,36.2,51,50.5,138,82.6,1,10.8,308,7.4,22,8.1,90,49,225,46.1,20,19.4,93,42,350,38.6,25,16.4,256,49,245,34.6,61
Brandon Johns,Michigan,,23,6-8,240,Sr,30,29.9,91.6,15.8,16.3,43.5,47.9,4.2,13.8,4.3,20,1.9,1.1,2.5,2.6,28.3,20-26,0.769,25-60,0.417,10-32,0.312,8,12,13,24,7,6,B10,66.7,203,114.5,19,52.6,66,17.4,112,30.9,83,29.6,201,97.6,77,49.9,172,14.8,337,23.9,35,25.8,63,33.9,166,53.3,48,75.2,61,8.2,114,8.1,53,9.3,201,52.6,136,32.2,301,17.5,199,56.8,39,25.7,311,15.9,282,55.9,35,28.2,286,Villanova,"L, 71-66",BE,62.6,345,118.3,8,52.3,77,15.6,31,31.2,75,30.4,170,93.6,30,47.5,66,18.8,148,28.3,187,25.1,47,36.2,51,50.5,138,82.6,1,10.8,308,7.4,22,8.1,90,49,225,46.1,20,19.4,93,42,350,38.6,25,16.4,256,49,245,34.6,61
Jace Howard,Michigan,,25,6-7,225,So,14,4.6,96.9,17.3,16,46.4,50.3,8.3,5.8,8.5,22.4,3.4,1.9,9.8,2.7,28.6,3-4,0.75,5-7,0.714,1-7,0.143,0,0,0,0,0,1,B10,66.7,203,114.5,19,52.6,66,17.4,112,30.9,83,29.6,201,97.6,77,49.9,172,14.8,337,23.9,35,25.8,63,33.9,166,53.3,48,75.2,61,8.2,114,8.1,53,9.3,201,52.6,136,32.2,301,17.5,199,56.8,39,25.7,311,15.9,282,55.9,35,28.2,286,Villanova,"L, 71-66",BE,62.6,345,118.3,8,52.3,77,15.6,31,31.2,75,30.4,170,93.6,30,47.5,66,18.8,148,28.3,187,25.1,47,36.2,51,50.5,138,82.6,1,10.8,308,7.4,22,8.1,90,49,225,46.1,20,19.4,93,42,350,38.6,25,16.4,256,49,245,34.6,61
Jaron Faulds,Michigan,,44,6-10,240,Sr,15,3.8,94.2,19.6,16.7,41.7,41.1,17.7,7.1,3.5,12.1,2.1,1.2,9.6,4.9,66.7,3-8,0.375,5-12,0.417,0-0,0,0,0,0,2,0,1,B10,66.7,203,114.5,19,52.6,66,17.4,112,30.9,83,29.6,201,97.6,77,49.9,172,14.8,337,23.9,35,25.8,63,33.9,166,53.3,48,75.2,61,8.2,114,8.1,53,9.3,201,52.6,136,32.2,301,17.5,199,56.8,39,25.7,311,15.9,282,55.9,35,28.2,286,Villanova,"L, 71-66",BE,62.6,345,118.3,8,52.3,77,15.6,31,31.2,75,30.4,170,93.6,30,47.5,66,18.8,148,28.3,187,25.1,47,36.2,51,50.5,138,82.6,1,10.8,308,7.4,22,8.1,90,49,225,46.1,20,19.4,93,42,350,38.6,25,16.4,256,49,245,34.6,61
Zeb Jackson,Michigan,,3,6-5,190,So,4,2.6,102.3,18.4,20.5,65,65,0,20.8,11.1,28.4,3,0,2.4,1.3,0,0-0,0,2-4,0.5,3-6,0.5,0,0,0,0,0,0,B10,66.7,203,114.5,19,52.6,66,17.4,112,30.9,83,29.6,201,97.6,77,49.9,172,14.8,337,23.9,35,25.8,63,33.9,166,53.3,48,75.2,61,8.2,114,8.1,53,9.3,201,52.6,136,32.2,301,17.5,199,56.8,39,25.7,311,15.9,282,55.9,35,28.2,286,Villanova,"L, 71-66",BE,62.6,345,118.3,8,52.3,77,15.6,31,31.2,75,30.4,170,93.6,30,47.5,66,18.8,148,28.3,187,25.1,47,36.2,51,50.5,138,82.6,1,10.8,308,7.4,22,8.1,90,49,225,46.1,20,19.4,93,42,350,38.6,25,16.4,256,49,245,34.6,61
Alondes Williams,Wake+Forest,,31,6-5,210,Sr,34,83.6155,109.2,30.35,28.2172,55.623,58.2267,5.3,15.8,31.453,20.1,1.2,1.9,2.5,5.2128,37.8303,122-176,0.693,199-328,0.607152,40-138,0.29,37,32,38,37,31,26,ACC,70.5,35,111.7,35,56,8,19,225,27,211,33.7,76,95.9,46,47.3,59,17.7,220,26.2,94,29.1,151,34.8,101,58.8,3,73.2,120,7.8,81,10.8,315,8.3,96,53.3,111,42.2,77,18.1,165,49.7,213,32.3,145,17.9,175,51.1,171,31.1,180,Texas A&M,"L, 76-73",SEC,66.6,212,109.3,64,49.7,186,19.2,236,34,20,35.8,48,95,38,47.6,70,23.8,9,33.7,346,33.6,262,33,216,49.9,172,70.7,207,12.7,349,10.7,311,8.5,117,52.9,126,34.5,253,20.3,56,52.3,130,27.4,273,20.5,60,49.9,216,29.6,239
Jake LaRavia,Wake+Forest,,0,6-8,235,Jr,32,79.9302,119.7109,21.8,18.4,61.048,65.324,7.7427,14,19.9395,20.1,3.0385,2.827,3.2,4.7257,54.16,122-157,0.777424,135-218,0.619101,28-72,0.389255,30,37,43,25,35,40,ACC,70.5,35,111.7,35,56,8,19,225,27,211,33.7,76,95.9,46,47.3,59,17.7,220,26.2,94,29.1,151,34.8,101,58.8,3,73.2,120,7.8,81,10.8,315,8.3,96,53.3,111,42.2,77,18.1,165,49.7,213,32.3,145,17.9,175,51.1,171,31.1,180,Texas A&M,"L, 76-73",SEC,66.6,212,109.3,64,49.7,186,19.2,236,34,20,35.8,48,95,38,47.6,70,23.8,9,33.7,346,33.6,262,33,216,49.9,172,70.7,207,12.7,349,10.7,311,8.5,117,52.9,126,34.5,253,20.3,56,52.3,130,27.4,273,20.5,60,49.9,216,29.6,239
Damari Monsanto,Wake+Forest,,30,6-6,225,So,16,19.3,108.9,21.6,26.6,55.9,56.3,8.5,14.9,7.6,14.7,0.8,2.5,4.8,2.3,9.9,6-10,0.6,7-19,0.368,33-82,0.402,21,13,20,14,6,31,ACC,70.5,35,111.7,35,56,8,19,225,27,211,33.7,76,95.9,46,47.3,59,17.7,220,26.2,94,29.1,151,34.8,101,58.8,3,73.2,120,7.8,81,10.8,315,8.3,96,53.3,111,42.2,77,18.1,165,49.7,213,32.3,145,17.9,175,51.1,171,31.1,180,Texas A&M,"L, 76-73",SEC,66.6,212,109.3,64,49.7,186,19.2,236,34,20,35.8,48,95,38,47.6,70,23.8,9,33.7,346,33.6,262,33,216,49.9,172,70.7,207,12.7,349,10.7,311,8.5,117,52.9,126,34.5,253,20.3,56,52.3,130,27.4,273,20.5,60,49.9,216,29.6,239
Daivien Williamson,Wake+Forest,,4,6-1,180,Sr,32,70.9,119.0134,16.4,19.4,57.6138,62.173,0.9,8.1,7,11.9205,0.2,1.3,1.65,3.3,32.8466,77-89,0.86575,63-118,0.534,62-153,0.405156,34,34,38,37,28,36,ACC,70.5,35,111.7,35,56,8,19,225,27,211,33.7,76,95.9,46,47.3,59,17.7,220,26.2,94,29.1,151,34.8,101,58.8,3,73.2,120,7.8,81,10.8,315,8.3,96,53.3,111,42.2,77,18.1,165,49.7,213,32.3,145,17.9,175,51.1,171,31.1,180,Texas A&M,"L, 76-73",SEC,66.6,212,109.3,64,49.7,186,19.2,236,34,20,35.8,48,95,38,47.6,70,23.8,9,33.7,346,33.6,262,33,216,49.9,172,70.7,207,12.7,349,10.7,311,8.5,117,52.9,126,34.5,253,20.3,56,52.3,130,27.4,273,20.5,60,49.9,216,29.6,239
Dallas Walton,Wake+Forest,,13,7-0,230,Sr,34,62.5,118.0158,16.1,17.8,58.5114,61.111,4.4,17.4459,7.3,12.5283,5.6122,0.8,3.9,3.3,36.5335,58-80,0.725,98-165,0.594203,20-54,0.37,30,26,27,25,26,26,ACC,70.5,35,111.7,35,56,8,19,225,27,211,33.7,76,95.9,46,47.3,59,17.7,220,26.2,94,29.1,151,34.8,101,58.8,3,73.2,120,7.8,81,10.8,315,8.3,96,53.3,111,42.2,77,18.1,165,49.7,213,32.3,145,17.9,175,51.1,171,31.1,180,Texas A&M,"L, 76-73",SEC,66.6,212,109.3,64,49.7,186,19.2,236,34,20,35.8,48,95,38,47.6,70,23.8,9,33.7,346,33.6,262,33,216,49.9,172,70.7,207,12.7,349,10.7,311,8.5,117,52.9,126,34.5,253,20.3,56,52.3,130,27.4,273,20.5,60,49.9,216,29.6,239
Khadim Sy,Wake+Forest,,20,6-10,240,Sr,33,46.4,103.9,16.3,16.4,59,58.9,8.236,18.635,4.4,21.5,3.333,1.5,5,2.7,26.7,22-40,0.55,63-101,0.62491,17-49,0.347,10,12,20,15,0,4,ACC,70.5,35,111.7,35,56,8,19,225,27,211,33.7,76,95.9,46,47.3,59,17.7,220,26.2,94,29.1,151,34.8,101,58.8,3,73.2,120,7.8,81,10.8,315,8.3,96,53.3,111,42.2,77,18.1,165,49.7,213,32.3,145,17.9,175,51.1,171,31.1,180,Texas A&M,"L, 76-73",SEC,66.6,212,109.3,64,49.7,186,19.2,236,34,20,35.8,48,95,38,47.6,70,23.8,9,33.7,346,33.6,262,33,216,49.9,172,70.7,207,12.7,349,10.7,311,8.5,117,52.9,126,34.5,253,20.3,56,52.3,130,27.4,273,20.5,60,49.9,216,29.6,239
Cameron Hildreth,Wake+Forest,,2,6-4,195,Fr,31,29.2,98.8,19,15.4,50,54.6,5.6,18.6,14.6,24.9,0.8,2.4,4.1,3.9,51.7,32-46,0.696,34-61,0.557,7-28,0.25,20,13,15,3,17,19,ACC,70.5,35,111.7,35,56,8,19,225,27,211,33.7,76,95.9,46,47.3,59,17.7,220,26.2,94,29.1,151,34.8,101,58.8,3,73.2,120,7.8,81,10.8,315,8.3,96,53.3,111,42.2,77,18.1,165,49.7,213,32.3,145,17.9,175,51.1,171,31.1,180,Texas A&M,"L, 76-73",SEC,66.6,212,109.3,64,49.7,186,19.2,236,34,20,35.8,48,95,38,47.6,70,23.8,9,33.7,346,33.6,262,33,216,49.9,172,70.7,207,12.7,349,10.7,311,8.5,117,52.9,126,34.5,253,20.3,56,52.3,130,27.4,273,20.5,60,49.9,216,29.6,239
Carter Whitt,Wake+Forest,,11,6-3,180,Fr,30,26.5,68.6,16.9,13.8,35.4,35.8,1,13.8,19.3,36.3,0.6,1.2,1.6,1.7,9.7,3-7,0.429,12-32,0.375,9-40,0.225,0,0,0,0,3,6,ACC,70.5,35,111.7,35,56,8,19,225,27,211,33.7,76,95.9,46,47.3,59,17.7,220,26.2,94,29.1,151,34.8,101,58.8,3,73.2,120,7.8,81,10.8,315,8.3,96,53.3,111,42.2,77,18.1,165,49.7,213,32.3,145,17.9,175,51.1,171,31.1,180,Texas A&M,"L, 76-73",SEC,66.6,212,109.3,64,49.7,186,19.2,236,34,20,35.8,48,95,38,47.6,70,23.8,9,33.7,346,33.6,262,33,216,49.9,172,70.7,207,12.7,349,10.7,311,8.5,117,52.9,126,34.5,253,20.3,56,52.3,130,27.4,273,20.5,60,49.9,216,29.6,239
Isaiah Mucius,Wake+Forest,,1,6-8,205,Sr,33,64.8,108.9,15.8,19.3,55.9213,57.9294,3.1,9.7,5.2,15.1,1.3,1.7,3.2,2.2,16.2,32-40,0.8,36-59,0.61,68-188,0.362,18,28,23,35,28,0,ACC,70.5,35,111.7,35,56,8,19,225,27,211,33.7,76,95.9,46,47.3,59,17.7,220,26.2,94,29.1,151,34.8,101,58.8,3,73.2,120,7.8,81,10.8,315,8.3,96,53.3,111,42.2,77,18.1,165,49.7,213,32.3,145,17.9,175,51.1,171,31.1,180,Texas A&M,"L, 76-73",SEC,66.6,212,109.3,64,49.7,186,19.2,236,34,20,35.8,48,95,38,47.6,70,23.8,9,33.7,346,33.6,262,33,216,49.9,172,70.7,207,12.7,349,10.7,311,8.5,117,52.9,126,34.5,253,20.3,56,52.3,130,27.4,273,20.5,60,49.9,216,29.6,239
Matthew Marsh,Wake+Forest,,33,7-1,250,Fr,13,5.7,138.5,16.2,18.6,66.7,69.3,7.9,21.7,0,4.4,1.3,2.9,3.5,4.6,57.1,9-12,0.75,14-20,0.7,0-1,0,0,5,0,2,12,11,ACC,70.5,35,111.7,35,56,8,19,225,27,211,33.7,76,95.9,46,47.3,59,17.7,220,26.2,94,29.1,151,34.8,101,58.8,3,73.2,120,7.8,81,10.8,315,8.3,96,53.3,111,42.2,77,18.1,165,49.7,213,32.3,145,17.9,175,51.1,171,31.1,180,Texas A&M,"L, 76-73",SEC,66.6,212,109.3,64,49.7,186,19.2,236,34,20,35.8,48,95,38,47.6,70,23.8,9,33.7,346,33.6,262,33,216,49.9,172,70.7,207,12.7,349,10.7,311,8.5,117,52.9,126,34.5,253,20.3,56,52.3,130,27.4,273,20.5,60,49.9,216,29.6,239
Robert McCray,Wake+Forest,,25,6-4,185,Fr,14,4,115,21.3,22.9,66.7,65.3,9.1,7.8,10.6,19.2,1.9,2,5.1,3.1,22.2,2-4,0.5,6-8,0.75,4-10,0.4,0,0,0,2,3,0,ACC,70.5,35,111.7,35,56,8,19,225,27,211,33.7,76,95.9,46,47.3,59,17.7,220,26.2,94,29.1,151,34.8,101,58.8,3,73.2,120,7.8,81,10.8,315,8.3,96,53.3,111,42.2,77,18.1,165,49.7,213,32.3,145,17.9,175,51.1,171,31.1,180,Texas A&M,"L, 76-73",SEC,66.6,212,109.3,64,49.7,186,19.2,236,34,20,35.8,48,95,38,47.6,70,23.8,9,33.7,346,33.6,262,33,216,49.9,172,70.7,207,12.7,349,10.7,311,8.5,117,52.9,126,34.5,253,20.3,56,52.3,130,27.4,273,20.5,60,49.9,216,29.6,239
Armando Bacot,North+Carolina,,5,6-10,240,Jr,35,77.6409,119.5117,24.4397,22.9,58.995,61.499,14.035,29.91,10.2,14.4,5.6125,1.6,3.6,5.1147,48.3115,126-184,0.685,223-373,0.598188,1-8,0.125,40,28,36,34,30,43,ACC,70.6,31,114,20,52.3,72,16.7,60,30.7,89,30.3,175,95.5,42,49.2,134,14.1,347,21.4,2,21.6,10,36.5,41,50.9,127,77,22,8.9,180,9.4,187,7.3,35,55.4,72,37.9,171,18.2,153,49.3,227,32.4,136,13.9,337,52.6,116,33.5,96,UCLA,"L, 75-70",P12,65.4,271,116.3,12,50.6,147,13.3,5,31.7,65,29.9,186,91.1,13,47.6,72,19.6,98,24.9,56,28.6,133,35.3,76,49.5,188,74.2,94,7.7,77,6.7,5,6.6,14,50.6,179,31.5,311,18,170,55,68,27.1,284,17.9,171,50.8,181,31.3,168
RJ Davis,North+Carolina,,4,6-0,175,So,35,82.7184,112.8374,20.1,20.7,52.7466,56.639,1.5,11.1,20.237,15.9,0.7,1.7,2.5,3.3,29.2,86-107,0.804272,99-204,0.485,63-163,0.387281,45,30,36,31,40,42,ACC,70.6,31,114,20,52.3,72,16.7,60,30.7,89,30.3,175,95.5,42,49.2,134,14.1,347,21.4,2,21.6,10,36.5,41,50.9,127,77,22,8.9,180,9.4,187,7.3,35,55.4,72,37.9,171,18.2,153,49.3,227,32.4,136,13.9,337,52.6,116,33.5,96,UCLA,"L, 75-70",P12,65.4,271,116.3,12,50.6,147,13.3,5,31.7,65,29.9,186,91.1,13,47.6,72,19.6,98,24.9,56,28.6,133,35.3,76,49.5,188,74.2,94,7.7,77,6.7,5,6.6,14,50.6,179,31.5,311,18,170,55,68,27.1,284,17.9,171,50.8,181,31.3,168
Dawson Garcia,North+Carolina,,13,6-11,235,So,16,23.2,105.2,23.7,23.3,45.7,51.9,11.6,18,6.2,15.3,1.6,1.2,4.2,4.6,41.4,38-48,0.792,35-84,0.417,12-32,0.375,0,0,0,0,0,0,ACC,70.6,31,114,20,52.3,72,16.7,60,30.7,89,30.3,175,95.5,42,49.2,134,14.1,347,21.4,2,21.6,10,36.5,41,50.9,127,77,22,8.9,180,9.4,187,7.3,35,55.4,72,37.9,171,18.2,153,49.3,227,32.4,136,13.9,337,52.6,116,33.5,96,UCLA,"L, 75-70",P12,65.4,271,116.3,12,50.6,147,13.3,5,31.7,65,29.9,186,91.1,13,47.6,72,19.6,98,24.9,56,28.6,133,35.3,76,49.5,188,74.2,94,7.7,77,6.7,5,6.6,14,50.6,179,31.5,311,18,170,55,68,27.1,284,17.9,171,50.8,181,31.3,168
Dontrez Styles,North+Carolina,,3,6-6,210,Fr,27,11.3,93.6,20.4,21,50,50.8,7.9,19.5,2.3,19.1,1.3,1.8,4,3.3,29.4,8-15,0.533,21-36,0.583,3-15,0.2,25,14,2,3,4,0,ACC,70.6,31,114,20,52.3,72,16.7,60,30.7,89,30.3,175,95.5,42,49.2,134,14.1,347,21.4,2,21.6,10,36.5,41,50.9,127,77,22,8.9,180,9.4,187,7.3,35,55.4,72,37.9,171,18.2,153,49.3,227,32.4,136,13.9,337,52.6,116,33.5,96,UCLA,"L, 75-70",P12,65.4,271,116.3,12,50.6,147,13.3,5,31.7,65,29.9,186,91.1,13,47.6,72,19.6,98,24.9,56,28.6,133,35.3,76,49.5,188,74.2,94,7.7,77,6.7,5,6.6,14,50.6,179,31.5,311,18,170,55,68,27.1,284,17.9,171,50.8,181,31.3,168
Kerwin Walton,North+Carolina,,24,6-5,210,So,30,29.3,96.2,13.5,16.2,48.5,50.3,1.7,8.1,5.3,18.2,1,1,3.2,1.4,6.9,7-7,0.999,15-37,0.405,23-65,0.354,0,4,7,3,0,0,ACC,70.6,31,114,20,52.3,72,16.7,60,30.7,89,30.3,175,95.5,42,49.2,134,14.1,347,21.4,2,21.6,10,36.5,41,50.9,127,77,22,8.9,180,9.4,187,7.3,35,55.4,72,37.9,171,18.2,153,49.3,227,32.4,136,13.9,337,52.6,116,33.5,96,UCLA,"L, 75-70",P12,65.4,271,116.3,12,50.6,147,13.3,5,31.7,65,29.9,186,91.1,13,47.6,72,19.6,98,24.9,56,28.6,133,35.3,76,49.5,188,74.2,94,7.7,77,6.7,5,6.6,14,50.6,179,31.5,311,18,170,55,68,27.1,284,17.9,171,50.8,181,31.3,168
Justin McKoy,North+Carolina,,22,6-8,220,Jr,27,14.5,82.9,13.9,10.9,27.9,37.7,6.2,15.8,10.5,25.8,1.5,0.8,5.8,2.6,44.1,12-15,0.8,5-23,0.217,3-11,0.273,10,4,7,16,4,0,ACC,70.6,31,114,20,52.3,72,16.7,60,30.7,89,30.3,175,95.5,42,49.2,134,14.1,347,21.4,2,21.6,10,36.5,41,50.9,127,77,22,8.9,180,9.4,187,7.3,35,55.4,72,37.9,171,18.2,153,49.3,227,32.4,136,13.9,337,52.6,116,33.5,96,UCLA,"L, 75-70",P12,65.4,271,116.3,12,50.6,147,13.3,5,31.7,65,29.9,186,91.1,13,47.6,72,19.6,98,24.9,56,28.6,133,35.3,76,49.5,188,74.2,94,7.7,77,6.7,5,6.6,14,50.6,179,31.5,311,18,170,55,68,27.1,284,17.9,171,50.8,181,31.3,168
Puff Johnson,North+Carolina,,14,6-8,205,So,20,14,120.9,14.5,16,49,52.6,8.7,12,7.8,5.9,2.1,1.7,4.7,2.7,31.2,11-15,0.733,16-26,0.615,5-22,0.227,5,13,18,17,5,14,ACC,70.6,31,114,20,52.3,72,16.7,60,30.7,89,30.3,175,95.5,42,49.2,134,14.1,347,21.4,2,21.6,10,36.5,41,50.9,127,77,22,8.9,180,9.4,187,7.3,35,55.4,72,37.9,171,18.2,153,49.3,227,32.4,136,13.9,337,52.6,116,33.5,96,UCLA,"L, 75-70",P12,65.4,271,116.3,12,50.6,147,13.3,5,31.7,65,29.9,186,91.1,13,47.6,72,19.6,98,24.9,56,28.6,133,35.3,76,49.5,188,74.2,94,7.7,77,6.7,5,6.6,14,50.6,179,31.5,311,18,170,55,68,27.1,284,17.9,171,50.8,181,31.3,168
Anthony Harris,North+Carolina,,0,6-4,195,So,14,11.7,97.3,12.8,10.8,53.7,59.1,1.4,2,8.9,29.6,0,0.7,4.1,2.2,33.3,8-9,0.889,10-22,0.455,3-5,0.6,0,0,0,0,0,0,ACC,70.6,31,114,20,52.3,72,16.7,60,30.7,89,30.3,175,95.5,42,49.2,134,14.1,347,21.4,2,21.6,10,36.5,41,50.9,127,77,22,8.9,180,9.4,187,7.3,35,55.4,72,37.9,171,18.2,153,49.3,227,32.4,136,13.9,337,52.6,116,33.5,96,UCLA,"L, 75-70",P12,65.4,271,116.3,12,50.6,147,13.3,5,31.7,65,29.9,186,91.1,13,47.6,72,19.6,98,24.9,56,28.6,133,35.3,76,49.5,188,74.2,94,7.7,77,6.7,5,6.6,14,50.6,179,31.5,311,18,170,55,68,27.1,284,17.9,171,50.8,181,31.3,168
Leaky Black,North+Carolina,,1,6-8,200,Sr,34,69.6,121.869,10.2,8.6,54.3319,58.6235,4.8,11.6,15.4,19.3,2.3,1.7,2.2353,1.7,26.6,30-34,0.882,47-85,0.553408,15-43,0.349,40,34,25,32,37,44,ACC,70.6,31,114,20,52.3,72,16.7,60,30.7,89,30.3,175,95.5,42,49.2,134,14.1,347,21.4,2,21.6,10,36.5,41,50.9,127,77,22,8.9,180,9.4,187,7.3,35,55.4,72,37.9,171,18.2,153,49.3,227,32.4,136,13.9,337,52.6,116,33.5,96,UCLA,"L, 75-70",P12,65.4,271,116.3,12,50.6,147,13.3,5,31.7,65,29.9,186,91.1,13,47.6,72,19.6,98,24.9,56,28.6,133,35.3,76,49.5,188,74.2,94,7.7,77,6.7,5,6.6,14,50.6,179,31.5,311,18,170,55,68,27.1,284,17.9,171,50.8,181,31.3,168
D'Marco Dunn,North+Carolina,,11,6-4,185,Fr,22,6.4,72.6,19.9,22.7,33.9,33.9,1.3,6,13.2,19,0,0.6,3.6,2,9.7,1-3,0.333,6-16,0.375,3-15,0.2,0,3,2,4,1,0,ACC,70.6,31,114,20,52.3,72,16.7,60,30.7,89,30.3,175,95.5,42,49.2,134,14.1,347,21.4,2,21.6,10,36.5,41,50.9,127,77,22,8.9,180,9.4,187,7.3,35,55.4,72,37.9,171,18.2,153,49.3,227,32.4,136,13.9,337,52.6,116,33.5,96,UCLA,"L, 75-70",P12,65.4,271,116.3,12,50.6,147,13.3,5,31.7,65,29.9,186,91.1,13,47.6,72,19.6,98,24.9,56,28.6,133,35.3,76,49.5,188,74.2,94,7.7,77,6.7,5,6.6,14,50.6,179,31.5,311,18,170,55,68,27.1,284,17.9,171,50.8,181,31.3,168
Ryan McAdoo,North+Carolina,,,,,,,,,,,,,,,,,,,,,,,,,,,,0,1,0,0,0,2,ACC,70.6,31,114,20,52.3,72,16.7,60,30.7,89,30.3,175,95.5,42,49.2,134,14.1,347,21.4,2,21.6,10,36.5,41,50.9,127,77,22,8.9,180,9.4,187,7.3,35,55.4,72,37.9,171,18.2,153,49.3,227,32.4,136,13.9,337,52.6,116,33.5,96,UCLA,"L, 75-70",P12,65.4,271,116.3,12,50.6,147,13.3,5,31.7,65,29.9,186,91.1,13,47.6,72,19.6,98,24.9,56,28.6,133,35.3,76,49.5,188,74.2,94,7.7,77,6.7,5,6.6,14,50.6,179,31.5,311,18,170,55,68,27.1,284,17.9,171,50.8,181,31.3,168
Jared Bynum,Providence,,4,5-10,180,Jr,28,59.9,108.3,25.9257,25.3405,49.8,54.5,1.1,10.6,32.534,17.4,0.7,2.2,2.1319,4.6268,40.1,82-109,0.752,71-169,0.42,43-103,0.41791,28,25,27,23,39,27,BE,65.2,283,112,32,50.5,149,17.2,97,30.4,99,37.5,28,96.4,58,46.5,34,15.6,322,27.4,140,26.3,80,35,94,49.3,198,72.9,136,10,269,8.8,121,8.4,107,54.4,85,38.1,167,21.3,27,47.5,277,31.2,180,16.4,248,53.8,83,29.7,233,Kansas,"L, 76-69",B12,69.4,64,119.6,6,54,25,17.6,119,33.5,34,32.1,117,93.4,26,46.6,37,18.3,175,28.1,176,28.1,118,36,57,54,37,72.7,145,7.9,90,9.7,226,8,72,54,90,33.5,279,17.8,182,54.7,72,27.5,270,17.8,183,54.6,56,27.6,304
Nate Watson,Providence,,0,6-10,260,Sr,32,69,111.1473,23.1,25.8363,55.5235,56.6392,7.9396,13.3,4.7,10.5101,2.8426,0.7,3.3,4.6265,40.8233,77-130,0.592,177-319,0.555392,0-0,0,19,25,25,35,24,25,BE,65.2,283,112,32,50.5,149,17.2,97,30.4,99,37.5,28,96.4,58,46.5,34,15.6,322,27.4,140,26.3,80,35,94,49.3,198,72.9,136,10,269,8.8,121,8.4,107,54.4,85,38.1,167,21.3,27,47.5,277,31.2,180,16.4,248,53.8,83,29.7,233,Kansas,"L, 76-69",B12,69.4,64,119.6,6,54,25,17.6,119,33.5,34,32.1,117,93.4,26,46.6,37,18.3,175,28.1,176,28.1,118,36,57,54,37,72.7,145,7.9,90,9.7,226,8,72,54,90,33.5,279,17.8,182,54.7,72,27.5,270,17.8,183,54.6,56,27.6,304
Ed Croswell,Providence,,5,6-8,245,Sr,32,36,115.4,18.4,17.1,65.5,64,15.6,20.2,4.8,19.6,5,2.6,6,3.1,36.4,21-40,0.525,72-109,0.661,0-1,0,23,15,14,4,17,15,BE,65.2,283,112,32,50.5,149,17.2,97,30.4,99,37.5,28,96.4,58,46.5,34,15.6,322,27.4,140,26.3,80,35,94,49.3,198,72.9,136,10,269,8.8,121,8.4,107,54.4,85,38.1,167,21.3,27,47.5,277,31.2,180,16.4,248,53.8,83,29.7,233,Kansas,"L, 76-69",B12,69.4,64,119.6,6,54,25,17.6,119,33.5,34,32.1,117,93.4,26,46.6,37,18.3,175,28.1,176,28.1,118,36,57,54,37,72.7,145,7.9,90,9.7,226,8,72,54,90,33.5,279,17.8,182,54.7,72,27.5,270,17.8,183,54.6,56,27.6,304
Alyn Breed,Providence,,10,6-3,190,So,32,32.8,83.7,18.9,17.5,33.5,42.7,2.2,8.4,11.9,22.5,0.2,2.6,4.4,3.7,45.6,38-47,0.809,21-61,0.344,9-42,0.214,13,14,10,8,15,4,BE,65.2,283,112,32,50.5,149,17.2,97,30.4,99,37.5,28,96.4,58,46.5,34,15.6,322,27.4,140,26.3,80,35,94,49.3,198,72.9,136,10,269,8.8,121,8.4,107,54.4,85,38.1,167,21.3,27,47.5,277,31.2,180,16.4,248,53.8,83,29.7,233,Kansas,"L, 76-69",B12,69.4,64,119.6,6,54,25,17.6,119,33.5,34,32.1,117,93.4,26,46.6,37,18.3,175,28.1,176,28.1,118,36,57,54,37,72.7,145,7.9,90,9.7,226,8,72,54,90,33.5,279,17.8,182,54.7,72,27.5,270,17.8,183,54.6,56,27.6,304
Noah Horchler,Providence,,14,6-8,220,Sr,32,81.3237,113.6344,15.4,16.5,57.7134,59.9163,5.8,22.6108,9.6,18.2,2.6466,1.6,2.7,2.2,21.7,40-52,0.769,50-96,0.521,59-144,0.410134,32,33,30,40,39,37,BE,65.2,283,112,32,50.5,149,17.2,97,30.4,99,37.5,28,96.4,58,46.5,34,15.6,322,27.4,140,26.3,80,35,94,49.3,198,72.9,136,10,269,8.8,121,8.4,107,54.4,85,38.1,167,21.3,27,47.5,277,31.2,180,16.4,248,53.8,83,29.7,233,Kansas,"L, 76-69",B12,69.4,64,119.6,6,54,25,17.6,119,33.5,34,32.1,117,93.4,26,46.6,37,18.3,175,28.1,176,28.1,118,36,57,54,37,72.7,145,7.9,90,9.7,226,8,72,54,90,33.5,279,17.8,182,54.7,72,27.5,270,17.8,183,54.6,56,27.6,304
Brycen Goodine,Providence,,12,6-4,190,Jr,20,9.3,101.7,17.3,18.5,45.2,53.8,1.9,9.8,3.2,17.3,0.9,3.5,5.9,3.6,41.9,12-13,0.923,2-6,0.333,8-25,0.32,1,0,8,0,4,1,BE,65.2,283,112,32,50.5,149,17.2,97,30.4,99,37.5,28,96.4,58,46.5,34,15.6,322,27.4,140,26.3,80,35,94,49.3,198,72.9,136,10,269,8.8,121,8.4,107,54.4,85,38.1,167,21.3,27,47.5,277,31.2,180,16.4,248,53.8,83,29.7,233,Kansas,"L, 76-69",B12,69.4,64,119.6,6,54,25,17.6,119,33.5,34,32.1,117,93.4,26,46.6,37,18.3,175,28.1,176,28.1,118,36,57,54,37,72.7,145,7.9,90,9.7,226,8,72,54,90,33.5,279,17.8,182,54.7,72,27.5,270,17.8,183,54.6,56,27.6,304
Gabe Kalscheur,Iowa+St.,,22,6-4,198,Sr,34,76.3468,81.1,21.5,22.5,42.2,44.8,2.1,7.4,11.7,23.1,0.2,2.4497,4.1,3.3,21.8,47-71,0.662,79-162,0.488,39-164,0.238,34,30,37,25,29,28,B12,66.2,237,103.9,160,49.4,207,20.3,294,28.1,170,27.8,254,88.7,5,47.8,77,24.7,4,28.5,201,37.1,316,31.9,265,50.3,152,68.4,290,11.3,328,10.6,301,9.7,241,60.3,17,37.9,174,16.2,271,53,117,30.8,196,21.8,28,51.5,156,26.6,319,Miami FL,"W, 68-67",ACC,67.6,147,114.9,18,53.8,30,13.6,6,22.7,319,29.1,216,100.3,121,52.9,298,20.4,60,30.2,265,24.9,45,34.4,121,54.9,24,74.5,86,9,189,7.5,24,6.1,6,51.2,165,35.2,241,16.8,238,55.1,67,28.1,255,14,336,52.5,118,33.5,95
George Conditt,Iowa+St.,,4,6-9,234,Sr,34,45.6,110.7,16.5,10.8,66,67.6,9.4242,14,21.0325,29.4,5.9109,1.5,6.5,3.6,62.8,41-59,0.695,62-94,0.66038,0-0,0,22,10,14,19,18,12,B12,66.2,237,103.9,160,49.4,207,20.3,294,28.1,170,27.8,254,88.7,5,47.8,77,24.7,4,28.5,201,37.1,316,31.9,265,50.3,152,68.4,290,11.3,328,10.6,301,9.7,241,60.3,17,37.9,174,16.2,271,53,117,30.8,196,21.8,28,51.5,156,26.6,319,Miami FL,"W, 68-67",ACC,67.6,147,114.9,18,53.8,30,13.6,6,22.7,319,29.1,216,100.3,121,52.9,298,20.4,60,30.2,265,24.9,45,34.4,121,54.9,24,74.5,86,9,189,7.5,24,6.1,6,51.2,165,35.2,241,16.8,238,55.1,67,28.1,255,14,336,52.5,118,33.5,95
Tristan Enaruna,Iowa+St.,,23,6-8,220,Jr,32,34.5,103.5,16.1,16.8,55.9,58,8.6,16.7,4.5,20.4,3.8,2,2.4,2.7,23.6,19-26,0.731,57-100,0.57,3-10,0.3,9,11,4,2,0,3,B12,66.2,237,103.9,160,49.4,207,20.3,294,28.1,170,27.8,254,88.7,5,47.8,77,24.7,4,28.5,201,37.1,316,31.9,265,50.3,152,68.4,290,11.3,328,10.6,301,9.7,241,60.3,17,37.9,174,16.2,271,53,117,30.8,196,21.8,28,51.5,156,26.6,319,Miami FL,"W, 68-67",ACC,67.6,147,114.9,18,53.8,30,13.6,6,22.7,319,29.1,216,100.3,121,52.9,298,20.4,60,30.2,265,24.9,45,34.4,121,54.9,24,74.5,86,9,189,7.5,24,6.1,6,51.2,165,35.2,241,16.8,238,55.1,67,28.1,255,14,336,52.5,118,33.5,95
Robert Jones,Iowa+St.,,12,6-9,245,Jr,33,28.8,90.3,17.4,14.8,50.6,47.6,9.1,14.8,13.7,22.5,4.8,2,5.8,3.5,43.2,11-35,0.314,41-81,0.506,0-0,0,16,17,20,19,12,17,B12,66.2,237,103.9,160,49.4,207,20.3,294,28.1,170,27.8,254,88.7,5,47.8,77,24.7,4,28.5,201,37.1,316,31.9,265,50.3,152,68.4,290,11.3,328,10.6,301,9.7,241,60.3,17,37.9,174,16.2,271,53,117,30.8,196,21.8,28,51.5,156,26.6,319,Miami FL,"W, 68-67",ACC,67.6,147,114.9,18,53.8,30,13.6,6,22.7,319,29.1,216,100.3,121,52.9,298,20.4,60,30.2,265,24.9,45,34.4,121,54.9,24,74.5,86,9,189,7.5,24,6.1,6,51.2,165,35.2,241,16.8,238,55.1,67,28.1,255,14,336,52.5,118,33.5,95
Tre Jackson,Iowa+St.,,3,6-0,185,Jr,27,25.6,93.8,16.6,19.3,53.7,54.2,1.4,8.3,11.6,23.5,0.7,3.4,4,1.6,2.1,2-2,0.999,13-25,0.52,25-69,0.362,6,6,4,0,0,0,B12,66.2,237,103.9,160,49.4,207,20.3,294,28.1,170,27.8,254,88.7,5,47.8,77,24.7,4,28.5,201,37.1,316,31.9,265,50.3,152,68.4,290,11.3,328,10.6,301,9.7,241,60.3,17,37.9,174,16.2,271,53,117,30.8,196,21.8,28,51.5,156,26.6,319,Miami FL,"W, 68-67",ACC,67.6,147,114.9,18,53.8,30,13.6,6,22.7,319,29.1,216,100.3,121,52.9,298,20.4,60,30.2,265,24.9,45,34.4,121,54.9,24,74.5,86,9,189,7.5,24,6.1,6,51.2,165,35.2,241,16.8,238,55.1,67,28.1,255,14,336,52.5,118,33.5,95
Caleb Grill,Iowa+St.,,2,6-3,198,Jr,34,59.8,110.7,13.5,17.2,54.1,54.5,1.9,11.8,12.3,11.3153,0.9,2.545,3.4,1.8,8.2,10-16,0.625,22-38,0.579,56-158,0.354,20,28,22,23,24,31,B12,66.2,237,103.9,160,49.4,207,20.3,294,28.1,170,27.8,254,88.7,5,47.8,77,24.7,4,28.5,201,37.1,316,31.9,265,50.3,152,68.4,290,11.3,328,10.6,301,9.7,241,60.3,17,37.9,174,16.2,271,53,117,30.8,196,21.8,28,51.5,156,26.6,319,Miami FL,"W, 68-67",ACC,67.6,147,114.9,18,53.8,30,13.6,6,22.7,319,29.1,216,100.3,121,52.9,298,20.4,60,30.2,265,24.9,45,34.4,121,54.9,24,74.5,86,9,189,7.5,24,6.1,6,51.2,165,35.2,241,16.8,238,55.1,67,28.1,255,14,336,52.5,118,33.5,95
Jaden Walker,Iowa+St.,,21,6-5,200,So,15,8.4,87.3,20.8,15,52.1,52.2,8.3,6.6,15.7,29.9,1.1,4.7,4.9,4.4,58.3,7-14,0.5,11-21,0.524,1-3,0.333,0,0,9,10,10,17,B12,66.2,237,103.9,160,49.4,207,20.3,294,28.1,170,27.8,254,88.7,5,47.8,77,24.7,4,28.5,201,37.1,316,31.9,265,50.3,152,68.4,290,11.3,328,10.6,301,9.7,241,60.3,17,37.9,174,16.2,271,53,117,30.8,196,21.8,28,51.5,156,26.6,319,Miami FL,"W, 68-67",ACC,67.6,147,114.9,18,53.8,30,13.6,6,22.7,319,29.1,216,100.3,121,52.9,298,20.4,60,30.2,265,24.9,45,34.4,121,54.9,24,74.5,86,9,189,7.5,24,6.1,6,51.2,165,35.2,241,16.8,238,55.1,67,28.1,255,14,336,52.5,118,33.5,95
Isaiah Wong,Miami+FL,,2,6-3,185,So,35,83.9147,107.5,23.6,25.5392,50.9,54.7,2.1,13.4,11.3,10.291,1.1,1.6,2.129,3.9,31.4,103-136,0.757,153-285,0.537,45-148,0.304,36,24,30,42,32,34,ACC,67.6,147,114.9,18,53.8,30,13.6,6,22.7,319,29.1,216,100.3,121,52.9,298,20.4,60,30.2,265,24.9,45,34.4,121,54.9,24,74.5,86,9,189,7.5,24,6.1,6,51.2,165,35.2,241,16.8,238,55.1,67,28.1,255,14,336,52.5,118,33.5,95,Iowa St.,"L, 68-67",B12,66.2,237,103.9,160,49.4,207,20.3,294,28.1,170,27.8,254,88.7,5,47.8,77,24.7,4,28.5,201,37.1,316,31.9,265,50.3,152,68.4,290,11.3,328,10.6,301,9.7,241,60.3,17,37.9,174,16.2,271,53,117,30.8,196,21.8,28,51.5,156,26.6,319
Anthony Walker,Miami+FL,,1,6-9,215,So,35,35.2,99.9,21.3,21,50,51.8,6.5,13.9,8.2,14.6,3.5,3.1,4.8,3.4,32,29-48,0.604,63-119,0.529,8-31,0.258,11,11,9,11,12,14,ACC,67.6,147,114.9,18,53.8,30,13.6,6,22.7,319,29.1,216,100.3,121,52.9,298,20.4,60,30.2,265,24.9,45,34.4,121,54.9,24,74.5,86,9,189,7.5,24,6.1,6,51.2,165,35.2,241,16.8,238,55.1,67,28.1,255,14,336,52.5,118,33.5,95,Iowa St.,"L, 68-67",B12,66.2,237,103.9,160,49.4,207,20.3,294,28.1,170,27.8,254,88.7,5,47.8,77,24.7,4,28.5,201,37.1,316,31.9,265,50.3,152,68.4,290,11.3,328,10.6,301,9.7,241,60.3,17,37.9,174,16.2,271,53,117,30.8,196,21.8,28,51.5,156,26.6,319
Wooga Poplar,Miami+FL,,55,6-5,195,Fr,32,19.8,95.3,17.4,16.2,47.7,51.7,3.6,15.2,6.7,18.3,0,1.9,2.9,3,36.9,17-24,0.708,22-39,0.564,6-26,0.231,7,8,5,0,5,5,ACC,67.6,147,114.9,18,53.8,30,13.6,6,22.7,319,29.1,216,100.3,121,52.9,298,20.4,60,30.2,265,24.9,45,34.4,121,54.9,24,74.5,86,9,189,7.5,24,6.1,6,51.2,165,35.2,241,16.8,238,55.1,67,28.1,255,14,336,52.5,118,33.5,95,Iowa St.,"L, 68-67",B12,66.2,237,103.9,160,49.4,207,20.3,294,28.1,170,27.8,254,88.7,5,47.8,77,24.7,4,28.5,201,37.1,316,31.9,265,50.3,152,68.4,290,11.3,328,10.6,301,9.7,241,60.3,17,37.9,174,16.2,271,53,117,30.8,196,21.8,28,51.5,156,26.6,319
Sam Waardenburg,Miami+FL,,21,6-10,225,Sr,33,70.6,123.154,13.9,13.1,62.831,64.233,4.3,12.8,12,14.1,4.9172,1.6,2.9,2.4,33.2446,43-62,0.694,62-99,0.62683,37-88,0.42083,35,34,35,39,33,33,ACC,67.6,147,114.9,18,53.8,30,13.6,6,22.7,319,29.1,216,100.3,121,52.9,298,20.4,60,30.2,265,24.9,45,34.4,121,54.9,24,74.5,86,9,189,7.5,24,6.1,6,51.2,165,35.2,241,16.8,238,55.1,67,28.1,255,14,336,52.5,118,33.5,95,Iowa St.,"L, 68-67",B12,66.2,237,103.9,160,49.4,207,20.3,294,28.1,170,27.8,254,88.7,5,47.8,77,24.7,4,28.5,201,37.1,316,31.9,265,50.3,152,68.4,290,11.3,328,10.6,301,9.7,241,60.3,17,37.9,174,16.2,271,53,117,30.8,196,21.8,28,51.5,156,26.6,319
Bensley Joseph,Miami+FL,,4,6-1,195,Fr,34,32.8,93.1,12.3,10.8,45.1,49.7,2.7,12.3,8.9,22.9,0.5,1.9,3.1,1.8,25,15-18,0.833,10-36,0.278,15-36,0.417,4,15,8,13,13,20,ACC,67.6,147,114.9,18,53.8,30,13.6,6,22.7,319,29.1,216,100.3,121,52.9,298,20.4,60,30.2,265,24.9,45,34.4,121,54.9,24,74.5,86,9,189,7.5,24,6.1,6,51.2,165,35.2,241,16.8,238,55.1,67,28.1,255,14,336,52.5,118,33.5,95,Iowa St.,"L, 68-67",B12,66.2,237,103.9,160,49.4,207,20.3,294,28.1,170,27.8,254,88.7,5,47.8,77,24.7,4,28.5,201,37.1,316,31.9,265,50.3,152,68.4,290,11.3,328,10.6,301,9.7,241,60.3,17,37.9,174,16.2,271,53,117,30.8,196,21.8,28,51.5,156,26.6,319
Deng Gak,Miami+FL,,22,6-11,220,Jr,25,8.9,141.1,8.9,7.8,57.1,64.6,6,10.6,6.4,5.3,3.7,0.9,3.8,2.2,57.1,7-8,0.875,8-14,0.571,0-0,0,0,0,0,0,3,0,ACC,67.6,147,114.9,18,53.8,30,13.6,6,22.7,319,29.1,216,100.3,121,52.9,298,20.4,60,30.2,265,24.9,45,34.4,121,54.9,24,74.5,86,9,189,7.5,24,6.1,6,51.2,165,35.2,241,16.8,238,55.1,67,28.1,255,14,336,52.5,118,33.5,95,Iowa St.,"L, 68-67",B12,66.2,237,103.9,160,49.4,207,20.3,294,28.1,170,27.8,254,88.7,5,47.8,77,24.7,4,28.5,201,37.1,316,31.9,265,50.3,152,68.4,290,11.3,328,10.6,301,9.7,241,60.3,17,37.9,174,16.2,271,53,117,30.8,196,21.8,28,51.5,156,26.6,319
Alex Barcello,BYU,,13,6-2,192,Sr,32,80.8263,119.6112,23.7491,25.3406,55.5236,60.4136,1.1,11.8,19.7406,13.5427,0,1.7,2.0247,4.531,33.3435,114-131,0.87065,98-202,0.485,80-191,0.41987,33,35,34,26,34,30,WCC,68.1,117,110.8,41,52.1,82,18.3,171,30.6,94,27.2,272,96.3,55,47.6,73,15.1,333,22.2,7,31.4,208,35.1,88,51.7,98,72.6,151,7.8,83,8.7,104,9.6,235,52.4,143,37.4,187,15.9,284,52.3,131,31.8,160,18.4,151,52.5,119,29,255,Washington St.,"W, 73-69",P12,66.3,225,107.9,82,48,267,16.6,57,33.5,31,29.9,188,93.5,27,46.9,39,20.7,46,29.4,232,30.8,194,33.8,173,46,315,75.2,63,9,192,7.3,12,9.3,203,45.8,289,44.1,41,19,114,43.4,339,37.6,40,19.6,86,51.8,148,28.5,275
Te'Jon Lucas,BYU,,3,6-1,187,Sr,31,72,104.2,21.8,21,50,52.5,0.8,7.7,28.984,20.2,0.5,1.7,2.7,3.2,22.4,47-65,0.723,106-210,0.505,26-80,0.325,31,29,25,26,34,30,WCC,68.1,117,110.8,41,52.1,82,18.3,171,30.6,94,27.2,272,96.3,55,47.6,73,15.1,333,22.2,7,31.4,208,35.1,88,51.7,98,72.6,151,7.8,83,8.7,104,9.6,235,52.4,143,37.4,187,15.9,284,52.3,131,31.8,160,18.4,151,52.5,119,29,255,Washington St.,"W, 73-69",P12,66.3,225,107.9,82,48,267,16.6,57,33.5,31,29.9,188,93.5,27,46.9,39,20.7,46,29.4,232,30.8,194,33.8,173,46,315,75.2,63,9,192,7.3,12,9.3,203,45.8,289,44.1,41,19,114,43.4,339,37.6,40,19.6,86,51.8,148,28.5,275
Fousseyni Traore,BYU,,45,6-6,254,Fr,31,56.4,117.8163,20.2,18.3,58.8,62.1,14.132,26.73,7.4,17.6,5.7118,1.4,3.2,4.1,41.9,62-83,0.747,115-190,0.605162,1-8,0.125,17,23,33,22,28,22,WCC,68.1,117,110.8,41,52.1,82,18.3,171,30.6,94,27.2,272,96.3,55,47.6,73,15.1,333,22.2,7,31.4,208,35.1,88,51.7,98,72.6,151,7.8,83,8.7,104,9.6,235,52.4,143,37.4,187,15.9,284,52.3,131,31.8,160,18.4,151,52.5,119,29,255,Washington St.,"W, 73-69",P12,66.3,225,107.9,82,48,267,16.6,57,33.5,31,29.9,188,93.5,27,46.9,39,20.7,46,29.4,232,30.8,194,33.8,173,46,315,75.2,63,9,192,7.3,12,9.3,203,45.8,289,44.1,41,19,114,43.4,339,37.6,40,19.6,86,51.8,148,28.5,275
Gideon George,BYU,,5,6-6,210,Sr,30,51.2,104.4,20.4,21.6,51.2,53.5,5.1,19.6267,10.6,16.7,1.3,1.4,3.8,3.5,26.9,39-57,0.684,53-100,0.53,37-112,0.33,27,15,30,21,30,26,WCC,68.1,117,110.8,41,52.1,82,18.3,171,30.6,94,27.2,272,96.3,55,47.6,73,15.1,333,22.2,7,31.4,208,35.1,88,51.7,98,72.6,151,7.8,83,8.7,104,9.6,235,52.4,143,37.4,187,15.9,284,52.3,131,31.8,160,18.4,151,52.5,119,29,255,Washington St.,"W, 73-69",P12,66.3,225,107.9,82,48,267,16.6,57,33.5,31,29.9,188,93.5,27,46.9,39,20.7,46,29.4,232,30.8,194,33.8,173,46,315,75.2,63,9,192,7.3,12,9.3,203,45.8,289,44.1,41,19,114,43.4,339,37.6,40,19.6,86,51.8,148,28.5,275
Caleb Lohner,BYU,,33,6-8,235,So,32,57.4,88.8,19.9,19.7,43.8,45,9.126,20.9198,7.3,21.1,1,1,4.8,3,22.1,26-48,0.542,77-161,0.478,12-56,0.214,28,24,28,25,23,27,WCC,68.1,117,110.8,41,52.1,82,18.3,171,30.6,94,27.2,272,96.3,55,47.6,73,15.1,333,22.2,7,31.4,208,35.1,88,51.7,98,72.6,151,7.8,83,8.7,104,9.6,235,52.4,143,37.4,187,15.9,284,52.3,131,31.8,160,18.4,151,52.5,119,29,255,Washington St.,"W, 73-69",P12,66.3,225,107.9,82,48,267,16.6,57,33.5,31,29.9,188,93.5,27,46.9,39,20.7,46,29.4,232,30.8,194,33.8,173,46,315,75.2,63,9,192,7.3,12,9.3,203,45.8,289,44.1,41,19,114,43.4,339,37.6,40,19.6,86,51.8,148,28.5,275
Seneca Knight,BYU,,24,6-6,224,Jr,26,45.6,102.1,19.1,19.1,46.1,50.8,4.3,11.9,11.4,16.4,1.7,1.4,3.1,3.8,36.5,45-61,0.738,44-96,0.458,22-71,0.31,0,0,0,0,0,0,WCC,68.1,117,110.8,41,52.1,82,18.3,171,30.6,94,27.2,272,96.3,55,47.6,73,15.1,333,22.2,7,31.4,208,35.1,88,51.7,98,72.6,151,7.8,83,8.7,104,9.6,235,52.4,143,37.4,187,15.9,284,52.3,131,31.8,160,18.4,151,52.5,119,29,255,Washington St.,"W, 73-69",P12,66.3,225,107.9,82,48,267,16.6,57,33.5,31,29.9,188,93.5,27,46.9,39,20.7,46,29.4,232,30.8,194,33.8,173,46,315,75.2,63,9,192,7.3,12,9.3,203,45.8,289,44.1,41,19,114,43.4,339,37.6,40,19.6,86,51.8,148,28.5,275
Atiki Ally Atiki,BYU,,4,6-9,213,Fr,29,23.2,102.2,16.6,15.3,57.4,56.6,12.8,17.5,3.7,23.2,8,0.2,8,2.5,22.1,7-15,0.467,39-68,0.574,0-0,0,11,14,7,15,12,13,WCC,68.1,117,110.8,41,52.1,82,18.3,171,30.6,94,27.2,272,96.3,55,47.6,73,15.1,333,22.2,7,31.4,208,35.1,88,51.7,98,72.6,151,7.8,83,8.7,104,9.6,235,52.4,143,37.4,187,15.9,284,52.3,131,31.8,160,18.4,151,52.5,119,29,255,Washington St.,"W, 73-69",P12,66.3,225,107.9,82,48,267,16.6,57,33.5,31,29.9,188,93.5,27,46.9,39,20.7,46,29.4,232,30.8,194,33.8,173,46,315,75.2,63,9,192,7.3,12,9.3,203,45.8,289,44.1,41,19,114,43.4,339,37.6,40,19.6,86,51.8,148,28.5,275
Spencer Johnson,BYU,,20,6-5,185,Jr,32,49.7,108.7,14.9,15.5,55.4,56.5,4.7,12.1,8.7,17.5,1,1.9,4.1,2.5,23.6,22-35,0.629,40-76,0.526,28-72,0.389255,21,18,28,30,11,26,WCC,68.1,117,110.8,41,52.1,82,18.3,171,30.6,94,27.2,272,96.3,55,47.6,73,15.1,333,22.2,7,31.4,208,35.1,88,51.7,98,72.6,151,7.8,83,8.7,104,9.6,235,52.4,143,37.4,187,15.9,284,52.3,131,31.8,160,18.4,151,52.5,119,29,255,Washington St.,"W, 73-69",P12,66.3,225,107.9,82,48,267,16.6,57,33.5,31,29.9,188,93.5,27,46.9,39,20.7,46,29.4,232,30.8,194,33.8,173,46,315,75.2,63,9,192,7.3,12,9.3,203,45.8,289,44.1,41,19,114,43.4,339,37.6,40,19.6,86,51.8,148,28.5,275
Trevin Knell,BYU,,21,6-5,197,Jr,32,48.7,105.1,15.6,19.1,52.8,53.7,1.1,8.8,8.2,14.7,0.2,0.8,3.2,2,10.6,13-19,0.684,30-62,0.484,43-117,0.368453,24,24,15,25,24,25,WCC,68.1,117,110.8,41,52.1,82,18.3,171,30.6,94,27.2,272,96.3,55,47.6,73,15.1,333,22.2,7,31.4,208,35.1,88,51.7,98,72.6,151,7.8,83,8.7,104,9.6,235,52.4,143,37.4,187,15.9,284,52.3,131,31.8,160,18.4,151,52.5,119,29,255,Washington St.,"W, 73-69",P12,66.3,225,107.9,82,48,267,16.6,57,33.5,31,29.9,188,93.5,27,46.9,39,20.7,46,29.4,232,30.8,194,33.8,173,46,315,75.2,63,9,192,7.3,12,9.3,203,45.8,289,44.1,41,19,114,43.4,339,37.6,40,19.6,86,51.8,148,28.5,275
Gavin Baxter,BYU,,51,6-9,228,Sr,7,6.3,106.2,24,24.1,62.1,61,11.5,10.8,8.1,20.7,9.4,0.7,4.9,4,27.6,4-8,0.5,18-27,0.667,0-2,0,0,0,0,0,0,0,WCC,68.1,117,110.8,41,52.1,82,18.3,171,30.6,94,27.2,272,96.3,55,47.6,73,15.1,333,22.2,7,31.4,208,35.1,88,51.7,98,72.6,151,7.8,83,8.7,104,9.6,235,52.4,143,37.4,187,15.9,284,52.3,131,31.8,160,18.4,151,52.5,119,29,255,Washington St.,"W, 73-69",P12,66.3,225,107.9,82,48,267,16.6,57,33.5,31,29.9,188,93.5,27,46.9,39,20.7,46,29.4,232,30.8,194,33.8,173,46,315,75.2,63,9,192,7.3,12,9.3,203,45.8,289,44.1,41,19,114,43.4,339,37.6,40,19.6,86,51.8,148,28.5,275
Hunter Erickson,BYU,,0,6-3,191,So,16,6,66.1,11.2,7.8,44.4,44.4,1.5,5.7,10.2,46.8,1.4,2.2,5.2,1.1,0,0-0,0,1-6,0.167,2-3,0.667,2,10,0,10,3,0,WCC,68.1,117,110.8,41,52.1,82,18.3,171,30.6,94,27.2,272,96.3,55,47.6,73,15.1,333,22.2,7,31.4,208,35.1,88,51.7,98,72.6,151,7.8,83,8.7,104,9.6,235,52.4,143,37.4,187,15.9,284,52.3,131,31.8,160,18.4,151,52.5,119,29,255,Washington St.,"W, 73-69",P12,66.3,225,107.9,82,48,267,16.6,57,33.5,31,29.9,188,93.5,27,46.9,39,20.7,46,29.4,232,30.8,194,33.8,173,46,315,75.2,63,9,192,7.3,12,9.3,203,45.8,289,44.1,41,19,114,43.4,339,37.6,40,19.6,86,51.8,148,28.5,275
Noah Williams,Washington+St.,,24,6-5,195,Jr,33,61.6,91.4,24.9349,24.9465,37.2,42.4,4,9.6,18.3492,16.8,1.2,2.541,3.8,4.6274,34.0421,78-110,0.709,83-227,0.366,25-97,0.258,19,19,29,12,30,28,P12,66.3,225,107.9,82,48,267,16.6,57,33.5,31,29.9,188,93.5,27,46.9,39,20.7,46,29.4,232,30.8,194,33.8,173,46,315,75.2,63,9,192,7.3,12,9.3,203,45.8,289,44.1,41,19,114,43.4,339,37.6,40,19.6,86,51.8,148,28.5,275,BYU,"L, 73-69",WCC,68.1,117,110.8,41,52.1,82,18.3,171,30.6,94,27.2,272,96.3,55,47.6,73,15.1,333,22.2,7,31.4,208,35.1,88,51.7,98,72.6,151,7.8,83,8.7,104,9.6,235,52.4,143,37.4,187,15.9,284,52.3,131,31.8,160,18.4,151,52.5,119,29,255
Michael Flowers,Washington+St.,,12,6-1,190,Sr,35,80.6271,116.6202,21.6,22.7,52.3495,56.5401,1.7,10,21.9297,15.1,0.3,1.8,1.8144,3.6,25.8,86-100,0.86085,59-132,0.447,96-256,0.375376,28,36,33,35,33,37,P12,66.3,225,107.9,82,48,267,16.6,57,33.5,31,29.9,188,93.5,27,46.9,39,20.7,46,29.4,232,30.8,194,33.8,173,46,315,75.2,63,9,192,7.3,12,9.3,203,45.8,289,44.1,41,19,114,43.4,339,37.6,40,19.6,86,51.8,148,28.5,275,BYU,"L, 73-69",WCC,68.1,117,110.8,41,52.1,82,18.3,171,30.6,94,27.2,272,96.3,55,47.6,73,15.1,333,22.2,7,31.4,208,35.1,88,51.7,98,72.6,151,7.8,83,8.7,104,9.6,235,52.4,143,37.4,187,15.9,284,52.3,131,31.8,160,18.4,151,52.5,119,29,255
Tyrell Roberts,Washington+St.,,2,5-11,175,Jr,34,70.7,103.4,21,24.6487,45.9,49.1,1.7,8.5,14.3,14.5,0,1.4,3,2.7,13.3,46-49,0.939,54-144,0.375,77-225,0.342,36,35,32,34,29,30,P12,66.3,225,107.9,82,48,267,16.6,57,33.5,31,29.9,188,93.5,27,46.9,39,20.7,46,29.4,232,30.8,194,33.8,173,46,315,75.2,63,9,192,7.3,12,9.3,203,45.8,289,44.1,41,19,114,43.4,339,37.6,40,19.6,86,51.8,148,28.5,275,BYU,"L, 73-69",WCC,68.1,117,110.8,41,52.1,82,18.3,171,30.6,94,27.2,272,96.3,55,47.6,73,15.1,333,22.2,7,31.4,208,35.1,88,51.7,98,72.6,151,7.8,83,8.7,104,9.6,235,52.4,143,37.4,187,15.9,284,52.3,131,31.8,160,18.4,151,52.5,119,29,255
Efe Abogidi,Washington+St.,,0,6-10,225,So,35,51.9,117.6168,19.5,18.2,53.2,58.6,11.795,19.3291,5.5,15,9.734,2.542,3.8,4.2475,43.5,70-87,0.805269,93-162,0.574282,9-38,0.237,25,19,26,29,20,24,P12,66.3,225,107.9,82,48,267,16.6,57,33.5,31,29.9,188,93.5,27,46.9,39,20.7,46,29.4,232,30.8,194,33.8,173,46,315,75.2,63,9,192,7.3,12,9.3,203,45.8,289,44.1,41,19,114,43.4,339,37.6,40,19.6,86,51.8,148,28.5,275,BYU,"L, 73-69",WCC,68.1,117,110.8,41,52.1,82,18.3,171,30.6,94,27.2,272,96.3,55,47.6,73,15.1,333,22.2,7,31.4,208,35.1,88,51.7,98,72.6,151,7.8,83,8.7,104,9.6,235,52.4,143,37.4,187,15.9,284,52.3,131,31.8,160,18.4,151,52.5,119,29,255
Mouhamed Gueye,Washington+St.,,35,6-11,210,Fr,33,51.8,103.5,19.2,19.7,50.5,50.9,9.9206,16.8,4.7,14.8,4.818,2.3,4.9,3.4,28.7,32-62,0.516,100-193,0.518,6-23,0.261,13,9,0,0,10,21,P12,66.3,225,107.9,82,48,267,16.6,57,33.5,31,29.9,188,93.5,27,46.9,39,20.7,46,29.4,232,30.8,194,33.8,173,46,315,75.2,63,9,192,7.3,12,9.3,203,45.8,289,44.1,41,19,114,43.4,339,37.6,40,19.6,86,51.8,148,28.5,275,BYU,"L, 73-69",WCC,68.1,117,110.8,41,52.1,82,18.3,171,30.6,94,27.2,272,96.3,55,47.6,73,15.1,333,22.2,7,31.4,208,35.1,88,51.7,98,72.6,151,7.8,83,8.7,104,9.6,235,52.4,143,37.4,187,15.9,284,52.3,131,31.8,160,18.4,151,52.5,119,29,255
TJ Bamba,Washington+St.,,5,6-5,215,So,30,45.4,106.8,19.5,20,46.9,52.3,6.1,13.2,6,14.8,1.6,2.2,3.9,4,37,56-71,0.789357,45-107,0.421,30-85,0.353,27,27,23,21,21,28,P12,66.3,225,107.9,82,48,267,16.6,57,33.5,31,29.9,188,93.5,27,46.9,39,20.7,46,29.4,232,30.8,194,33.8,173,46,315,75.2,63,9,192,7.3,12,9.3,203,45.8,289,44.1,41,19,114,43.4,339,37.6,40,19.6,86,51.8,148,28.5,275,BYU,"L, 73-69",WCC,68.1,117,110.8,41,52.1,82,18.3,171,30.6,94,27.2,272,96.3,55,47.6,73,15.1,333,22.2,7,31.4,208,35.1,88,51.7,98,72.6,151,7.8,83,8.7,104,9.6,235,52.4,143,37.4,187,15.9,284,52.3,131,31.8,160,18.4,151,52.5,119,29,255
Dishon Jackson,Washington+St.,,21,6-10,250,So,23,26.3,110,18.9,16,51.7,55.7,9.9,18.4,4.4,15.3,9.1,0.8,5.2,5.1,67.4,39-60,0.65,46-88,0.523,0-1,0,21,20,21,13,14,12,P12,66.3,225,107.9,82,48,267,16.6,57,33.5,31,29.9,188,93.5,27,46.9,39,20.7,46,29.4,232,30.8,194,33.8,173,46,315,75.2,63,9,192,7.3,12,9.3,203,45.8,289,44.1,41,19,114,43.4,339,37.6,40,19.6,86,51.8,148,28.5,275,BYU,"L, 73-69",WCC,68.1,117,110.8,41,52.1,82,18.3,171,30.6,94,27.2,272,96.3,55,47.6,73,15.1,333,22.2,7,31.4,208,35.1,88,51.7,98,72.6,151,7.8,83,8.7,104,9.6,235,52.4,143,37.4,187,15.9,284,52.3,131,31.8,160,18.4,151,52.5,119,29,255
Andrej Jakimovski,Washington+St.,,23,6-8,215,So,35,47.9,111.7432,15.3,16.2,52.7,54.7,7.1,16.3,7.5,16.6,0.8,1.4,3.5,2.4,19.5,23-32,0.719,22-55,0.4,43-109,0.394212,12,9,27,32,31,5,P12,66.3,225,107.9,82,48,267,16.6,57,33.5,31,29.9,188,93.5,27,46.9,39,20.7,46,29.4,232,30.8,194,33.8,173,46,315,75.2,63,9,192,7.3,12,9.3,203,45.8,289,44.1,41,19,114,43.4,339,37.6,40,19.6,86,51.8,148,28.5,275,BYU,"L, 73-69",WCC,68.1,117,110.8,41,52.1,82,18.3,171,30.6,94,27.2,272,96.3,55,47.6,73,15.1,333,22.2,7,31.4,208,35.1,88,51.7,98,72.6,151,7.8,83,8.7,104,9.6,235,52.4,143,37.4,187,15.9,284,52.3,131,31.8,160,18.4,151,52.5,119,29,255
DJ Rodman,Washington+St.,,11,6-6,215,Jr,33,45.6,120.1101,12.2,11.5,50.9,55,8.8302,13.9,8.7,14.5,1.2,1.1,3.1,2.4,30.6,27-34,0.794,28-46,0.609,19-65,0.292,19,26,7,20,4,16,P12,66.3,225,107.9,82,48,267,16.6,57,33.5,31,29.9,188,93.5,27,46.9,39,20.7,46,29.4,232,30.8,194,33.8,173,46,315,75.2,63,9,192,7.3,12,9.3,203,45.8,289,44.1,41,19,114,43.4,339,37.6,40,19.6,86,51.8,148,28.5,275,BYU,"L, 73-69",WCC,68.1,117,110.8,41,52.1,82,18.3,171,30.6,94,27.2,272,96.3,55,47.6,73,15.1,333,22.2,7,31.4,208,35.1,88,51.7,98,72.6,151,7.8,83,8.7,104,9.6,235,52.4,143,37.4,187,15.9,284,52.3,131,31.8,160,18.4,151,52.5,119,29,255
Jefferson Koulibaly,Washington+St.,,3,6-3,185,Fr,16,9.2,80.7,23.4,21.4,42.9,44.5,3.3,8.9,12.4,27.3,0,3.2,4.3,3.6,26.2,6-11,0.545,9-22,0.409,6-20,0.3,0,0,0,0,0,0,P12,66.3,225,107.9,82,48,267,16.6,57,33.5,31,29.9,188,93.5,27,46.9,39,20.7,46,29.4,232,30.8,194,33.8,173,46,315,75.2,63,9,192,7.3,12,9.3,203,45.8,289,44.1,41,19,114,43.4,339,37.6,40,19.6,86,51.8,148,28.5,275,BYU,"L, 73-69",WCC,68.1,117,110.8,41,52.1,82,18.3,171,30.6,94,27.2,272,96.3,55,47.6,73,15.1,333,22.2,7,31.4,208,35.1,88,51.7,98,72.6,151,7.8,83,8.7,104,9.6,235,52.4,143,37.4,187,15.9,284,52.3,131,31.8,160,18.4,151,52.5,119,29,255
Ryan Rapp,Washington+St.,,22,6-5,189,Jr,14,4.6,106.8,15.4,14.3,39.3,53.4,0,17.8,8.4,17.8,1.7,0.9,2.5,4.1,57.1,8-8,0.999,1-2,0.5,3-12,0.25,0,0,1,4,1,0,P12,66.3,225,107.9,82,48,267,16.6,57,33.5,31,29.9,188,93.5,27,46.9,39,20.7,46,29.4,232,30.8,194,33.8,173,46,315,75.2,63,9,192,7.3,12,9.3,203,45.8,289,44.1,41,19,114,43.4,339,37.6,40,19.6,86,51.8,148,28.5,275,BYU,"L, 73-69",WCC,68.1,117,110.8,41,52.1,82,18.3,171,30.6,94,27.2,272,96.3,55,47.6,73,15.1,333,22.2,7,31.4,208,35.1,88,51.7,98,72.6,151,7.8,83,8.7,104,9.6,235,52.4,143,37.4,187,15.9,284,52.3,131,31.8,160,18.4,151,52.5,119,29,255
Matt DeWolf,Washington+St.,,14,6-9,235,Sr,17,3.9,103.7,15.3,8.4,71.4,66.5,5.9,14.7,7,28.2,4.1,3.2,5.1,5,128.6,5-9,0.556,5-6,0.833,0-1,0,0,0,1,0,6,0,P12,66.3,225,107.9,82,48,267,16.6,57,33.5,31,29.9,188,93.5,27,46.9,39,20.7,46,29.4,232,30.8,194,33.8,173,46,315,75.2,63,9,192,7.3,12,9.3,203,45.8,289,44.1,41,19,114,43.4,339,37.6,40,19.6,86,51.8,148,28.5,275,BYU,"L, 73-69",WCC,68.1,117,110.8,41,52.1,82,18.3,171,30.6,94,27.2,272,96.3,55,47.6,73,15.1,333,22.2,7,31.4,208,35.1,88,51.7,98,72.6,151,7.8,83,8.7,104,9.6,235,52.4,143,37.4,187,15.9,284,52.3,131,31.8,160,18.4,151,52.5,119,29,255
Wade Taylor,Texas+A%26M,,4,6-0,186,Fr,36,42.4,93.3,30.445,32.137,40.8,46,2.4,9.6,25.6157,19.6,0.4,3.857,4.3,4.8224,31.8,69-90,0.767472,54-140,0.386,41-143,0.287,14,24,21,21,33,20,SEC,66.6,212,109.3,64,49.7,186,19.2,236,34,20,35.8,48,95,38,47.6,70,23.8,9,33.7,346,33.6,262,33,216,49.9,172,70.7,207,12.7,349,10.7,311,8.5,117,52.9,126,34.5,253,20.3,56,52.3,130,27.4,273,20.5,60,49.9,216,29.6,239,Wake Forest,"W, 76-73",ACC,70.5,35,111.7,35,56,8,19,225,27,211,33.7,76,95.9,46,47.3,59,17.7,220,26.2,94,29.1,151,34.8,101,58.8,3,73.2,120,7.8,81,10.8,315,8.3,96,53.3,111,42.2,77,18.1,165,49.7,213,32.3,145,17.9,175,51.1,171,31.1,180
Quenton Jackson,Texas+A%26M,,3,6-5,173,Sr,36,64.5,110.3,26.8198,26.0339,54.4305,60.8124,2.5,12.7,16.6,20.2,1.9,3.763,3.8,5.691,50.196,145-175,0.829174,127-234,0.543493,42-115,0.365472,35,28,35,33,22,30,SEC,66.6,212,109.3,64,49.7,186,19.2,236,34,20,35.8,48,95,38,47.6,70,23.8,9,33.7,346,33.6,262,33,216,49.9,172,70.7,207,12.7,349,10.7,311,8.5,117,52.9,126,34.5,253,20.3,56,52.3,130,27.4,273,20.5,60,49.9,216,29.6,239,Wake Forest,"W, 76-73",ACC,70.5,35,111.7,35,56,8,19,225,27,211,33.7,76,95.9,46,47.3,59,17.7,220,26.2,94,29.1,151,34.8,101,58.8,3,73.2,120,7.8,81,10.8,315,8.3,96,53.3,111,42.2,77,18.1,165,49.7,213,32.3,145,17.9,175,51.1,171,31.1,180
Marcus Williams,Texas+A%26M,,1,6-2,197,So,26,44,84.2,24.0449,23.4,41.4,43.3,1.6,8.8,27.212,27,0.5,2.9231,3.5,2.8,19.2,25-41,0.61,51-120,0.425,25-94,0.266,0,0,0,0,0,0,SEC,66.6,212,109.3,64,49.7,186,19.2,236,34,20,35.8,48,95,38,47.6,70,23.8,9,33.7,346,33.6,262,33,216,49.9,172,70.7,207,12.7,349,10.7,311,8.5,117,52.9,126,34.5,253,20.3,56,52.3,130,27.4,273,20.5,60,49.9,216,29.6,239,Wake Forest,"W, 76-73",ACC,70.5,35,111.7,35,56,8,19,225,27,211,33.7,76,95.9,46,47.3,59,17.7,220,26.2,94,29.1,151,34.8,101,58.8,3,73.2,120,7.8,81,10.8,315,8.3,96,53.3,111,42.2,77,18.1,165,49.7,213,32.3,145,17.9,175,51.1,171,31.1,180
Hassan Diarra,Texas+A%26M,,5,6-2,196,So,36,36.4,92.3,23.7,23.7,42.7,48.2,1.1,12.4,17.1,21.9,1.5,2.8,3.6,4.3,39.7,52-71,0.732,39-92,0.424,25-87,0.287,11,19,18,18,24,28,SEC,66.6,212,109.3,64,49.7,186,19.2,236,34,20,35.8,48,95,38,47.6,70,23.8,9,33.7,346,33.6,262,33,216,49.9,172,70.7,207,12.7,349,10.7,311,8.5,117,52.9,126,34.5,253,20.3,56,52.3,130,27.4,273,20.5,60,49.9,216,29.6,239,Wake Forest,"W, 76-73",ACC,70.5,35,111.7,35,56,8,19,225,27,211,33.7,76,95.9,46,47.3,59,17.7,220,26.2,94,29.1,151,34.8,101,58.8,3,73.2,120,7.8,81,10.8,315,8.3,96,53.3,111,42.2,77,18.1,165,49.7,213,32.3,145,17.9,175,51.1,171,31.1,180
Tyrece Radford,Texas+A%26M,,23,6-2,200,Jr,36,74.6,118.7145,17.3,19.8,57.0165,58.7232,8.6315,14.9,10.2,14.0497,1.3,2.3,1.8145,2.5,21.5,47-66,0.712,109-201,0.542498,44-106,0.415103,32,33,32,34,33,31,SEC,66.6,212,109.3,64,49.7,186,19.2,236,34,20,35.8,48,95,38,47.6,70,23.8,9,33.7,346,33.6,262,33,216,49.9,172,70.7,207,12.7,349,10.7,311,8.5,117,52.9,126,34.5,253,20.3,56,52.3,130,27.4,273,20.5,60,49.9,216,29.6,239,Wake Forest,"W, 76-73",ACC,70.5,35,111.7,35,56,8,19,225,27,211,33.7,76,95.9,46,47.3,59,17.7,220,26.2,94,29.1,151,34.8,101,58.8,3,73.2,120,7.8,81,10.8,315,8.3,96,53.3,111,42.2,77,18.1,165,49.7,213,32.3,145,17.9,175,51.1,171,31.1,180
Henry Coleman,Texas+A%26M,,15,6-8,243,So,35,65.5,120.692,19,18.6,57.1158,60.5132,10.9133,15.5,5.3,11.9207,1.8,2.9217,3.4,4.7248,59.536,104-151,0.689,145-252,0.575275,0-2,0,29,18,24,24,38,41,SEC,66.6,212,109.3,64,49.7,186,19.2,236,34,20,35.8,48,95,38,47.6,70,23.8,9,33.7,346,33.6,262,33,216,49.9,172,70.7,207,12.7,349,10.7,311,8.5,117,52.9,126,34.5,253,20.3,56,52.3,130,27.4,273,20.5,60,49.9,216,29.6,239,Wake Forest,"W, 76-73",ACC,70.5,35,111.7,35,56,8,19,225,27,211,33.7,76,95.9,46,47.3,59,17.7,220,26.2,94,29.1,151,34.8,101,58.8,3,73.2,120,7.8,81,10.8,315,8.3,96,53.3,111,42.2,77,18.1,165,49.7,213,32.3,145,17.9,175,51.1,171,31.1,180
Manny Obaseki,Texas+A%26M,,35,6-4,189,Fr,34,27.2,88.1,17.6,18.2,35.4,40.1,4.7,11.4,11.1,15.9,2.9,2.1,4.1,3.5,41.8,26-43,0.605,26-80,0.325,7-23,0.304,23,21,18,16,17,24,SEC,66.6,212,109.3,64,49.7,186,19.2,236,34,20,35.8,48,95,38,47.6,70,23.8,9,33.7,346,33.6,262,33,216,49.9,172,70.7,207,12.7,349,10.7,311,8.5,117,52.9,126,34.5,253,20.3,56,52.3,130,27.4,273,20.5,60,49.9,216,29.6,239,Wake Forest,"W, 76-73",ACC,70.5,35,111.7,35,56,8,19,225,27,211,33.7,76,95.9,46,47.3,59,17.7,220,26.2,94,29.1,151,34.8,101,58.8,3,73.2,120,7.8,81,10.8,315,8.3,96,53.3,111,42.2,77,18.1,165,49.7,213,32.3,145,17.9,175,51.1,171,31.1,180
Hayden Hefner,Texas+A%26M,,2,6-6,182,So,25,17.9,96.7,18.8,20.2,48.7,50.6,4.4,5.8,11.1,21.5,0.9,2.9,3.5,2.6,22.7,11-17,0.647,14-29,0.483,15-46,0.326,20,15,13,17,5,12,SEC,66.6,212,109.3,64,49.7,186,19.2,236,34,20,35.8,48,95,38,47.6,70,23.8,9,33.7,346,33.6,262,33,216,49.9,172,70.7,207,12.7,349,10.7,311,8.5,117,52.9,126,34.5,253,20.3,56,52.3,130,27.4,273,20.5,60,49.9,216,29.6,239,Wake Forest,"W, 76-73",ACC,70.5,35,111.7,35,56,8,19,225,27,211,33.7,76,95.9,46,47.3,59,17.7,220,26.2,94,29.1,151,34.8,101,58.8,3,73.2,120,7.8,81,10.8,315,8.3,96,53.3,111,42.2,77,18.1,165,49.7,213,32.3,145,17.9,175,51.1,171,31.1,180
Andre Gordon,Texas+A%26M,,20,6-2,186,Jr,35,51.2,107.5,14.2,16.4,52.6,54.2,1.6,11,13.7,18.3,0.8,3.214,2.2395,1.8,13.7,18-24,0.75,35-75,0.467,38-100,0.380337,14,16,11,13,17,19,SEC,66.6,212,109.3,64,49.7,186,19.2,236,34,20,35.8,48,95,38,47.6,70,23.8,9,33.7,346,33.6,262,33,216,49.9,172,70.7,207,12.7,349,10.7,311,8.5,117,52.9,126,34.5,253,20.3,56,52.3,130,27.4,273,20.5,60,49.9,216,29.6,239,Wake Forest,"W, 76-73",ACC,70.5,35,111.7,35,56,8,19,225,27,211,33.7,76,95.9,46,47.3,59,17.7,220,26.2,94,29.1,151,34.8,101,58.8,3,73.2,120,7.8,81,10.8,315,8.3,96,53.3,111,42.2,77,18.1,165,49.7,213,32.3,145,17.9,175,51.1,171,31.1,180
Javonte Brown,Texas+A%26M,,31,7-0,253,Fr,28,13.8,98.1,13.5,8.7,52,49,10.4,15.6,8,19.4,5.2,1.2,5.6,4.2,116,12-29,0.414,13-25,0.52,0-0,0,8,8,0,1,1,2,SEC,66.6,212,109.3,64,49.7,186,19.2,236,34,20,35.8,48,95,38,47.6,70,23.8,9,33.7,346,33.6,262,33,216,49.9,172,70.7,207,12.7,349,10.7,311,8.5,117,52.9,126,34.5,253,20.3,56,52.3,130,27.4,273,20.5,60,49.9,216,29.6,239,Wake Forest,"W, 76-73",ACC,70.5,35,111.7,35,56,8,19,225,27,211,33.7,76,95.9,46,47.3,59,17.7,220,26.2,94,29.1,151,34.8,101,58.8,3,73.2,120,7.8,81,10.8,315,8.3,96,53.3,111,42.2,77,18.1,165,49.7,213,32.3,145,17.9,175,51.1,171,31.1,180
Ethan Henderson,Texas+A%26M,,10,6-8,193,Sr,36,33.5,105.2,10.1,7.8,61.1,58.5,9.7,10.4,5.8,26,5.5,2.3,4.6,1.9,42.6,10-23,0.435,33-54,0.611,0-0,0,6,9,14,7,1,13,SEC,66.6,212,109.3,64,49.7,186,19.2,236,34,20,35.8,48,95,38,47.6,70,23.8,9,33.7,346,33.6,262,33,216,49.9,172,70.7,207,12.7,349,10.7,311,8.5,117,52.9,126,34.5,253,20.3,56,52.3,130,27.4,273,20.5,60,49.9,216,29.6,239,Wake Forest,"W, 76-73",ACC,70.5,35,111.7,35,56,8,19,225,27,211,33.7,76,95.9,46,47.3,59,17.7,220,26.2,94,29.1,151,34.8,101,58.8,3,73.2,120,7.8,81,10.8,315,8.3,96,53.3,111,42.2,77,18.1,165,49.7,213,32.3,145,17.9,175,51.1,171,31.1,180
Aaron Cash,Texas+A%26M,,0,6-6,201,Jr,33,27.6,122.9,10,10.4,55,54.8,12.7,15.8,3.6,10.2,5.2,2.2,5.8,1.7,23.3,7-14,0.5,33-58,0.569,0-2,0,6,9,14,13,10,5,SEC,66.6,212,109.3,64,49.7,186,19.2,236,34,20,35.8,48,95,38,47.6,70,23.8,9,33.7,346,33.6,262,33,216,49.9,172,70.7,207,12.7,349,10.7,311,8.5,117,52.9,126,34.5,253,20.3,56,52.3,130,27.4,273,20.5,60,49.9,216,29.6,239,Wake Forest,"W, 76-73",ACC,70.5,35,111.7,35,56,8,19,225,27,211,33.7,76,95.9,46,47.3,59,17.7,220,26.2,94,29.1,151,34.8,101,58.8,3,73.2,120,7.8,81,10.8,315,8.3,96,53.3,111,42.2,77,18.1,165,49.7,213,32.3,145,17.9,175,51.1,171,31.1,180
Orlando Robinson,Fresno+St.,,10,7-0,235,Jr,32,81.3237,109.8,34.58,33.711,52.2,56.2422,10.3173,20.8203,23.8212,14.8,4.9164,1.8,2.8,6.325,43.618,145-202,0.718,192-369,0.52,33-94,0.351,33,38,40,43,48,37,MWC,61.2,356,104.9,139,50.2,166,17.8,129,27.5,187,31.3,142,94.1,33,48.2,95,19.6,102,22.4,12,27,92,32.5,239,51.1,119,72.7,145,6.8,27,8.6,91,9.2,190,50.6,177,38.7,150,18.5,143,50.9,176,30.6,199,16.1,273,47.6,278,36.3,34,Youngstown St.,"W, 74-59",Horz,66.4,223,102.5,188,51,127,17.3,103,30.1,106,30.1,181,110.4,311,50.7,210,17.2,248,28.4,197,29.7,167,34.4,129,50.6,131,76.4,30,8.5,136,8.7,100,8.6,127,45.8,290,38.5,157,18.4,148,49.8,209,31.8,162,17.5,197,52.8,107,29.7,236
Deon Stroud,Fresno+St.,,13,6-5,200,Jr,26,32.8,88.3,24.1,24.6,36.4,43.8,3.6,10.9,12.6,16.9,0.6,2.6,3.2,4.2,36.8,41-50,0.82,33-76,0.434,11-60,0.183,28,8,0,4,22,3,MWC,61.2,356,104.9,139,50.2,166,17.8,129,27.5,187,31.3,142,94.1,33,48.2,95,19.6,102,22.4,12,27,92,32.5,239,51.1,119,72.7,145,6.8,27,8.6,91,9.2,190,50.6,177,38.7,150,18.5,143,50.9,176,30.6,199,16.1,273,47.6,278,36.3,34,Youngstown St.,"W, 74-59",Horz,66.4,223,102.5,188,51,127,17.3,103,30.1,106,30.1,181,110.4,311,50.7,210,17.2,248,28.4,197,29.7,167,34.4,129,50.6,131,76.4,30,8.5,136,8.7,100,8.6,127,45.8,290,38.5,157,18.4,148,49.8,209,31.8,162,17.5,197,52.8,107,29.7,236
Isaiah Hill,Fresno+St.,,3,6-0,165,Jr,32,81.5228,94.9,21.1,20.9,49.3,51.5,1.2,9.1,19.6411,22.5,0.8,1.9,2.6,2.8,22.3,44-64,0.688,62-144,0.431,53-143,0.371424,29,37,34,40,45,37,MWC,61.2,356,104.9,139,50.2,166,17.8,129,27.5,187,31.3,142,94.1,33,48.2,95,19.6,102,22.4,12,27,92,32.5,239,51.1,119,72.7,145,6.8,27,8.6,91,9.2,190,50.6,177,38.7,150,18.5,143,50.9,176,30.6,199,16.1,273,47.6,278,36.3,34,Youngstown St.,"W, 74-59",Horz,66.4,223,102.5,188,51,127,17.3,103,30.1,106,30.1,181,110.4,311,50.7,210,17.2,248,28.4,197,29.7,167,34.4,129,50.6,131,76.4,30,8.5,136,8.7,100,8.6,127,45.8,290,38.5,157,18.4,148,49.8,209,31.8,162,17.5,197,52.8,107,29.7,236
Donavan Yap,Fresno+St.,,11,6-5,185,So,26,17,62,20.7,20.6,27.1,32,1.2,13.1,8.9,23.9,0,2,2.5,3.2,28.8,11-17,0.647,10-31,0.323,4-28,0.143,15,3,11,5,4,3,MWC,61.2,356,104.9,139,50.2,166,17.8,129,27.5,187,31.3,142,94.1,33,48.2,95,19.6,102,22.4,12,27,92,32.5,239,51.1,119,72.7,145,6.8,27,8.6,91,9.2,190,50.6,177,38.7,150,18.5,143,50.9,176,30.6,199,16.1,273,47.6,278,36.3,34,Youngstown St.,"W, 74-59",Horz,66.4,223,102.5,188,51,127,17.3,103,30.1,106,30.1,181,110.4,311,50.7,210,17.2,248,28.4,197,29.7,167,34.4,129,50.6,131,76.4,30,8.5,136,8.7,100,8.6,127,45.8,290,38.5,157,18.4,148,49.8,209,31.8,162,17.5,197,52.8,107,29.7,236
Jordan Campbell,Fresno+St.,,5,6-4,195,Jr,32,54.6,92.7,19.4,22.4,45.9,48.4,2.2,14.4,9.8,16.8,1.9,2,3.3,2.4,14.6,24-30,0.8,72-145,0.497,15-61,0.246,11,29,30,27,31,25,MWC,61.2,356,104.9,139,50.2,166,17.8,129,27.5,187,31.3,142,94.1,33,48.2,95,19.6,102,22.4,12,27,92,32.5,239,51.1,119,72.7,145,6.8,27,8.6,91,9.2,190,50.6,177,38.7,150,18.5,143,50.9,176,30.6,199,16.1,273,47.6,278,36.3,34,Youngstown St.,"W, 74-59",Horz,66.4,223,102.5,188,51,127,17.3,103,30.1,106,30.1,181,110.4,311,50.7,210,17.2,248,28.4,197,29.7,167,34.4,129,50.6,131,76.4,30,8.5,136,8.7,100,8.6,127,45.8,290,38.5,157,18.4,148,49.8,209,31.8,162,17.5,197,52.8,107,29.7,236
Anthony Holland,Fresno+St.,,25,6-5,225,Jr,31,80.528,127.119,13.9,15.6,57.514,60.9118,5.4,17.8428,9.4,8.427,0.7,1.9,2.4,2.5,29.2,50-62,0.806,47-95,0.495,50-117,0.42769,33,35,45,42,37,35,MWC,61.2,356,104.9,139,50.2,166,17.8,129,27.5,187,31.3,142,94.1,33,48.2,95,19.6,102,22.4,12,27,92,32.5,239,51.1,119,72.7,145,6.8,27,8.6,91,9.2,190,50.6,177,38.7,150,18.5,143,50.9,176,30.6,199,16.1,273,47.6,278,36.3,34,Youngstown St.,"W, 74-59",Horz,66.4,223,102.5,188,51,127,17.3,103,30.1,106,30.1,181,110.4,311,50.7,210,17.2,248,28.4,197,29.7,167,34.4,129,50.6,131,76.4,30,8.5,136,8.7,100,8.6,127,45.8,290,38.5,157,18.4,148,49.8,209,31.8,162,17.5,197,52.8,107,29.7,236
Junior Ballard,Fresno+St.,,4,6-3,185,Sr,23,31.6,107.6,14.8,18.2,52.1,54.2,0.9,8,6.1,10.6,1,1.7,4.3,2.4,21.6,15-21,0.714,10-20,0.5,27-77,0.351,0,19,21,29,25,16,MWC,61.2,356,104.9,139,50.2,166,17.8,129,27.5,187,31.3,142,94.1,33,48.2,95,19.6,102,22.4,12,27,92,32.5,239,51.1,119,72.7,145,6.8,27,8.6,91,9.2,190,50.6,177,38.7,150,18.5,143,50.9,176,30.6,199,16.1,273,47.6,278,36.3,34,Youngstown St.,"W, 74-59",Horz,66.4,223,102.5,188,51,127,17.3,103,30.1,106,30.1,181,110.4,311,50.7,210,17.2,248,28.4,197,29.7,167,34.4,129,50.6,131,76.4,30,8.5,136,8.7,100,8.6,127,45.8,290,38.5,157,18.4,148,49.8,209,31.8,162,17.5,197,52.8,107,29.7,236
Braxton Meah,Fresno+St.,,34,7-1,250,So,29,16.6,90.4,14.8,8.6,75,69.2,7.7,25.6,1.9,38.2,5.7,0.6,7,3.4,87.5,11-21,0.524,18-24,0.75,0-0,0,5,6,3,6,28,3,MWC,61.2,356,104.9,139,50.2,166,17.8,129,27.5,187,31.3,142,94.1,33,48.2,95,19.6,102,22.4,12,27,92,32.5,239,51.1,119,72.7,145,6.8,27,8.6,91,9.2,190,50.6,177,38.7,150,18.5,143,50.9,176,30.6,199,16.1,273,47.6,278,36.3,34,Youngstown St.,"W, 74-59",Horz,66.4,223,102.5,188,51,127,17.3,103,30.1,106,30.1,181,110.4,311,50.7,210,17.2,248,28.4,197,29.7,167,34.4,129,50.6,131,76.4,30,8.5,136,8.7,100,8.6,127,45.8,290,38.5,157,18.4,148,49.8,209,31.8,162,17.5,197,52.8,107,29.7,236
Robert Vaihola,Fresno+St.,,30,6-8,245,Fr,19,10.8,101.4,13.5,8.2,73.3,61.4,10.9,25.1,7.2,27.2,4.9,0.5,3.7,3.2,86.7,4-13,0.308,11-15,0.733,0-0,0,3,0,3,2,2,7,MWC,61.2,356,104.9,139,50.2,166,17.8,129,27.5,187,31.3,142,94.1,33,48.2,95,19.6,102,22.4,12,27,92,32.5,239,51.1,119,72.7,145,6.8,27,8.6,91,9.2,190,50.6,177,38.7,150,18.5,143,50.9,176,30.6,199,16.1,273,47.6,278,36.3,34,Youngstown St.,"W, 74-59",Horz,66.4,223,102.5,188,51,127,17.3,103,30.1,106,30.1,181,110.4,311,50.7,210,17.2,248,28.4,197,29.7,167,34.4,129,50.6,131,76.4,30,8.5,136,8.7,100,8.6,127,45.8,290,38.5,157,18.4,148,49.8,209,31.8,162,17.5,197,52.8,107,29.7,236
Leo Colimerio,Fresno+St.,,23,6-7,190,So,32,59.9,122.364,11.3,10.6,62.6,64.8,7.742,15.2,8.2,18.2,0.7,2,3.1,1.9,26.2,22-28,0.786,61-89,0.68519,4-18,0.222,33,24,38,25,9,28,MWC,61.2,356,104.9,139,50.2,166,17.8,129,27.5,187,31.3,142,94.1,33,48.2,95,19.6,102,22.4,12,27,92,32.5,239,51.1,119,72.7,145,6.8,27,8.6,91,9.2,190,50.6,177,38.7,150,18.5,143,50.9,176,30.6,199,16.1,273,47.6,278,36.3,34,Youngstown St.,"W, 74-59",Horz,66.4,223,102.5,188,51,127,17.3,103,30.1,106,30.1,181,110.4,311,50.7,210,17.2,248,28.4,197,29.7,167,34.4,129,50.6,131,76.4,30,8.5,136,8.7,100,8.6,127,45.8,290,38.5,157,18.4,148,49.8,209,31.8,162,17.5,197,52.8,107,29.7,236
Destin Whitaker,Fresno+St.,,22,6-5,185,So,22,20.5,98.5,9.3,9.8,47.1,50.3,1.4,3.8,6.4,18.1,0,1.4,3.1,1.6,23.5,6-8,0.75,1-3,0.333,10-31,0.323,11,0,0,2,0,6,MWC,61.2,356,104.9,139,50.2,166,17.8,129,27.5,187,31.3,142,94.1,33,48.2,95,19.6,102,22.4,12,27,92,32.5,239,51.1,119,72.7,145,6.8,27,8.6,91,9.2,190,50.6,177,38.7,150,18.5,143,50.9,176,30.6,199,16.1,273,47.6,278,36.3,34,Youngstown St.,"W, 74-59",Horz,66.4,223,102.5,188,51,127,17.3,103,30.1,106,30.1,181,110.4,311,50.7,210,17.2,248,28.4,197,29.7,167,34.4,129,50.6,131,76.4,30,8.5,136,8.7,100,8.6,127,45.8,290,38.5,157,18.4,148,49.8,209,31.8,162,17.5,197,52.8,107,29.7,236
Jemarl Baker,Fresno+St.,,1,6-5,195,Sr,5,9.3,90.4,25,26,40.2,46.5,1.1,17.6,18.1,19.1,1.1,3.2,1.3,3.7,26.8,10-11,0.909,9-18,0.5,5-23,0.217,0,0,0,0,0,0,MWC,61.2,356,104.9,139,50.2,166,17.8,129,27.5,187,31.3,142,94.1,33,48.2,95,19.6,102,22.4,12,27,92,32.5,239,51.1,119,72.7,145,6.8,27,8.6,91,9.2,190,50.6,177,38.7,150,18.5,143,50.9,176,30.6,199,16.1,273,47.6,278,36.3,34,Youngstown St.,"W, 74-59",Horz,66.4,223,102.5,188,51,127,17.3,103,30.1,106,30.1,181,110.4,311,50.7,210,17.2,248,28.4,197,29.7,167,34.4,129,50.6,131,76.4,30,8.5,136,8.7,100,8.6,127,45.8,290,38.5,157,18.4,148,49.8,209,31.8,162,17.5,197,52.8,107,29.7,236
Camryn Weston,Middle+Tennessee,,24,6-3,195,So,34,51.2,108.4,25.2322,18.7,57,63.5,5,15.7,27.2121,27.1,0.5,3.687,5.2,5.3124,63.8,95-118,0.805268,77-126,0.611129,19-59,0.322,28,15,32,40,28,27,CUSA,67.2,182,106.5,109,51.7,101,19.1,231,29.7,125,33,95,97.7,81,47.2,54,20.8,43,29.5,237,35.4,295,33.5,181,52.7,63,75.7,47,10.4,292,9.4,193,9.7,249,48.8,232,42.6,65,19.5,89,47.1,284,33.4,111,21.8,29,49.6,229,28.6,272,UNC Wilmington,"W, 73-68",CAA,65.6,263,104.4,149,48.1,263,14.9,17,28.4,163,33.3,91,103,177,50.8,212,20.1,77,31.5,311,33.5,259,32.9,225,47.5,265,73.5,113,7.4,53,6.4,3,8.5,115,41.7,339,36.2,212,20.3,55,50.2,198,29.5,223,18.4,154,53,100,28.5,275
Donovan Sims,Middle+Tennessee,,3,6-1,160,Sr,34,69.4,104.3,23.1,25.2421,47.9,52.2,2.6,16.3,20.1373,17.2,0.2,2.5465,1.8125,3.2,22.1,66-75,0.88046,86-189,0.455,51-150,0.34,29,30,32,49,37,28,CUSA,67.2,182,106.5,109,51.7,101,19.1,231,29.7,125,33,95,97.7,81,47.2,54,20.8,43,29.5,237,35.4,295,33.5,181,52.7,63,75.7,47,10.4,292,9.4,193,9.7,249,48.8,232,42.6,65,19.5,89,47.1,284,33.4,111,21.8,29,49.6,229,28.6,272,UNC Wilmington,"W, 73-68",CAA,65.6,263,104.4,149,48.1,263,14.9,17,28.4,163,33.3,91,103,177,50.8,212,20.1,77,31.5,311,33.5,259,32.9,225,47.5,265,73.5,113,7.4,53,6.4,3,8.5,115,41.7,339,36.2,212,20.3,55,50.2,198,29.5,223,18.4,154,53,100,28.5,275
DeAndre Dishman,Middle+Tennessee,,2,6-6,235,Jr,34,68.8,102.1,22.1,18.5,51.6,54.7,7.8416,14.2,16.5,21.9,2.6486,2.4,2.9,4.6298,54.558,85-134,0.634,127-245,0.518,0-1,0,26,22,31,47,36,30,CUSA,67.2,182,106.5,109,51.7,101,19.1,231,29.7,125,33,95,97.7,81,47.2,54,20.8,43,29.5,237,35.4,295,33.5,181,52.7,63,75.7,47,10.4,292,9.4,193,9.7,249,48.8,232,42.6,65,19.5,89,47.1,284,33.4,111,21.8,29,49.6,229,28.6,272,UNC Wilmington,"W, 73-68",CAA,65.6,263,104.4,149,48.1,263,14.9,17,28.4,163,33.3,91,103,177,50.8,212,20.1,77,31.5,311,33.5,259,32.9,225,47.5,265,73.5,113,7.4,53,6.4,3,8.5,115,41.7,339,36.2,212,20.3,55,50.2,198,29.5,223,18.4,154,53,100,28.5,275
Eli Lawrence,Middle+Tennessee,,5,6-5,185,So,34,66.9,104.6,21,24.9455,49.2,52.1,4.6,13.9,7.2,13.1357,1.8,2.8272,3.8,3.2,23.2,56-75,0.747,75-156,0.481,56-167,0.335,35,29,25,43,34,33,CUSA,67.2,182,106.5,109,51.7,101,19.1,231,29.7,125,33,95,97.7,81,47.2,54,20.8,43,29.5,237,35.4,295,33.5,181,52.7,63,75.7,47,10.4,292,9.4,193,9.7,249,48.8,232,42.6,65,19.5,89,47.1,284,33.4,111,21.8,29,49.6,229,28.6,272,UNC Wilmington,"W, 73-68",CAA,65.6,263,104.4,149,48.1,263,14.9,17,28.4,163,33.3,91,103,177,50.8,212,20.1,77,31.5,311,33.5,259,32.9,225,47.5,265,73.5,113,7.4,53,6.4,3,8.5,115,41.7,339,36.2,212,20.3,55,50.2,198,29.5,223,18.4,154,53,100,28.5,275
Josh Jefferson,Middle+Tennessee,,11,6-2,190,Sr,27,56.5,121.084,23.1,26.1326,55.6,60.4,3.7,9.8,15.2,12.1225,0.9,2.1,2.1288,4.15,32.5,81-93,0.87162,57-104,0.548447,68-182,0.374393,0,0,0,0,0,0,CUSA,67.2,182,106.5,109,51.7,101,19.1,231,29.7,125,33,95,97.7,81,47.2,54,20.8,43,29.5,237,35.4,295,33.5,181,52.7,63,75.7,47,10.4,292,9.4,193,9.7,249,48.8,232,42.6,65,19.5,89,47.1,284,33.4,111,21.8,29,49.6,229,28.6,272,UNC Wilmington,"W, 73-68",CAA,65.6,263,104.4,149,48.1,263,14.9,17,28.4,163,33.3,91,103,177,50.8,212,20.1,77,31.5,311,33.5,259,32.9,225,47.5,265,73.5,113,7.4,53,6.4,3,8.5,115,41.7,339,36.2,212,20.3,55,50.2,198,29.5,223,18.4,154,53,100,28.5,275
Teafale Lenard,Middle+Tennessee,,12,6-7,175,Fr,34,48.3,106.9,16.6,17.3,62.4,62.3,5.4,12.7,4.6,21.8,9.336,2.6395,4.6,2.6,25.3,24-41,0.585,68-99,0.68717,22-63,0.349,14,29,13,32,29,27,CUSA,67.2,182,106.5,109,51.7,101,19.1,231,29.7,125,33,95,97.7,81,47.2,54,20.8,43,29.5,237,35.4,295,33.5,181,52.7,63,75.7,47,10.4,292,9.4,193,9.7,249,48.8,232,42.6,65,19.5,89,47.1,284,33.4,111,21.8,29,49.6,229,28.6,272,UNC Wilmington,"W, 73-68",CAA,65.6,263,104.4,149,48.1,263,14.9,17,28.4,163,33.3,91,103,177,50.8,212,20.1,77,31.5,311,33.5,259,32.9,225,47.5,265,73.5,113,7.4,53,6.4,3,8.5,115,41.7,339,36.2,212,20.3,55,50.2,198,29.5,223,18.4,154,53,100,28.5,275
Elias King,Middle+Tennessee,,10,6-8,200,So,23,12.2,113.6,18.2,22.5,55.7,57.9,3.6,10.3,4.9,11.6,0.7,2.1,2.6,2.9,22.6,9-12,0.75,13-19,0.684,11-34,0.324,14,14,19,0,6,14,CUSA,67.2,182,106.5,109,51.7,101,19.1,231,29.7,125,33,95,97.7,81,47.2,54,20.8,43,29.5,237,35.4,295,33.5,181,52.7,63,75.7,47,10.4,292,9.4,193,9.7,249,48.8,232,42.6,65,19.5,89,47.1,284,33.4,111,21.8,29,49.6,229,28.6,272,UNC Wilmington,"W, 73-68",CAA,65.6,263,104.4,149,48.1,263,14.9,17,28.4,163,33.3,91,103,177,50.8,212,20.1,77,31.5,311,33.5,259,32.9,225,47.5,265,73.5,113,7.4,53,6.4,3,8.5,115,41.7,339,36.2,212,20.3,55,50.2,198,29.5,223,18.4,154,53,100,28.5,275
Tyler Millin,Middle+Tennessee,,1,6-7,205,So,31,46.9,101.1,12.7,13.7,53.2,55.2,4.1,13.6,4.5,21.5,2,0.9,4.2,1.8,16.9,16-21,0.762,27-56,0.482,26-68,0.382,23,28,15,17,24,14,CUSA,67.2,182,106.5,109,51.7,101,19.1,231,29.7,125,33,95,97.7,81,47.2,54,20.8,43,29.5,237,35.4,295,33.5,181,52.7,63,75.7,47,10.4,292,9.4,193,9.7,249,48.8,232,42.6,65,19.5,89,47.1,284,33.4,111,21.8,29,49.6,229,28.6,272,UNC Wilmington,"W, 73-68",CAA,65.6,263,104.4,149,48.1,263,14.9,17,28.4,163,33.3,91,103,177,50.8,212,20.1,77,31.5,311,33.5,259,32.9,225,47.5,265,73.5,113,7.4,53,6.4,3,8.5,115,41.7,339,36.2,212,20.3,55,50.2,198,29.5,223,18.4,154,53,100,28.5,275
Christian Fussell,Middle+Tennessee,,15,6-10,215,Fr,34,30.2,90.2,15.8,16.2,34.7,40.4,7,15.2,9.9,17.8,2.2,1.1,5.3,2.5,25.3,20-24,0.833,21-48,0.438,8-47,0.17,14,18,9,8,9,10,CUSA,67.2,182,106.5,109,51.7,101,19.1,231,29.7,125,33,95,97.7,81,47.2,54,20.8,43,29.5,237,35.4,295,33.5,181,52.7,63,75.7,47,10.4,292,9.4,193,9.7,249,48.8,232,42.6,65,19.5,89,47.1,284,33.4,111,21.8,29,49.6,229,28.6,272,UNC Wilmington,"W, 73-68",CAA,65.6,263,104.4,149,48.1,263,14.9,17,28.4,163,33.3,91,103,177,50.8,212,20.1,77,31.5,311,33.5,259,32.9,225,47.5,265,73.5,113,7.4,53,6.4,3,8.5,115,41.7,339,36.2,212,20.3,55,50.2,198,29.5,223,18.4,154,53,100,28.5,275
Justin Bufford,Middle+Tennessee,,4,6-6,185,Fr,34,45.6,104,11.5,11.8,45.2,49.8,5.8,10.1,3.4,13.8462,3.3321,2,4.7,2.5,41.4,30-43,0.698,29-62,0.468,12-42,0.286,17,15,24,39,21,17,CUSA,67.2,182,106.5,109,51.7,101,19.1,231,29.7,125,33,95,97.7,81,47.2,54,20.8,43,29.5,237,35.4,295,33.5,181,52.7,63,75.7,47,10.4,292,9.4,193,9.7,249,48.8,232,42.6,65,19.5,89,47.1,284,33.4,111,21.8,29,49.6,229,28.6,272,UNC Wilmington,"W, 73-68",CAA,65.6,263,104.4,149,48.1,263,14.9,17,28.4,163,33.3,91,103,177,50.8,212,20.1,77,31.5,311,33.5,259,32.9,225,47.5,265,73.5,113,7.4,53,6.4,3,8.5,115,41.7,339,36.2,212,20.3,55,50.2,198,29.5,223,18.4,154,53,100,28.5,275
Isaiah Turner,Middle+Tennessee,,0,6-9,240,So,5,3.4,90,26.6,28.8,57.9,58.8,5.1,7.4,0,28.2,2.5,0,8.5,3,15.8,2-3,0.667,5-6,0.833,4-13,0.308,0,0,0,0,0,0,CUSA,67.2,182,106.5,109,51.7,101,19.1,231,29.7,125,33,95,97.7,81,47.2,54,20.8,43,29.5,237,35.4,295,33.5,181,52.7,63,75.7,47,10.4,292,9.4,193,9.7,249,48.8,232,42.6,65,19.5,89,47.1,284,33.4,111,21.8,29,49.6,229,28.6,272,UNC Wilmington,"W, 73-68",CAA,65.6,263,104.4,149,48.1,263,14.9,17,28.4,163,33.3,91,103,177,50.8,212,20.1,77,31.5,311,33.5,259,32.9,225,47.5,265,73.5,113,7.4,53,6.4,3,8.5,115,41.7,339,36.2,212,20.3,55,50.2,198,29.5,223,18.4,154,53,100,28.5,275
Rodney Miller,Miami+FL,,14,7-0,235,Sr,17,5.4,119.5,15.8,14.6,62.5,66.6,3.3,12.7,4.7,14.8,1.5,1.6,6.8,3.7,56.2,7-9,0.778,10-16,0.625,0-0,0,0,0,0,0,0,1,ACC,67.6,147,114.9,18,53.8,30,13.6,6,22.7,319,29.1,216,100.3,121,52.9,298,20.4,60,30.2,265,24.9,45,34.4,121,54.9,24,74.5,86,9,189,7.5,24,6.1,6,51.2,165,35.2,241,16.8,238,55.1,67,28.1,255,14,336,52.5,118,33.5,95,Iowa St.,"L, 68-67",B12,66.2,237,103.9,160,49.4,207,20.3,294,28.1,170,27.8,254,88.7,5,47.8,77,24.7,4,28.5,201,37.1,316,31.9,265,50.3,152,68.4,290,11.3,328,10.6,301,9.7,241,60.3,17,37.9,174,16.2,271,53,117,30.8,196,21.8,28,51.5,156,26.6,319
Harlond Beverly,Miami+FL,,5,6-5,195,So,4,2.6,59.4,14.4,13.1,14.3,14.3,3.4,19.6,20.5,22.1,0,3.2,5.4,1,0,0-0,0,1-5,0.2,0-2,0,0,0,0,0,0,0,ACC,67.6,147,114.9,18,53.8,30,13.6,6,22.7,319,29.1,216,100.3,121,52.9,298,20.4,60,30.2,265,24.9,45,34.4,121,54.9,24,74.5,86,9,189,7.5,24,6.1,6,51.2,165,35.2,241,16.8,238,55.1,67,28.1,255,14,336,52.5,118,33.5,95,Iowa St.,"L, 68-67",B12,66.2,237,103.9,160,49.4,207,20.3,294,28.1,170,27.8,254,88.7,5,47.8,77,24.7,4,28.5,201,37.1,316,31.9,265,50.3,152,68.4,290,11.3,328,10.6,301,9.7,241,60.3,17,37.9,174,16.2,271,53,117,30.8,196,21.8,28,51.5,156,26.6,319
Jaylen Murray,Saint+Peter's,,32,5-11,175,Fr,30,37.2,88.4,24.9,27.6,44,45.9,2.5,8.7,21.4,21.1,0,1.8,2.8,3.2,20.1,22-35,0.629,51-121,0.421,17-53,0.321,11,19,9,11,11,10,MAAC,66.1,240,100.5,225,48.1,265,20.6,310,31.7,64,38.1,19,93.6,28,44.1,5,20.7,47,28.5,199,41.9,348,35.1,87,46.1,313,69.3,266,13.4,354,10.5,292,10.1,283,52.3,146,30.1,335,21.6,22,52.6,127,25.9,305,25.7,2,47.3,285,27,312,Purdue,"L, 73-63",B10,66.2,236,121.5,2,56.8,4,17.3,106,35.1,13,38.5,14,98.4,89,49.2,139,14.1,346,23.8,33,21.1,6,38.8,4,55.8,13,70.8,203,6.9,34,8.7,103,8.6,131,58.8,28,39.2,139,19.4,94,48.3,263,32.4,141,13.3,350,51,173,35.8,41
Daryl Banks,Saint+Peter's,,5,6-3,165,Jr,31,65.8,103.2,22.7,25.9349,46.7,52.4,3.1,8.2,12.5,16,0.4,2.6355,2.9,4,32.2491,79-93,0.849107,60-156,0.385,50-133,0.376371,26,38,25,30,30,29,MAAC,66.1,240,100.5,225,48.1,265,20.6,310,31.7,64,38.1,19,93.6,28,44.1,5,20.7,47,28.5,199,41.9,348,35.1,87,46.1,313,69.3,266,13.4,354,10.5,292,10.1,283,52.3,146,30.1,335,21.6,22,52.6,127,25.9,305,25.7,2,47.3,285,27,312,Purdue,"L, 73-63",B10,66.2,236,121.5,2,56.8,4,17.3,106,35.1,13,38.5,14,98.4,89,49.2,139,14.1,346,23.8,33,21.1,6,38.8,4,55.8,13,70.8,203,6.9,34,8.7,103,8.6,131,58.8,28,39.2,139,19.4,94,48.3,263,32.4,141,13.3,350,51,173,35.8,41
Matthew Lee,Saint+Peter's,,15,6-0,160,Jr,28,52.4,93.8,20.7,19.4,41.6,47.4,1.3,7.5,25.8151,22.5,0.6,1.7,3.1,3.8,41.3,52-71,0.732,31-95,0.326,27-77,0.351,29,26,21,29,29,30,MAAC,66.1,240,100.5,225,48.1,265,20.6,310,31.7,64,38.1,19,93.6,28,44.1,5,20.7,47,28.5,199,41.9,348,35.1,87,46.1,313,69.3,266,13.4,354,10.5,292,10.1,283,52.3,146,30.1,335,21.6,22,52.6,127,25.9,305,25.7,2,47.3,285,27,312,Purdue,"L, 73-63",B10,66.2,236,121.5,2,56.8,4,17.3,106,35.1,13,38.5,14,98.4,89,49.2,139,14.1,346,23.8,33,21.1,6,38.8,4,55.8,13,70.8,203,6.9,34,8.7,103,8.6,131,58.8,28,39.2,139,19.4,94,48.3,263,32.4,141,13.3,350,51,173,35.8,41
Clarence Rupert,Saint+Peter's,,12,6-8,245,Fr,28,29.5,98.9,20.3,21.2,45.8,47.4,9.9,13.1,12.1,14.4,3.2,1.5,5.2,3.8,38.7,22-41,0.537,47-99,0.475,1-7,0.143,16,19,8,15,18,18,MAAC,66.1,240,100.5,225,48.1,265,20.6,310,31.7,64,38.1,19,93.6,28,44.1,5,20.7,47,28.5,199,41.9,348,35.1,87,46.1,313,69.3,266,13.4,354,10.5,292,10.1,283,52.3,146,30.1,335,21.6,22,52.6,127,25.9,305,25.7,2,47.3,285,27,312,Purdue,"L, 73-63",B10,66.2,236,121.5,2,56.8,4,17.3,106,35.1,13,38.5,14,98.4,89,49.2,139,14.1,346,23.8,33,21.1,6,38.8,4,55.8,13,70.8,203,6.9,34,8.7,103,8.6,131,58.8,28,39.2,139,19.4,94,48.3,263,32.4,141,13.3,350,51,173,35.8,41
Doug Edert,Saint+Peter's,,25,6-2,185,Jr,31,59.8,127.416,16.3,18.8,59.2,65.3,1.1,10.6,8.2,11.3151,0.5,1.4,2.2352,3.8,45.8,77-87,0.88534,45-84,0.536,45-106,0.42573,24,25,32,28,26,27,MAAC,66.1,240,100.5,225,48.1,265,20.6,310,31.7,64,38.1,19,93.6,28,44.1,5,20.7,47,28.5,199,41.9,348,35.1,87,46.1,313,69.3,266,13.4,354,10.5,292,10.1,283,52.3,146,30.1,335,21.6,22,52.6,127,25.9,305,25.7,2,47.3,285,27,312,Purdue,"L, 73-63",B10,66.2,236,121.5,2,56.8,4,17.3,106,35.1,13,38.5,14,98.4,89,49.2,139,14.1,346,23.8,33,21.1,6,38.8,4,55.8,13,70.8,203,6.9,34,8.7,103,8.6,131,58.8,28,39.2,139,19.4,94,48.3,263,32.4,141,13.3,350,51,173,35.8,41
Isiah Dasher,Saint+Peter's,,13,6-4,170,Sr,31,44.2,86,16.8,18.6,39.9,44.7,1.9,12.7,8.5,20.6,0.7,1.7,4.4,2.7,26.6,29-37,0.784,36-89,0.404,13-50,0.26,16,18,19,15,14,14,MAAC,66.1,240,100.5,225,48.1,265,20.6,310,31.7,64,38.1,19,93.6,28,44.1,5,20.7,47,28.5,199,41.9,348,35.1,87,46.1,313,69.3,266,13.4,354,10.5,292,10.1,283,52.3,146,30.1,335,21.6,22,52.6,127,25.9,305,25.7,2,47.3,285,27,312,Purdue,"L, 73-63",B10,66.2,236,121.5,2,56.8,4,17.3,106,35.1,13,38.5,14,98.4,89,49.2,139,14.1,346,23.8,33,21.1,6,38.8,4,55.8,13,70.8,203,6.9,34,8.7,103,8.6,131,58.8,28,39.2,139,19.4,94,48.3,263,32.4,141,13.3,350,51,173,35.8,41
Marty Silvera,Saint+Peter's,,2,6-0,190,So,17,11.4,64,19.2,19.1,31.1,32.9,5.8,9.6,12.4,32.6,0.8,3.8,4.5,1.6,5.4,2-2,0.999,7-26,0.269,3-11,0.273,0,0,0,0,0,1,MAAC,66.1,240,100.5,225,48.1,265,20.6,310,31.7,64,38.1,19,93.6,28,44.1,5,20.7,47,28.5,199,41.9,348,35.1,87,46.1,313,69.3,266,13.4,354,10.5,292,10.1,283,52.3,146,30.1,335,21.6,22,52.6,127,25.9,305,25.7,2,47.3,285,27,312,Purdue,"L, 73-63",B10,66.2,236,121.5,2,56.8,4,17.3,106,35.1,13,38.5,14,98.4,89,49.2,139,14.1,346,23.8,33,21.1,6,38.8,4,55.8,13,70.8,203,6.9,34,8.7,103,8.6,131,58.8,28,39.2,139,19.4,94,48.3,263,32.4,141,13.3,350,51,173,35.8,41
Fousseyni Drame,Saint+Peter's,,10,6-7,200,Jr,30,54.4,107,15.7,15.1,56.8,57.8,9.0268,23.674,6.9,19.6,3.0381,1.4,5.2,3.1,42.5,35-59,0.593,64-110,0.582243,10-29,0.345,20,13,25,15,26,21,MAAC,66.1,240,100.5,225,48.1,265,20.6,310,31.7,64,38.1,19,93.6,28,44.1,5,20.7,47,28.5,199,41.9,348,35.1,87,46.1,313,69.3,266,13.4,354,10.5,292,10.1,283,52.3,146,30.1,335,21.6,22,52.6,127,25.9,305,25.7,2,47.3,285,27,312,Purdue,"L, 73-63",B10,66.2,236,121.5,2,56.8,4,17.3,106,35.1,13,38.5,14,98.4,89,49.2,139,14.1,346,23.8,33,21.1,6,38.8,4,55.8,13,70.8,203,6.9,34,8.7,103,8.6,131,58.8,28,39.2,139,19.4,94,48.3,263,32.4,141,13.3,350,51,173,35.8,41
Oumar Diahame,Saint+Peter's,,24,6-10,225,So,22,16.7,120.8,10.1,12,58.8,59.1,10.7,14.8,0,11.4,8.6,3.1,5.2,1.5,14.7,3-5,0.6,20-33,0.606,0-1,0,1,8,0,0,0,5,MAAC,66.1,240,100.5,225,48.1,265,20.6,310,31.7,64,38.1,19,93.6,28,44.1,5,20.7,47,28.5,199,41.9,348,35.1,87,46.1,313,69.3,266,13.4,354,10.5,292,10.1,283,52.3,146,30.1,335,21.6,22,52.6,127,25.9,305,25.7,2,47.3,285,27,312,Purdue,"L, 73-63",B10,66.2,236,121.5,2,56.8,4,17.3,106,35.1,13,38.5,14,98.4,89,49.2,139,14.1,346,23.8,33,21.1,6,38.8,4,55.8,13,70.8,203,6.9,34,8.7,103,8.6,131,58.8,28,39.2,139,19.4,94,48.3,263,32.4,141,13.3,350,51,173,35.8,41
Latrell Reid,Saint+Peter's,,0,6-3,185,Jr,18,11.1,66.8,8.9,6.9,15.4,23.8,3.4,8.3,11.5,24.3,0,3.9,4.3,2.2,61.5,4-8,0.5,2-11,0.182,0-2,0,0,0,9,0,0,1,MAAC,66.1,240,100.5,225,48.1,265,20.6,310,31.7,64,38.1,19,93.6,28,44.1,5,20.7,47,28.5,199,41.9,348,35.1,87,46.1,313,69.3,266,13.4,354,10.5,292,10.1,283,52.3,146,30.1,335,21.6,22,52.6,127,25.9,305,25.7,2,47.3,285,27,312,Purdue,"L, 73-63",B10,66.2,236,121.5,2,56.8,4,17.3,106,35.1,13,38.5,14,98.4,89,49.2,139,14.1,346,23.8,33,21.1,6,38.8,4,55.8,13,70.8,203,6.9,34,8.7,103,8.6,131,58.8,28,39.2,139,19.4,94,48.3,263,32.4,141,13.3,350,51,173,35.8,41
Jaylen Sims,UNC+Wilmington,,30,6-6,210,Sr,33,86.385,107.3,25.9263,25.8368,45,52.1,3.6,15.8,15.2,12.1222,0.8,2,2.5,5.3122,45.2158,158-195,0.810244,110-268,0.41,56-163,0.344,34,32,30,30,37,39,CAA,65.6,263,104.4,149,48.1,263,14.9,17,28.4,163,33.3,91,103,177,50.8,212,20.1,77,31.5,311,33.5,259,32.9,225,47.5,265,73.5,113,7.4,53,6.4,3,8.5,115,41.7,339,36.2,212,20.3,55,50.2,198,29.5,223,18.4,154,53,100,28.5,275,Middle Tennessee,"L, 73-68",CUSA,67.2,182,106.5,109,51.7,101,19.1,231,29.7,125,33,95,97.7,81,47.2,54,20.8,43,29.5,237,35.4,295,33.5,181,52.7,63,75.7,47,10.4,292,9.4,193,9.7,249,48.8,232,42.6,65,19.5,89,47.1,284,33.4,111,21.8,29,49.6,229,28.6,272
Mike Okauru,UNC+Wilmington,,4,6-4,190,Sr,33,77.4422,107.8,21.5,23.1,53.3405,56.1425,1.6,13.6,14,15.7,1.7,2.6358,3.4,3,22,60-76,0.789355,96-178,0.539,59-168,0.351,29,27,24,31,37,32,CAA,65.6,263,104.4,149,48.1,263,14.9,17,28.4,163,33.3,91,103,177,50.8,212,20.1,77,31.5,311,33.5,259,32.9,225,47.5,265,73.5,113,7.4,53,6.4,3,8.5,115,41.7,339,36.2,212,20.3,55,50.2,198,29.5,223,18.4,154,53,100,28.5,275,Middle Tennessee,"L, 73-68",CUSA,67.2,182,106.5,109,51.7,101,19.1,231,29.7,125,33,95,97.7,81,47.2,54,20.8,43,29.5,237,35.4,295,33.5,181,52.7,63,75.7,47,10.4,292,9.4,193,9.7,249,48.8,232,42.6,65,19.5,89,47.1,284,33.4,111,21.8,29,49.6,229,28.6,272
Shykeim Phillips,UNC+Wilmington,,2,6-2,180,Jr,33,69.5,113.8325,21.5,22.1,49.2,54.4,4.2,11.7,16.2,10.292,1.6,3.854,4.2,4,37.0322,88-110,0.800292,131-266,0.492,10-31,0.323,29,36,33,36,25,18,CAA,65.6,263,104.4,149,48.1,263,14.9,17,28.4,163,33.3,91,103,177,50.8,212,20.1,77,31.5,311,33.5,259,32.9,225,47.5,265,73.5,113,7.4,53,6.4,3,8.5,115,41.7,339,36.2,212,20.3,55,50.2,198,29.5,223,18.4,154,53,100,28.5,275,Middle Tennessee,"L, 73-68",CUSA,67.2,182,106.5,109,51.7,101,19.1,231,29.7,125,33,95,97.7,81,47.2,54,20.8,43,29.5,237,35.4,295,33.5,181,52.7,63,75.7,47,10.4,292,9.4,193,9.7,249,48.8,232,42.6,65,19.5,89,47.1,284,33.4,111,21.8,29,49.6,229,28.6,272
Jamarii Thomas,UNC+Wilmington,,0,6-0,185,Fr,23,10.3,78.9,23.2,15.6,35.5,45,4.9,16.9,17.5,32,2.4,1.8,6.7,4.5,61.3,14-19,0.737,8-23,0.348,2-8,0.25,17,14,16,0,0,1,CAA,65.6,263,104.4,149,48.1,263,14.9,17,28.4,163,33.3,91,103,177,50.8,212,20.1,77,31.5,311,33.5,259,32.9,225,47.5,265,73.5,113,7.4,53,6.4,3,8.5,115,41.7,339,36.2,212,20.3,55,50.2,198,29.5,223,18.4,154,53,100,28.5,275,Middle Tennessee,"L, 73-68",CUSA,67.2,182,106.5,109,51.7,101,19.1,231,29.7,125,33,95,97.7,81,47.2,54,20.8,43,29.5,237,35.4,295,33.5,181,52.7,63,75.7,47,10.4,292,9.4,193,9.7,249,48.8,232,42.6,65,19.5,89,47.1,284,33.4,111,21.8,29,49.6,229,28.6,272
Jaylen Fornes,UNC+Wilmington,,1,6-3,195,Sr,32,62.2,97.3,19.2,21.8,44.3,45.5,3.9,9.7,12.7,12.8314,0.7,1.9,2.8,2.3,14.4,23-38,0.605,37-112,0.33,53-151,0.351,8,22,24,33,21,27,CAA,65.6,263,104.4,149,48.1,263,14.9,17,28.4,163,33.3,91,103,177,50.8,212,20.1,77,31.5,311,33.5,259,32.9,225,47.5,265,73.5,113,7.4,53,6.4,3,8.5,115,41.7,339,36.2,212,20.3,55,50.2,198,29.5,223,18.4,154,53,100,28.5,275,Middle Tennessee,"L, 73-68",CUSA,67.2,182,106.5,109,51.7,101,19.1,231,29.7,125,33,95,97.7,81,47.2,54,20.8,43,29.5,237,35.4,295,33.5,181,52.7,63,75.7,47,10.4,292,9.4,193,9.7,249,48.8,232,42.6,65,19.5,89,47.1,284,33.4,111,21.8,29,49.6,229,28.6,272
Trazarien White,UNC+Wilmington,,13,6-6,180,Fr,30,51,107.2,17.8,14.7,46.9,52.5,10.3167,13.8,6,14.8,1,2.1,3.1,4.3409,64.8,63-94,0.67,59-109,0.541,6-36,0.167,0,0,0,17,31,34,CAA,65.6,263,104.4,149,48.1,263,14.9,17,28.4,163,33.3,91,103,177,50.8,212,20.1,77,31.5,311,33.5,259,32.9,225,47.5,265,73.5,113,7.4,53,6.4,3,8.5,115,41.7,339,36.2,212,20.3,55,50.2,198,29.5,223,18.4,154,53,100,28.5,275,Middle Tennessee,"L, 73-68",CUSA,67.2,182,106.5,109,51.7,101,19.1,231,29.7,125,33,95,97.7,81,47.2,54,20.8,43,29.5,237,35.4,295,33.5,181,52.7,63,75.7,47,10.4,292,9.4,193,9.7,249,48.8,232,42.6,65,19.5,89,47.1,284,33.4,111,21.8,29,49.6,229,28.6,272
Jamahri Harvey,UNC+Wilmington,,10,6-5,175,So,28,38.1,91.2,16.5,18.7,44.6,47.6,0.2,11.1,4.6,15.7,0.4,0.9,3.7,2.5,21.7,22-30,0.733,21-63,0.333,27-75,0.36,34,28,26,12,9,8,CAA,65.6,263,104.4,149,48.1,263,14.9,17,28.4,163,33.3,91,103,177,50.8,212,20.1,77,31.5,311,33.5,259,32.9,225,47.5,265,73.5,113,7.4,53,6.4,3,8.5,115,41.7,339,36.2,212,20.3,55,50.2,198,29.5,223,18.4,154,53,100,28.5,275,Middle Tennessee,"L, 73-68",CUSA,67.2,182,106.5,109,51.7,101,19.1,231,29.7,125,33,95,97.7,81,47.2,54,20.8,43,29.5,237,35.4,295,33.5,181,52.7,63,75.7,47,10.4,292,9.4,193,9.7,249,48.8,232,42.6,65,19.5,89,47.1,284,33.4,111,21.8,29,49.6,229,28.6,272
James Baker,UNC+Wilmington,,3,6-7,205,Sr,33,67.7,115.1264,13.6,13.5,58.8105,58.9219,7.1,11.8,4.6,14.1,5.4134,1.7,3.3,2.4,29.9,30-53,0.566,86-133,0.6475,12-44,0.273,24,29,27,33,21,33,CAA,65.6,263,104.4,149,48.1,263,14.9,17,28.4,163,33.3,91,103,177,50.8,212,20.1,77,31.5,311,33.5,259,32.9,225,47.5,265,73.5,113,7.4,53,6.4,3,8.5,115,41.7,339,36.2,212,20.3,55,50.2,198,29.5,223,18.4,154,53,100,28.5,275,Middle Tennessee,"L, 73-68",CUSA,67.2,182,106.5,109,51.7,101,19.1,231,29.7,125,33,95,97.7,81,47.2,54,20.8,43,29.5,237,35.4,295,33.5,181,52.7,63,75.7,47,10.4,292,9.4,193,9.7,249,48.8,232,42.6,65,19.5,89,47.1,284,33.4,111,21.8,29,49.6,229,28.6,272
Amari Kelly,UNC+Wilmington,,23,6-9,230,Jr,32,27.5,100.6,15.8,14.1,48,50,13.7,13.9,1.6,19.6,7.4,2,7.4,2.3,25.3,12-19,0.632,36-74,0.486,0-1,0,17,11,20,9,19,7,CAA,65.6,263,104.4,149,48.1,263,14.9,17,28.4,163,33.3,91,103,177,50.8,212,20.1,77,31.5,311,33.5,259,32.9,225,47.5,265,73.5,113,7.4,53,6.4,3,8.5,115,41.7,339,36.2,212,20.3,55,50.2,198,29.5,223,18.4,154,53,100,28.5,275,Middle Tennessee,"L, 73-68",CUSA,67.2,182,106.5,109,51.7,101,19.1,231,29.7,125,33,95,97.7,81,47.2,54,20.8,43,29.5,237,35.4,295,33.5,181,52.7,63,75.7,47,10.4,292,9.4,193,9.7,249,48.8,232,42.6,65,19.5,89,47.1,284,33.4,111,21.8,29,49.6,229,28.6,272
Alec Oglesby,UNC+Wilmington,,14,6-5,195,So,5,4.6,62.2,22.3,29,32.7,32.7,0,5.9,0,17.4,0,2.9,4.5,1.4,0,0-0,0,1-3,0.333,5-23,0.217,0,0,0,0,0,0,CAA,65.6,263,104.4,149,48.1,263,14.9,17,28.4,163,33.3,91,103,177,50.8,212,20.1,77,31.5,311,33.5,259,32.9,225,47.5,265,73.5,113,7.4,53,6.4,3,8.5,115,41.7,339,36.2,212,20.3,55,50.2,198,29.5,223,18.4,154,53,100,28.5,275,Middle Tennessee,"L, 73-68",CUSA,67.2,182,106.5,109,51.7,101,19.1,231,29.7,125,33,95,97.7,81,47.2,54,20.8,43,29.5,237,35.4,295,33.5,181,52.7,63,75.7,47,10.4,292,9.4,193,9.7,249,48.8,232,42.6,65,19.5,89,47.1,284,33.4,111,21.8,29,49.6,229,28.6,272
Khadim Samb,UNC+Wilmington,,22,6-7,200,Jr,12,3.5,46.4,10.9,5.9,0,20.5,4.8,18.2,0,23.6,4.7,0,6,4.3,175,3-7,0.429,0-4,0,0-0,0,2,0,0,0,0,1,CAA,65.6,263,104.4,149,48.1,263,14.9,17,28.4,163,33.3,91,103,177,50.8,212,20.1,77,31.5,311,33.5,259,32.9,225,47.5,265,73.5,113,7.4,53,6.4,3,8.5,115,41.7,339,36.2,212,20.3,55,50.2,198,29.5,223,18.4,154,53,100,28.5,275,Middle Tennessee,"L, 73-68",CUSA,67.2,182,106.5,109,51.7,101,19.1,231,29.7,125,33,95,97.7,81,47.2,54,20.8,43,29.5,237,35.4,295,33.5,181,52.7,63,75.7,47,10.4,292,9.4,193,9.7,249,48.8,232,42.6,65,19.5,89,47.1,284,33.4,111,21.8,29,49.6,229,28.6,272
John Knight,Southern+Utah,,3,6-3,205,Sr,31,81.523,101.7,26.1246,20.8,53.1435,55.9445,4,11.8,24.6191,23.1,1.8,3.599,3,5.3125,56.845,111-176,0.631,154-289,0.533,7-21,0.333,30,30,36,26,37,37,BSky,68.6,102,107.3,89,52.9,54,17.2,96,27.8,182,34.5,64,106.5,251,51.6,252,17.2,249,22.7,16,27.9,107,34.3,134,53.9,38,70.4,218,9.7,244,7.8,35,9.4,214,42.2,337,40.3,110,18.7,134,49.4,223,31.9,156,17.1,212,50,210,32.9,121,Portland,"W, 80-76",WCC,69.3,68,103.1,173,50,171,18.4,180,24,299,33.4,84,103.2,185,49.3,143,17.2,243,27.6,157,26.2,72,35.1,90,48.4,231,79.6,6,7.7,78,8.8,112,9.7,242,56.7,48,38.6,154,21,36,46.9,288,32.1,150,16.3,260,48.8,252,34.9,57
Tevian Jones,Southern+Utah,,5,6-7,190,Sr,26,61.7,98.6,25.3321,28.4165,46.2,51.2,2.4,15.8,5.1,14.6,0.3,1.4,2.8,4.34,31.6,81-101,0.802283,76-157,0.484,48-163,0.294,0,0,0,0,0,15,BSky,68.6,102,107.3,89,52.9,54,17.2,96,27.8,182,34.5,64,106.5,251,51.6,252,17.2,249,22.7,16,27.9,107,34.3,134,53.9,38,70.4,218,9.7,244,7.8,35,9.4,214,42.2,337,40.3,110,18.7,134,49.4,223,31.9,156,17.1,212,50,210,32.9,121,Portland,"W, 80-76",WCC,69.3,68,103.1,173,50,171,18.4,180,24,299,33.4,84,103.2,185,49.3,143,17.2,243,27.6,157,26.2,72,35.1,90,48.4,231,79.6,6,7.7,78,8.8,112,9.7,242,56.7,48,38.6,154,21,36,46.9,288,32.1,150,16.3,260,48.8,252,34.9,57
Harrison Butler,Southern+Utah,,15,6-5,230,Sr,30,51.4,97.6,20.6,20.7,48.7,52.5,3.8,17.1499,7.2,18.8,1.4,1.4,3.8,3.7,36.6,50-71,0.704,63-122,0.516,21-72,0.292,26,32,19,26,16,19,BSky,68.6,102,107.3,89,52.9,54,17.2,96,27.8,182,34.5,64,106.5,251,51.6,252,17.2,249,22.7,16,27.9,107,34.3,134,53.9,38,70.4,218,9.7,244,7.8,35,9.4,214,42.2,337,40.3,110,18.7,134,49.4,223,31.9,156,17.1,212,50,210,32.9,121,Portland,"W, 80-76",WCC,69.3,68,103.1,173,50,171,18.4,180,24,299,33.4,84,103.2,185,49.3,143,17.2,243,27.6,157,26.2,72,35.1,90,48.4,231,79.6,6,7.7,78,8.8,112,9.7,242,56.7,48,38.6,154,21,36,46.9,288,32.1,150,16.3,260,48.8,252,34.9,57
Maizen Fausett,Southern+Utah,,12,6-6,225,Sr,30,74.4,120.0103,18.8,20.8,54.8282,57.2343,10.1193,19.4289,5.7,9.455,1.4,1.3,2.9,3.1,28.6,58-81,0.716,104-178,0.584235,34-105,0.324,34,25,36,27,34,22,BSky,68.6,102,107.3,89,52.9,54,17.2,96,27.8,182,34.5,64,106.5,251,51.6,252,17.2,249,22.7,16,27.9,107,34.3,134,53.9,38,70.4,218,9.7,244,7.8,35,9.4,214,42.2,337,40.3,110,18.7,134,49.4,223,31.9,156,17.1,212,50,210,32.9,121,Portland,"W, 80-76",WCC,69.3,68,103.1,173,50,171,18.4,180,24,299,33.4,84,103.2,185,49.3,143,17.2,243,27.6,157,26.2,72,35.1,90,48.4,231,79.6,6,7.7,78,8.8,112,9.7,242,56.7,48,38.6,154,21,36,46.9,288,32.1,150,16.3,260,48.8,252,34.9,57
Dre Marin,Southern+Utah,,4,6-0,175,Sr,28,73.1,106,17.7,19.3,53.1432,55.5489,1.1,11,13,17.9,0.8,2,3.3,2.3,18.2,37-47,0.787,50-112,0.446,58-146,0.397195,38,33,31,0,8,31,BSky,68.6,102,107.3,89,52.9,54,17.2,96,27.8,182,34.5,64,106.5,251,51.6,252,17.2,249,22.7,16,27.9,107,34.3,134,53.9,38,70.4,218,9.7,244,7.8,35,9.4,214,42.2,337,40.3,110,18.7,134,49.4,223,31.9,156,17.1,212,50,210,32.9,121,Portland,"W, 80-76",WCC,69.3,68,103.1,173,50,171,18.4,180,24,299,33.4,84,103.2,185,49.3,143,17.2,243,27.6,157,26.2,72,35.1,90,48.4,231,79.6,6,7.7,78,8.8,112,9.7,242,56.7,48,38.6,154,21,36,46.9,288,32.1,150,16.3,260,48.8,252,34.9,57
Nick Fleming,Southern+Utah,,1,6-1,165,Sr,28,23.3,92.3,16.4,15.2,46.9,48.7,1.6,10.4,13.3,22.6,1.2,1.8,5,2.7,32.3,12-21,0.571,11-30,0.367,13-35,0.371,27,22,19,40,30,6,BSky,68.6,102,107.3,89,52.9,54,17.2,96,27.8,182,34.5,64,106.5,251,51.6,252,17.2,249,22.7,16,27.9,107,34.3,134,53.9,38,70.4,218,9.7,244,7.8,35,9.4,214,42.2,337,40.3,110,18.7,134,49.4,223,31.9,156,17.1,212,50,210,32.9,121,Portland,"W, 80-76",WCC,69.3,68,103.1,173,50,171,18.4,180,24,299,33.4,84,103.2,185,49.3,143,17.2,243,27.6,157,26.2,72,35.1,90,48.4,231,79.6,6,7.7,78,8.8,112,9.7,242,56.7,48,38.6,154,21,36,46.9,288,32.1,150,16.3,260,48.8,252,34.9,57
Marquis Moore,Southern+Utah,,24,6-6,205,Sr,22,15.2,96.8,17.8,20.6,46.5,48.7,4.9,17.9,1.9,13.4,0,0.9,4,2.8,24.6,9-14,0.643,13-25,0.52,9-32,0.281,0,5,0,0,0,0,BSky,68.6,102,107.3,89,52.9,54,17.2,96,27.8,182,34.5,64,106.5,251,51.6,252,17.2,249,22.7,16,27.9,107,34.3,134,53.9,38,70.4,218,9.7,244,7.8,35,9.4,214,42.2,337,40.3,110,18.7,134,49.4,223,31.9,156,17.1,212,50,210,32.9,121,Portland,"W, 80-76",WCC,69.3,68,103.1,173,50,171,18.4,180,24,299,33.4,84,103.2,185,49.3,143,17.2,243,27.6,157,26.2,72,35.1,90,48.4,231,79.6,6,7.7,78,8.8,112,9.7,242,56.7,48,38.6,154,21,36,46.9,288,32.1,150,16.3,260,48.8,252,34.9,57
Dee Barnes,Southern+Utah,,13,6-4,180,Sr,20,12.3,95.5,16,20,41.1,44.6,2.2,10.7,4.5,9.2,0.7,1.5,2.8,2.4,20,7-9,0.778,8-17,0.471,7-28,0.25,0,2,3,14,7,3,BSky,68.6,102,107.3,89,52.9,54,17.2,96,27.8,182,34.5,64,106.5,251,51.6,252,17.2,249,22.7,16,27.9,107,34.3,134,53.9,38,70.4,218,9.7,244,7.8,35,9.4,214,42.2,337,40.3,110,18.7,134,49.4,223,31.9,156,17.1,212,50,210,32.9,121,Portland,"W, 80-76",WCC,69.3,68,103.1,173,50,171,18.4,180,24,299,33.4,84,103.2,185,49.3,143,17.2,243,27.6,157,26.2,72,35.1,90,48.4,231,79.6,6,7.7,78,8.8,112,9.7,242,56.7,48,38.6,154,21,36,46.9,288,32.1,150,16.3,260,48.8,252,34.9,57
Jason Spurgin,Southern+Utah,,14,6-11,225,So,31,56.7,130.88,15.7,13.9,71.9,72,7.8406,17.5453,8,16.4,4.222,0.9,3.5,3.5,53.5,53-77,0.688,90-122,0.7383,9-22,0.409,33,36,23,27,30,38,BSky,68.6,102,107.3,89,52.9,54,17.2,96,27.8,182,34.5,64,106.5,251,51.6,252,17.2,249,22.7,16,27.9,107,34.3,134,53.9,38,70.4,218,9.7,244,7.8,35,9.4,214,42.2,337,40.3,110,18.7,134,49.4,223,31.9,156,17.1,212,50,210,32.9,121,Portland,"W, 80-76",WCC,69.3,68,103.1,173,50,171,18.4,180,24,299,33.4,84,103.2,185,49.3,143,17.2,243,27.6,157,26.2,72,35.1,90,48.4,231,79.6,6,7.7,78,8.8,112,9.7,242,56.7,48,38.6,154,21,36,46.9,288,32.1,150,16.3,260,48.8,252,34.9,57
Aanen Moody,Southern+Utah,,2,6-3,165,Sr,31,47.1,126.621,13.7,16.8,60,62.7,1.4,11.7,8.1,9.876,0,1.2,3.7,2,18.6,24-27,0.889,18-33,0.545,46-112,0.411127,12,15,34,40,38,28,BSky,68.6,102,107.3,89,52.9,54,17.2,96,27.8,182,34.5,64,106.5,251,51.6,252,17.2,249,22.7,16,27.9,107,34.3,134,53.9,38,70.4,218,9.7,244,7.8,35,9.4,214,42.2,337,40.3,110,18.7,134,49.4,223,31.9,156,17.1,212,50,210,32.9,121,Portland,"W, 80-76",WCC,69.3,68,103.1,173,50,171,18.4,180,24,299,33.4,84,103.2,185,49.3,143,17.2,243,27.6,157,26.2,72,35.1,90,48.4,231,79.6,6,7.7,78,8.8,112,9.7,242,56.7,48,38.6,154,21,36,46.9,288,32.1,150,16.3,260,48.8,252,34.9,57
Malik Muhammad,Southern+Utah,,25,6-9,230,Jr,7,2.1,63.1,14.5,12.8,20,16.8,17.2,8.7,0,14.6,12.8,2.1,4.4,2.7,40,0-2,0,1-5,0.2,0-0,0,0,0,0,0,0,0,BSky,68.6,102,107.3,89,52.9,54,17.2,96,27.8,182,34.5,64,106.5,251,51.6,252,17.2,249,22.7,16,27.9,107,34.3,134,53.9,38,70.4,218,9.7,244,7.8,35,9.4,214,42.2,337,40.3,110,18.7,134,49.4,223,31.9,156,17.1,212,50,210,32.9,121,Portland,"W, 80-76",WCC,69.3,68,103.1,173,50,171,18.4,180,24,299,33.4,84,103.2,185,49.3,143,17.2,243,27.6,157,26.2,72,35.1,90,48.4,231,79.6,6,7.7,78,8.8,112,9.7,242,56.7,48,38.6,154,21,36,46.9,288,32.1,150,16.3,260,48.8,252,34.9,57
Matheus Silveira,Portland,,24,7-0,255,So,24,14.6,100.6,25.1,25.8,55.2,57.2,12.9,13,5.3,19.6,4.8,0.3,6.6,4.8,31.3,14-21,0.667,37-67,0.552,0-0,0,10,5,0,1,0,11,WCC,69.3,68,103.1,173,50,171,18.4,180,24,299,33.4,84,103.2,185,49.3,143,17.2,243,27.6,157,26.2,72,35.1,90,48.4,231,79.6,6,7.7,78,8.8,112,9.7,242,56.7,48,38.6,154,21,36,46.9,288,32.1,150,16.3,260,48.8,252,34.9,57,Southern Utah,"L, 80-76",BSky,68.6,102,107.3,89,52.9,54,17.2,96,27.8,182,34.5,64,106.5,251,51.6,252,17.2,249,22.7,16,27.9,107,34.3,134,53.9,38,70.4,218,9.7,244,7.8,35,9.4,214,42.2,337,40.3,110,18.7,134,49.4,223,31.9,156,17.1,212,50,210,32.9,121
Tyler Robertson,Portland,,2,6-6,225,So,30,87.263,105.9,23.2,23.4,47.7,53.6,2.8,15.8,26.1144,16.3,0.9,2.1,2.5,4.532,32.847,104-119,0.87457,92-209,0.44,54-154,0.351,31,35,39,36,40,40,WCC,69.3,68,103.1,173,50,171,18.4,180,24,299,33.4,84,103.2,185,49.3,143,17.2,243,27.6,157,26.2,72,35.1,90,48.4,231,79.6,6,7.7,78,8.8,112,9.7,242,56.7,48,38.6,154,21,36,46.9,288,32.1,150,16.3,260,48.8,252,34.9,57,Southern Utah,"L, 80-76",BSky,68.6,102,107.3,89,52.9,54,17.2,96,27.8,182,34.5,64,106.5,251,51.6,252,17.2,249,22.7,16,27.9,107,34.3,134,53.9,38,70.4,218,9.7,244,7.8,35,9.4,214,42.2,337,40.3,110,18.7,134,49.4,223,31.9,156,17.1,212,50,210,32.9,121
Chris Austin,Portland,,5,6-4,210,So,31,81.2242,98.4,23.5,25.4396,47.4,52,2.5,12.8,13.6,15.3,1.2,0.7,2.7,4.8214,33.8426,95-124,0.766473,111-236,0.47,42-131,0.321,27,33,39,35,40,40,WCC,69.3,68,103.1,173,50,171,18.4,180,24,299,33.4,84,103.2,185,49.3,143,17.2,243,27.6,157,26.2,72,35.1,90,48.4,231,79.6,6,7.7,78,8.8,112,9.7,242,56.7,48,38.6,154,21,36,46.9,288,32.1,150,16.3,260,48.8,252,34.9,57,Southern Utah,"L, 80-76",BSky,68.6,102,107.3,89,52.9,54,17.2,96,27.8,182,34.5,64,106.5,251,51.6,252,17.2,249,22.7,16,27.9,107,34.3,134,53.9,38,70.4,218,9.7,244,7.8,35,9.4,214,42.2,337,40.3,110,18.7,134,49.4,223,31.9,156,17.1,212,50,210,32.9,121
Moses Wood,Portland,,1,6-8,210,So,30,77.8397,111.0481,21.2,20.7,59.678,64.234,4.2,15.9,12.2,19.9,2,1.4,2.9,4.7233,42.2207,100-121,0.826179,75-143,0.524,64-144,0.44435,28,34,39,38,38,39,WCC,69.3,68,103.1,173,50,171,18.4,180,24,299,33.4,84,103.2,185,49.3,143,17.2,243,27.6,157,26.2,72,35.1,90,48.4,231,79.6,6,7.7,78,8.8,112,9.7,242,56.7,48,38.6,154,21,36,46.9,288,32.1,150,16.3,260,48.8,252,34.9,57,Southern Utah,"L, 80-76",BSky,68.6,102,107.3,89,52.9,54,17.2,96,27.8,182,34.5,64,106.5,251,51.6,252,17.2,249,22.7,16,27.9,107,34.3,134,53.9,38,70.4,218,9.7,244,7.8,35,9.4,214,42.2,337,40.3,110,18.7,134,49.4,223,31.9,156,17.1,212,50,210,32.9,121
Vasilije Vucinic,Portland,,23,6-10,225,Fr,26,15.2,70.1,21.2,15.6,42.9,47.4,4.3,18.2,11.1,37.9,4,0.6,5.9,3.9,38.1,11-16,0.688,18-41,0.439,0-1,0,0,11,1,0,0,3,WCC,69.3,68,103.1,173,50,171,18.4,180,24,299,33.4,84,103.2,185,49.3,143,17.2,243,27.6,157,26.2,72,35.1,90,48.4,231,79.6,6,7.7,78,8.8,112,9.7,242,56.7,48,38.6,154,21,36,46.9,288,32.1,150,16.3,260,48.8,252,34.9,57,Southern Utah,"L, 80-76",BSky,68.6,102,107.3,89,52.9,54,17.2,96,27.8,182,34.5,64,106.5,251,51.6,252,17.2,249,22.7,16,27.9,107,34.3,134,53.9,38,70.4,218,9.7,244,7.8,35,9.4,214,42.2,337,40.3,110,18.7,134,49.4,223,31.9,156,17.1,212,50,210,32.9,121
Kristian Sjolund,Portland,,12,6-8,210,So,29,43.6,104.5,19.5,23.7,52.2,54.1,6.2,16,6.1,12.2238,3.038,1.1,3.8,3.2,17.9,24-33,0.727,33-58,0.569,42-126,0.333,31,28,39,26,25,28,WCC,69.3,68,103.1,173,50,171,18.4,180,24,299,33.4,84,103.2,185,49.3,143,17.2,243,27.6,157,26.2,72,35.1,90,48.4,231,79.6,6,7.7,78,8.8,112,9.7,242,56.7,48,38.6,154,21,36,46.9,288,32.1,150,16.3,260,48.8,252,34.9,57,Southern Utah,"L, 80-76",BSky,68.6,102,107.3,89,52.9,54,17.2,96,27.8,182,34.5,64,106.5,251,51.6,252,17.2,249,22.7,16,27.9,107,34.3,134,53.9,38,70.4,218,9.7,244,7.8,35,9.4,214,42.2,337,40.3,110,18.7,134,49.4,223,31.9,156,17.1,212,50,210,32.9,121
Matija Svetozarevic,Portland,,13,6-8,215,Fr,20,14.5,91.2,16,16.6,37.2,46.3,3.2,15.4,8.1,17.4,0.6,1.2,3.8,3.4,32.6,14-14,0.999,7-20,0.35,6-23,0.261,8,11,1,0,0,0,WCC,69.3,68,103.1,173,50,171,18.4,180,24,299,33.4,84,103.2,185,49.3,143,17.2,243,27.6,157,26.2,72,35.1,90,48.4,231,79.6,6,7.7,78,8.8,112,9.7,242,56.7,48,38.6,154,21,36,46.9,288,32.1,150,16.3,260,48.8,252,34.9,57,Southern Utah,"L, 80-76",BSky,68.6,102,107.3,89,52.9,54,17.2,96,27.8,182,34.5,64,106.5,251,51.6,252,17.2,249,22.7,16,27.9,107,34.3,134,53.9,38,70.4,218,9.7,244,7.8,35,9.4,214,42.2,337,40.3,110,18.7,134,49.4,223,31.9,156,17.1,212,50,210,32.9,121
Mike Meadows,Portland,,25,6-2,175,So,25,71.4,100.9,15.8,16.8,44.8,51.2,1.1,8.2,14.6,15.6,0.5,1.3,1.8107,3.2,29.6,58-63,0.9218,58-137,0.423,25-76,0.329,0,0,0,35,35,0,WCC,69.3,68,103.1,173,50,171,18.4,180,24,299,33.4,84,103.2,185,49.3,143,17.2,243,27.6,157,26.2,72,35.1,90,48.4,231,79.6,6,7.7,78,8.8,112,9.7,242,56.7,48,38.6,154,21,36,46.9,288,32.1,150,16.3,260,48.8,252,34.9,57,Southern Utah,"L, 80-76",BSky,68.6,102,107.3,89,52.9,54,17.2,96,27.8,182,34.5,64,106.5,251,51.6,252,17.2,249,22.7,16,27.9,107,34.3,134,53.9,38,70.4,218,9.7,244,7.8,35,9.4,214,42.2,337,40.3,110,18.7,134,49.4,223,31.9,156,17.1,212,50,210,32.9,121
Chika Nduka,Portland,,15,6-5,225,Fr,31,63.5,109.5,15.9,15.1,54.4308,56.2419,9.0267,13.9,10.3,16.1,0.6,1.3,4.5,3.5,39.2267,42-67,0.627,90-159,0.566319,2-12,0.167,38,29,35,30,22,37,WCC,69.3,68,103.1,173,50,171,18.4,180,24,299,33.4,84,103.2,185,49.3,143,17.2,243,27.6,157,26.2,72,35.1,90,48.4,231,79.6,6,7.7,78,8.8,112,9.7,242,56.7,48,38.6,154,21,36,46.9,288,32.1,150,16.3,260,48.8,252,34.9,57,Southern Utah,"L, 80-76",BSky,68.6,102,107.3,89,52.9,54,17.2,96,27.8,182,34.5,64,106.5,251,51.6,252,17.2,249,22.7,16,27.9,107,34.3,134,53.9,38,70.4,218,9.7,244,7.8,35,9.4,214,42.2,337,40.3,110,18.7,134,49.4,223,31.9,156,17.1,212,50,210,32.9,121
Yaru Harvey,Portland,,0,6-3,175,Fr,26,14.5,57.1,14.2,5.4,50,48.9,3.2,9.5,17.2,58.9,0.6,2.2,7.3,2.2,35.7,2-5,0.4,7-14,0.5,0-0,0,9,9,5,0,0,1,WCC,69.3,68,103.1,173,50,171,18.4,180,24,299,33.4,84,103.2,185,49.3,143,17.2,243,27.6,157,26.2,72,35.1,90,48.4,231,79.6,6,7.7,78,8.8,112,9.7,242,56.7,48,38.6,154,21,36,46.9,288,32.1,150,16.3,260,48.8,252,34.9,57,Southern Utah,"L, 80-76",BSky,68.6,102,107.3,89,52.9,54,17.2,96,27.8,182,34.5,64,106.5,251,51.6,252,17.2,249,22.7,16,27.9,107,34.3,134,53.9,38,70.4,218,9.7,244,7.8,35,9.4,214,42.2,337,40.3,110,18.7,134,49.4,223,31.9,156,17.1,212,50,210,32.9,121
Jack Perry,Portland,,11,6-3,190,Sr,5,10.4,108.7,8.6,8.6,37.5,43.5,2.7,7.4,14.4,10,0.8,3,3.1,2,31.2,4-5,0.8,0-2,0,4-14,0.286,0,0,0,0,0,0,WCC,69.3,68,103.1,173,50,171,18.4,180,24,299,33.4,84,103.2,185,49.3,143,17.2,243,27.6,157,26.2,72,35.1,90,48.4,231,79.6,6,7.7,78,8.8,112,9.7,242,56.7,48,38.6,154,21,36,46.9,288,32.1,150,16.3,260,48.8,252,34.9,57,Southern Utah,"L, 80-76",BSky,68.6,102,107.3,89,52.9,54,17.2,96,27.8,182,34.5,64,106.5,251,51.6,252,17.2,249,22.7,16,27.9,107,34.3,134,53.9,38,70.4,218,9.7,244,7.8,35,9.4,214,42.2,337,40.3,110,18.7,134,49.4,223,31.9,156,17.1,212,50,210,32.9,121
Nikola Milosevic,Portland,,4,6-5,195,Fr,10,3.3,35.3,13.8,10.2,0,14.4,2.9,15.7,7.9,39.6,0,1.4,4.9,2.6,33.3,2-2,0.999,0-4,0,0-2,0,8,3,1,0,0,2,WCC,69.3,68,103.1,173,50,171,18.4,180,24,299,33.4,84,103.2,185,49.3,143,17.2,243,27.6,157,26.2,72,35.1,90,48.4,231,79.6,6,7.7,78,8.8,112,9.7,242,56.7,48,38.6,154,21,36,46.9,288,32.1,150,16.3,260,48.8,252,34.9,57,Southern Utah,"L, 80-76",BSky,68.6,102,107.3,89,52.9,54,17.2,96,27.8,182,34.5,64,106.5,251,51.6,252,17.2,249,22.7,16,27.9,107,34.3,134,53.9,38,70.4,218,9.7,244,7.8,35,9.4,214,42.2,337,40.3,110,18.7,134,49.4,223,31.9,156,17.1,212,50,210,32.9,121
Michael Akuchie,Youngstown+St.,,31,6-8,220,Sr,31,79.9298,111.2472,24.0444,23.9,49.3,54.9,10.9135,18.5356,10.3,15,2.1,1.1,2.3424,4.533,36.3349,102-123,0.829169,128-251,0.51,26-88,0.295,30,33,32,34,37,35,Horz,66.4,223,102.5,188,51,127,17.3,103,30.1,106,30.1,181,110.4,311,50.7,210,17.2,248,28.4,197,29.7,167,34.4,129,50.6,131,76.4,30,8.5,136,8.7,100,8.6,127,45.8,290,38.5,157,18.4,148,49.8,209,31.8,162,17.5,197,52.8,107,29.7,236,Fresno St.,"L, 74-59",MWC,61.2,356,104.9,139,50.2,166,17.8,129,27.5,187,31.3,142,94.1,33,48.2,95,19.6,102,22.4,12,27,92,32.5,239,51.1,119,72.7,145,6.8,27,8.6,91,9.2,190,50.6,177,38.7,150,18.5,143,50.9,176,30.6,199,16.1,273,47.6,278,36.3,34
Dwayne Cohill,Youngstown+St.,,5,6-2,180,Jr,31,75.1,106.8,26.7206,26.1331,49.9,56.0435,2.7,13.8,17.7,18,1.7,2,3.7,5.2142,39.7255,116-138,0.841134,124-270,0.459,33-78,0.42377,36,30,28,31,34,38,Horz,66.4,223,102.5,188,51,127,17.3,103,30.1,106,30.1,181,110.4,311,50.7,210,17.2,248,28.4,197,29.7,167,34.4,129,50.6,131,76.4,30,8.5,136,8.7,100,8.6,127,45.8,290,38.5,157,18.4,148,49.8,209,31.8,162,17.5,197,52.8,107,29.7,236,Fresno St.,"L, 74-59",MWC,61.2,356,104.9,139,50.2,166,17.8,129,27.5,187,31.3,142,94.1,33,48.2,95,19.6,102,22.4,12,27,92,32.5,239,51.1,119,72.7,145,6.8,27,8.6,91,9.2,190,50.6,177,38.7,150,18.5,143,50.9,176,30.6,199,16.1,273,47.6,278,36.3,34
Tevin Olison,Youngstown+St.,,2,6-4,200,Sr,31,77.9392,106.2,21.8,23.9,52.648,55.3,4.8,12,8.9,17,1.4,2.1,2.9,3.2,21.1,55-70,0.786373,81-161,0.503,62-170,0.365478,32,34,31,34,25,29,Horz,66.4,223,102.5,188,51,127,17.3,103,30.1,106,30.1,181,110.4,311,50.7,210,17.2,248,28.4,197,29.7,167,34.4,129,50.6,131,76.4,30,8.5,136,8.7,100,8.6,127,45.8,290,38.5,157,18.4,148,49.8,209,31.8,162,17.5,197,52.8,107,29.7,236,Fresno St.,"L, 74-59",MWC,61.2,356,104.9,139,50.2,166,17.8,129,27.5,187,31.3,142,94.1,33,48.2,95,19.6,102,22.4,12,27,92,32.5,239,51.1,119,72.7,145,6.8,27,8.6,91,9.2,190,50.6,177,38.7,150,18.5,143,50.9,176,30.6,199,16.1,273,47.6,278,36.3,34
Shemar Rathan-Mayes,Youngstown+St.,,22,5-11,175,So,30,64.6,107.8,16.8,15.3,49.7,56.0432,2.4,9.3,12.1,18.6,0,1,3.4,3.8,50.395,69-88,0.784385,39-90,0.433,32-85,0.376369,36,30,26,38,32,26,Horz,66.4,223,102.5,188,51,127,17.3,103,30.1,106,30.1,181,110.4,311,50.7,210,17.2,248,28.4,197,29.7,167,34.4,129,50.6,131,76.4,30,8.5,136,8.7,100,8.6,127,45.8,290,38.5,157,18.4,148,49.8,209,31.8,162,17.5,197,52.8,107,29.7,236,Fresno St.,"L, 74-59",MWC,61.2,356,104.9,139,50.2,166,17.8,129,27.5,187,31.3,142,94.1,33,48.2,95,19.6,102,22.4,12,27,92,32.5,239,51.1,119,72.7,145,6.8,27,8.6,91,9.2,190,50.6,177,38.7,150,18.5,143,50.9,176,30.6,199,16.1,273,47.6,278,36.3,34
William Dunn,Youngstown+St.,,25,6-8,220,So,25,25.5,113.8,17.2,18.8,60,61.1,8,13.7,4.5,17.5,4.5,0.9,3.1,2.4,16.5,10-14,0.714,33-51,0.647,12-34,0.353,28,17,20,17,14,13,Horz,66.4,223,102.5,188,51,127,17.3,103,30.1,106,30.1,181,110.4,311,50.7,210,17.2,248,28.4,197,29.7,167,34.4,129,50.6,131,76.4,30,8.5,136,8.7,100,8.6,127,45.8,290,38.5,157,18.4,148,49.8,209,31.8,162,17.5,197,52.8,107,29.7,236,Fresno St.,"L, 74-59",MWC,61.2,356,104.9,139,50.2,166,17.8,129,27.5,187,31.3,142,94.1,33,48.2,95,19.6,102,22.4,12,27,92,32.5,239,51.1,119,72.7,145,6.8,27,8.6,91,9.2,190,50.6,177,38.7,150,18.5,143,50.9,176,30.6,199,16.1,273,47.6,278,36.3,34
Chris Shelton,Youngstown+St.,,24,6-4,210,Jr,27,23.3,103.8,19.5,25.9,44.9,46.2,6.7,12,7.5,8.5,0,0.8,2.8,1.9,4.7,5-5,0.999,12-22,0.545,24-85,0.282,4,6,1,4,0,4,Horz,66.4,223,102.5,188,51,127,17.3,103,30.1,106,30.1,181,110.4,311,50.7,210,17.2,248,28.4,197,29.7,167,34.4,129,50.6,131,76.4,30,8.5,136,8.7,100,8.6,127,45.8,290,38.5,157,18.4,148,49.8,209,31.8,162,17.5,197,52.8,107,29.7,236,Fresno St.,"L, 74-59",MWC,61.2,356,104.9,139,50.2,166,17.8,129,27.5,187,31.3,142,94.1,33,48.2,95,19.6,102,22.4,12,27,92,32.5,239,51.1,119,72.7,145,6.8,27,8.6,91,9.2,190,50.6,177,38.7,150,18.5,143,50.9,176,30.6,199,16.1,273,47.6,278,36.3,34
Luke Chicone,Youngstown+St.,,10,5-10,170,Fr,24,22.7,100.6,16,13.1,43.4,44.3,1.7,12.3,30.6,19.8,0.8,1.9,3.8,2.8,35.9,9-19,0.474,20-43,0.465,2-10,0.2,4,8,5,1,10,4,Horz,66.4,223,102.5,188,51,127,17.3,103,30.1,106,30.1,181,110.4,311,50.7,210,17.2,248,28.4,197,29.7,167,34.4,129,50.6,131,76.4,30,8.5,136,8.7,100,8.6,127,45.8,290,38.5,157,18.4,148,49.8,209,31.8,162,17.5,197,52.8,107,29.7,236,Fresno St.,"L, 74-59",MWC,61.2,356,104.9,139,50.2,166,17.8,129,27.5,187,31.3,142,94.1,33,48.2,95,19.6,102,22.4,12,27,92,32.5,239,51.1,119,72.7,145,6.8,27,8.6,91,9.2,190,50.6,177,38.7,150,18.5,143,50.9,176,30.6,199,16.1,273,47.6,278,36.3,34
Jamir Thomas,Youngstown+St.,,1,6-8,275,Sr,25,15.6,112.9,17.4,13.7,63.2,60.3,17.4,21.1,7.1,21.2,3.9,1.5,9.5,3.2,42.1,7-16,0.438,24-36,0.667,0-2,0,7,8,5,11,7,0,Horz,66.4,223,102.5,188,51,127,17.3,103,30.1,106,30.1,181,110.4,311,50.7,210,17.2,248,28.4,197,29.7,167,34.4,129,50.6,131,76.4,30,8.5,136,8.7,100,8.6,127,45.8,290,38.5,157,18.4,148,49.8,209,31.8,162,17.5,197,52.8,107,29.7,236,Fresno St.,"L, 74-59",MWC,61.2,356,104.9,139,50.2,166,17.8,129,27.5,187,31.3,142,94.1,33,48.2,95,19.6,102,22.4,12,27,92,32.5,239,51.1,119,72.7,145,6.8,27,8.6,91,9.2,190,50.6,177,38.7,150,18.5,143,50.9,176,30.6,199,16.1,273,47.6,278,36.3,34
Myles Hunter,Youngstown+St.,,15,6-5,210,So,30,44.7,106.7,15.3,18.5,53.4,54.5,2.8,16.2,6,14,0.6,1.2,3.5,2,11.6,12-17,0.706,56-99,0.566323,15-48,0.312,14,22,23,16,26,25,Horz,66.4,223,102.5,188,51,127,17.3,103,30.1,106,30.1,181,110.4,311,50.7,210,17.2,248,28.4,197,29.7,167,34.4,129,50.6,131,76.4,30,8.5,136,8.7,100,8.6,127,45.8,290,38.5,157,18.4,148,49.8,209,31.8,162,17.5,197,52.8,107,29.7,236,Fresno St.,"L, 74-59",MWC,61.2,356,104.9,139,50.2,166,17.8,129,27.5,187,31.3,142,94.1,33,48.2,95,19.6,102,22.4,12,27,92,32.5,239,51.1,119,72.7,145,6.8,27,8.6,91,9.2,190,50.6,177,38.7,150,18.5,143,50.9,176,30.6,199,16.1,273,47.6,278,36.3,34
Owen Long,Youngstown+St.,,13,6-2,180,Jr,27,19.4,115.3,15.7,16,55.5,56,5.5,10,15.6,15.7,0,3,4,2.5,21.8,7-12,0.583,11-23,0.478,13-32,0.406,8,9,16,5,3,13,Horz,66.4,223,102.5,188,51,127,17.3,103,30.1,106,30.1,181,110.4,311,50.7,210,17.2,248,28.4,197,29.7,167,34.4,129,50.6,131,76.4,30,8.5,136,8.7,100,8.6,127,45.8,290,38.5,157,18.4,148,49.8,209,31.8,162,17.5,197,52.8,107,29.7,236,Fresno St.,"L, 74-59",MWC,61.2,356,104.9,139,50.2,166,17.8,129,27.5,187,31.3,142,94.1,33,48.2,95,19.6,102,22.4,12,27,92,32.5,239,51.1,119,72.7,145,6.8,27,8.6,91,9.2,190,50.6,177,38.7,150,18.5,143,50.9,176,30.6,199,16.1,273,47.6,278,36.3,34
Daniel Ogoro,Youngstown+St.,,11,6-5,200,So,28,41.4,94.2,10,9.5,47.9,47.1,1.6,8.4,9.7,20.9,0.4,0.9,4.5,1.8,25.7,7-18,0.389,14-26,0.538,13-44,0.295,0,3,13,9,12,13,Horz,66.4,223,102.5,188,51,127,17.3,103,30.1,106,30.1,181,110.4,311,50.7,210,17.2,248,28.4,197,29.7,167,34.4,129,50.6,131,76.4,30,8.5,136,8.7,100,8.6,127,45.8,290,38.5,157,18.4,148,49.8,209,31.8,162,17.5,197,52.8,107,29.7,236,Fresno St.,"L, 74-59",MWC,61.2,356,104.9,139,50.2,166,17.8,129,27.5,187,31.3,142,94.1,33,48.2,95,19.6,102,22.4,12,27,92,32.5,239,51.1,119,72.7,145,6.8,27,8.6,91,9.2,190,50.6,177,38.7,150,18.5,143,50.9,176,30.6,199,16.1,273,47.6,278,36.3,34
Garrett Covington,Youngstown+St.,,32,6-5,215,Sr,3,6.2,104,20.2,23.7,51.9,52.9,4.7,20.3,2.7,11.5,0,1.6,2.1,3.6,26.9,4-7,0.571,9-18,0.5,3-8,0.375,0,0,0,0,0,0,Horz,66.4,223,102.5,188,51,127,17.3,103,30.1,106,30.1,181,110.4,311,50.7,210,17.2,248,28.4,197,29.7,167,34.4,129,50.6,131,76.4,30,8.5,136,8.7,100,8.6,127,45.8,290,38.5,157,18.4,148,49.8,209,31.8,162,17.5,197,52.8,107,29.7,236,Fresno St.,"L, 74-59",MWC,61.2,356,104.9,139,50.2,166,17.8,129,27.5,187,31.3,142,94.1,33,48.2,95,19.6,102,22.4,12,27,92,32.5,239,51.1,119,72.7,145,6.8,27,8.6,91,9.2,190,50.6,177,38.7,150,18.5,143,50.9,176,30.6,199,16.1,273,47.6,278,36.3,34
Jacori Owens,Youngstown+St.,,20,6-9,225,Fr,13,3.8,96.7,11.6,3,100,86.2,2.6,10.2,0,43.7,4.6,1.3,9.4,4.9,400,6-8,0.75,2-2,0.999,0-0,0,1,0,0,0,0,0,Horz,66.4,223,102.5,188,51,127,17.3,103,30.1,106,30.1,181,110.4,311,50.7,210,17.2,248,28.4,197,29.7,167,34.4,129,50.6,131,76.4,30,8.5,136,8.7,100,8.6,127,45.8,290,38.5,157,18.4,148,49.8,209,31.8,162,17.5,197,52.8,107,29.7,236,Fresno St.,"L, 74-59",MWC,61.2,356,104.9,139,50.2,166,17.8,129,27.5,187,31.3,142,94.1,33,48.2,95,19.6,102,22.4,12,27,92,32.5,239,51.1,119,72.7,145,6.8,27,8.6,91,9.2,190,50.6,177,38.7,150,18.5,143,50.9,176,30.6,199,16.1,273,47.6,278,36.3,34