PLAYERID,PLAYER,PARTNERID,POS,TEAM,OPP,TEAMNAME,STATUS,SPREAD,O/U,TOTAL,MINUTES,PTS,REB,AST,3PM,TO,STL,BLK,P-A,P-R,P-R-A,B-S,R-A,UD,PP,FPTS,RANGE,FLOOR,CEIL,POWN,SCHEDULE_ID,CORE_ID,CORETEAMID,REFID,OWNERSHIP
1617182,"AbdouAkim Mazou-Tahirou",1617182,F,MCNE,VAND,"McNeese State",ACTIVE,-12.5,148.5,68,0,0,0,0,0,0,0,0,0,0,0,0,0,0,0,0,0,0,0,0.0001,12051190,663918,5577,1,
1193615,"Rashaun Agee",1193615,F,TA&M,STMRY,"Texas A&M",ACTIVE,-2.5,148.5,73,29.5,14.11,8.55,2.83,0.75,1.61,0.8,0.86,16.94,22.66,25.49,1.66,11.38,31.98,31.98,32.32,30M,18.12,46.52,0,12051240,92653,5525,2,35
1529061,"Liam Campbell",1529061,G,STMRY,TA&M,"Saint Mary's (CA)",ACTIVE,2.5,148.5,75.5,6,1.53,0.67,0.19,0.19,0.18,0.08,0,1.72,2.2,2.39,0.08,0.86,2.72,2.72,2.85,10M,0,6.13,0,12051240,459184,5525,3,35
1481728,"Ben Humrichous",1481728,F,IL,PENN,Illinois,ACTIVE,25.5,151.5,88.5,23,6.33,4.49,0.8,1.7,0.31,0.51,0.55,7.13,10.82,11.62,1.06,5.29,15.78,15.78,15.96,24M,7.77,24.15,0,12051180,289247,5430,4,35
1519360,"Robert Wright",1519360,G,BYU,TEX,"Brigham Young",ACTIVE,2.5,158.5,80.5,35.3,18.37,3.38,4.38,1.68,1.93,1.24,0.01,22.75,21.75,26.13,1.25,7.76,30.8,30.8,31.55,36M,19.13,43.97,0,12066290,455419,5352,5,35
1617074,"AJ Dybantsa",1617074,F,BYU,TEX,"Brigham Young",ACTIVE,2.5,158.5,80.5,39.3,28.45,7.11,4.48,1.99,3.11,1.03,0.29,32.93,35.56,40.04,1.32,11.59,44.57,44.57,46.46,40M,29.5,63.42,0,12066290,659184,5352,6,35
1409680,"Obinnaya Okafor",1409680,F,VCU,UNC,"Virginia Commonwealth","O(Undisclosed - 01/09/2026)",-2.5,150.5,74,0,0,0,0,0,0,0,0,0,0,0,0,0,0,0,0,0,0,0,0,12051210,245696,5491,7,35
1481729,"Tanner Cuff",1481729,G,HAW,ARK,Hawaii,ACTIVE,-14.5,158.5,72,0,0,0,0,0,0,0,0,0,0,0,0,0,0,0,0,0,0,0,0,12051100,289210,5347,8,35
1408140,"Jacari Lane",1408140,G,TA&M,STMRY,"Texas A&M",ACTIVE,-2.5,148.5,73,5,1.33,0.44,0.74,0.18,0.31,0.15,0.01,2.07,1.77,2.51,0.16,1.18,3.15,3.15,3.25,10M,0,6.99,0,12051240,247219,5525,9,35
1617075,"Aleksej Kostić",1617075,G,BYU,TEX,"Brigham Young",ACTIVE,2.5,158.5,80.5,16.3,5.72,1.2,0.74,1.55,0.86,0.35,0.03,6.46,6.92,7.66,0.38,1.94,8.55,8.55,9.44,18M,2.65,16.23,0,12066290,659210,5352,10,35
1528470,"Jesse McCulloch",1528470,F,MSU,NDSU,"Michigan State",ACTIVE,16.5,144.5,80.5,0.5,0.16,0.08,0.02,0.02,0.03,0.01,0.03,0.18,0.24,0.26,0.04,0.1,0.38,0.38,0.37,5M,0,0.95,0,12051030,505258,5465,11,35
1418041,"Mason Nicholson",1418041,C,VAND,MCNE,Vanderbilt,ACTIVE,12.5,148.5,80.5,0,0,0,0,0,0,0,0,0,0,0,0,0,0,0,0,0,0,0,0,12051190,247222,5577,12,35
1528471,"Brennan Walton",1528471,F,MSU,NDSU,"Michigan State",ACTIVE,16.5,144.5,80.5,0,0,0,0,0,0,0,0,0,0,0,0,0,0,0,0,0,0,0,0,12051030,505309,5465,13,35
1408450,"Perry Smith",1408450,F,KENNS,GONZ,"Kennesaw State",ACTIVE,-20.5,152.5,66,6,1.2,1.29,0.26,0.03,0.34,0.11,0.08,1.46,2.49,2.75,0.19,1.55,3.38,3.38,3.44,10M,0,7.12,0,12051050,246082,5422,14,35
1636194,"Neiko Mundey",1636194,G,TA&M,STMRY,TA&M,ACTIVE,0,0,0,0,0,0,0,0,0,0,0,0,0,0,0,0,0,0,0,0,0,0,0,0,681529,0,15,35
1408153,"Josh Ojianwuna",1408153,F,OSU,TCU,"Ohio State",ACTIVE,2.5,145.5,74,0,0,0,0,0,0,0,0,0,0,0,0,0,0,0,0,0,0,0,0,12050990,245022,5501,16,35
1618341,"Dorian Grosber",1618341,G,HIGHP,WISC,"High Point",ACTIVE,-10.5,161.5,75.5,0,0,0,0,0,0,0,0,0,0,0,0,0,0,0,0,0,0,0,0,12051170,663469,5596,17,35
1529054,"Mikey Lewis",1529054,G,STMRY,TA&M,"Saint Mary's (CA)",ACTIVE,2.5,148.5,75.5,33.5,17.45,3.33,2.32,2.41,2.01,1.1,0.43,19.77,20.78,23.1,1.53,5.65,27.51,27.51,28.36,34M,16.71,40.01,0,12051240,459290,5525,18,35
1617077,"Xavion Staton",1617077,C,BYU,TEX,"Brigham Young",ACTIVE,2.5,158.5,80.5,0,0,0,0,0,0,0,0,0,0,0,0,0,0,0,0,0,0,0,0,12066290,659244,5352,19,35
1404040,"Braeden Carrington",1404040,G,WISC,HIGHP,Wisconsin,ACTIVE,10.5,161.5,86,20,9.24,2.77,1.07,2.03,0.54,0.43,0.34,10.31,12.01,13.08,0.77,3.84,15.96,15.96,16.61,22M,6.44,26.78,0,12051170,244779,5596,20,35
1528472,"Colin Walton",1528472,F,MSU,NDSU,"Michigan State",ACTIVE,16.5,144.5,80.5,0,0,0,0,0,0,0,0,0,0,0,0,0,0,0,0,0,0,0,0,12051030,505308,5465,21,35
1405052,"Damari Wheeler-Thomas",1405052,G,NDSU,MSU,"North Dakota State",ACTIVE,-16.5,144.5,64,30,12.21,2.82,2.18,1.76,1.35,1,0.03,14.39,15.03,17.21,1.03,5,20.6,20.6,21.27,32M,11.91,30.63,0,12051030,245555,5465,22,35
1408440,"Cade Bennett",1408440,G,STMRY,TA&M,"Saint Mary's (CA)",ACTIVE,2.5,148.5,75.5,0,0,0,0,0,0,0,0,0,0,0,0,0,0,0,0,0,0,0,0,12051240,246028,5525,23,35
1408253,"Roddy Gayle",1408253,G,MICH,HOW,Michigan,ACTIVE,30.5,151.5,91,22,7.9,3.62,1.29,0.53,1.84,1.06,0.38,9.19,11.52,12.81,1.44,4.91,16.67,16.67,16.6,24M,7.26,25.94,0,12065630,244785,8396,24,35
1408154,"Connor Essegian",1408154,G,NEB,TROY,Nebraska,"O(Ankle - 11/29/2025)",13.5,139.5,76.5,0,0,0,0,0,0,0,0,0,0,0,0,0,0,0,0,0,0,0,0,12051220,244783,5485,25,35
1519133,"Darren Harris",1519133,G,DUKE,SIENA,Duke,ACTIVE,28.5,137.5,83,13,4.69,1.25,0.48,0.73,0.37,0.46,0.04,5.17,5.94,6.42,0.5,1.73,8.04,8.04,8.15,14M,1.05,15.25,0,12050970,458068,5396,26,35
1459580,"Markel Jennings",1459580,G,UGA,STL,Georgia,ACTIVE,2.5,167.5,85,0,0,0,0,0,0,0,0,0,0,0,0,0,0,0,0,0,0,0,0,12051060,289060,5418,27,35
1324181,"Zach Clemence",1324181,F,TA&M,STMRY,"Texas A&M",ACTIVE,-2.5,148.5,73,24,9.81,3.89,0.94,1.57,1.04,0.64,0.67,10.75,13.7,14.64,1.31,4.83,18.79,18.79,18.98,26M,9.67,28.29,0,12051240,179660,5525,28,35
1459591,"Jacob McFarland",1459591,C,UH,ID,Houston,ACTIVE,24.5,137.5,81,0,0,0,0,0,0,0,0,0,0,0,0,0,0,0,0,0,0,0,0,12051230,281798,87955,29,35
1547690,"Ivan Njegovan",1547690,C,OSU,TCU,"Ohio State",ACTIVE,2.5,145.5,74,8,1.62,2.09,0.37,0.05,0.33,0.13,0.29,1.99,3.71,4.08,0.42,2.46,5.62,5.62,5.49,10M,5.49,5.49,0,12050990,509817,5501,30,35
1324082,"Ramon Walker",1324082,G,UH,ID,Houston,ACTIVE,24.5,137.5,81,1.75,0.48,0.28,0.07,0.07,0.06,0.03,0.01,0.55,0.76,0.83,0.04,0.35,1.01,1.01,1.04,5M,0,2.92,0,12051230,180726,87955,31,35
1324093,"Bryce Harris",1324093,G,HOW,MICH,Howard,ACTIVE,-30.5,151.5,60.5,34,12.34,8.34,2.39,1.03,2.54,1.11,1.22,14.73,20.68,23.07,2.33,10.73,30.4,30.4,30.58,36M,18.54,42.62,0,12065630,180310,8396,32,35
1546381,"Anthon McDermott",1546381,G,TEX,BYU,Texas,ACTIVE,-2.5,158.5,78,0,0,0,0,0,0,0,0,0,0,0,0,0,0,0,0,0,0,0,0,12066290,504442,5352,33,35
1536470,"Carson Smith",1536470,G,NDSU,MSU,"North Dakota State",ACTIVE,-16.5,144.5,64,0,0,0,0,0,0,0,0,0,0,0,0,0,0,0,0,0,0,0,0,12051030,458198,5465,34,35
1546271,"Tony Duckett",1546271,G,STMRY,TA&M,"Saint Mary's (CA)",ACTIVE,2.5,148.5,75.5,0,0,0,0,0,0,0,0,0,0,0,0,0,0,0,0,0,0,0,0,12051240,504235,5525,35,35
1538351,"Brandon Jennings",1538351,G,VCU,UNC,"Virginia Commonwealth",ACTIVE,-2.5,150.5,74,25.5,8.27,4.18,2.31,0.86,1.26,1.73,0.89,10.58,12.45,14.76,2.62,6.49,23.37,23.37,22.02,26M,10.57,33.47,0,12051210,458085,5491,36,35
1605990,"Lewis Obiorah",1605990,C,TEX,BYU,Texas,ACTIVE,-2.5,158.5,78,0,0,0,0,0,0,0,0,0,0,0,0,0,0,0,0,0,0,0,0,12066290,654425,5352,37,35
1405042,"Jalen Washington",1405042,F,VAND,MCNE,Vanderbilt,ACTIVE,12.5,148.5,80.5,23,8.69,6.8,0.69,0.34,1.46,0.36,1.29,9.38,15.49,16.18,1.65,7.49,21.39,21.39,21.08,24M,10.26,31.9,0,12051190,245552,5577,38,35
1618684,"Davis Fogle",1618684,G,GONZ,KENNS,Gonzaga,ACTIVE,20.5,152.5,86.5,25.5,12.22,4.74,2.07,0.74,1.13,0.98,0.95,14.29,16.96,19.03,1.93,6.81,25.67,25.67,24.94,26M,11.97,37.91,0,12051050,665886,5422,39,35
1408265,"Christian Fermin",1408265,C,VCU,UNC,"Virginia Commonwealth","O(Personal - 11/22/2025)",-2.5,150.5,74,0,0,0,0,0,0,0,0,0,0,0,0,0,0,0,0,0,0,0,0,12051210,245621,5491,40,35
1529089,"CJ Brown",1529089,F,USF,UL,"South Florida",ACTIVE,-3.5,160.5,78.5,22,7.57,3.39,3.4,0.37,1.64,0.64,0.34,10.97,10.96,14.36,0.98,6.79,18.05,18.05,18.24,24M,8.88,27.6,0,12051040,455364,5449,41,35
1532280,"Devin Haid",1532280,G,USF,UL,"South Florida",ACTIVE,-3.5,160.5,78.5,2,0.63,0.41,0.16,0.09,0.07,0.1,0.02,0.79,1.04,1.2,0.12,0.57,1.65,1.65,1.63,5M,0,4.57,0,12051040,459239,5449,42,35
1500490,"AJ Economou",1500490,G,HAW,ARK,Hawaii,ACTIVE,-14.5,158.5,72,0,0,0,0,0,0,0,0,0,0,0,0,0,0,0,0,0,0,0,0,12051100,505760,5347,43,35
1577094,"Hikaru Awata",1577094,G,TROY,NEB,Troy,ACTIVE,-13.5,139.5,63,0,0,0,0,0,0,0,0,0,0,0,0,0,0,0,0,0,0,0,0,12051220,460370,5485,44,35
1413172,"Kylan Boswell",1413172,G,IL,PENN,Illinois,ACTIVE,25.5,151.5,88.5,23,10.58,4.18,2.59,0.92,1.24,0.65,0.02,13.17,14.76,17.35,0.67,6.77,20.27,20.27,20.89,24M,9.13,32.65,0,12051180,244871,5430,45,35
1405692,"Brody Rowbury",1405692,F,ID,UH,Idaho,ACTIVE,-24.5,137.5,56.5,25,5.46,4.47,0.86,0.3,1.19,0.36,0.47,6.32,9.93,10.79,0.83,5.33,13.4,13.4,13.55,26M,6.91,20.19,0,12051230,245718,87955,46,35
1406022,"Tyler Linhardt",1406022,F,ID,UH,Idaho,ACTIVE,-24.5,137.5,56.5,0,0,0,0,0,0,0,0,0,0,0,0,0,0,0,0,0,0,0,0,12051230,245515,87955,47,35
1408464,"Kellen Thames",1408464,G,STL,UGA,"Saint Louis",ACTIVE,-2.5,167.5,82.5,17.5,9.78,4.35,1.51,0.11,1.55,1.03,0.16,11.29,14.13,15.64,1.19,5.86,19.31,19.31,19.18,18M,5.39,32.97,0,12051060,245737,5418,48,35
1408255,"Bruce Thornton",1408255,G,OSU,TCU,"Ohio State",ACTIVE,2.5,145.5,74,37,18.33,5.38,4.21,1.59,1.52,1.11,0.16,22.54,23.71,27.92,1.27,9.59,33.39,33.39,34.02,40M,21.46,46.58,0,12050990,244818,5501,49,35
1408167,"Pop Isaacs",1408167,G,TA&M,STMRY,"Texas A&M",ACTIVE,-2.5,148.5,73,27,10.03,3.63,3.12,1.91,1.86,0.68,0.08,13.15,13.66,16.78,0.76,6.75,19.46,19.46,20.78,28M,10.53,31.03,0,12051240,245091,5525,50,35
1519135,"Patrick Ngongba",1519135,C,DUKE,SIENA,Duke,ACTIVE,28.5,137.5,83,0,0,0,0,0,0,0,0,0,0,0,0,0,0,0,0,0,0,0,0,12050970,458142,5396,51,35
1529057,"Joshua Dent",1529057,G,STMRY,TA&M,"Saint Mary's (CA)",ACTIVE,2.5,148.5,75.5,39,13.73,2.29,6.21,2.15,2.48,1.86,0.21,19.94,16.02,22.23,2.07,8.5,29.54,29.54,30.01,40M,18.93,41.09,0,12051240,459206,5525,52,35
1405550,"Brendan Coyle",1405550,F,SIENA,DUKE,Siena,ACTIVE,-28.5,137.5,54.5,33.5,6.99,5.24,0.68,2.06,1.02,0.47,0.17,7.67,12.23,12.91,0.64,5.92,15.18,15.18,16.37,34M,9.85,22.89,0,12050970,246621,5396,53,35
1536472,"Treyson Anderson",1536472,F,NDSU,MSU,"North Dakota State",ACTIVE,-16.5,144.5,64,16.5,7.59,4.63,0.59,0.86,1.06,0.31,0.91,8.18,12.22,12.81,1.22,5.22,16.62,16.62,16.61,18M,5.66,27.56,0,12051030,457977,5465,54,35
1413173,"Henri Veesaar",1413173,F,UNC,VCU,"North Carolina",ACTIVE,2.5,150.5,76.5,32,15.8,8.27,1.75,0.69,1.89,0.78,1.21,17.55,24.07,25.82,1.99,10.02,32.4,32.4,32.5,34M,19.56,45.44,0,12051210,244930,5491,55,35
1612240,"Stefan Isailovic",1612240,F,HOW,MICH,Howard,ACTIVE,-30.5,151.5,60.5,0,0,0,0,0,0,0,0,0,0,0,0,0,0,0,0,0,0,0,0,12065630,654978,8396,56,35
1408443,"Kevin Gad",1408443,F,STMRY,TA&M,"Saint Mary's (CA)","O(Shoulder - 01/09/2026)",2.5,148.5,75.5,0,0,0,0,0,0,0,0,0,0,0,0,0,0,0,0,0,0,0,0,12051240,246044,5525,57,35
1528486,"Justin Bolis",1528486,F,NEB,TROY,Nebraska,ACTIVE,13.5,139.5,76.5,0,0,0,0,0,0,0,0,0,0,0,0,0,0,0,0,0,0,0,0,12051220,455360,5485,58,35
1408135,"Maliq Brown",1408135,F,DUKE,SIENA,Duke,ACTIVE,28.5,137.5,83,22,5.13,5.62,1.8,0.22,1.29,1.98,0.97,6.93,10.75,12.55,2.95,7.42,22.12,22.12,20.24,24M,9.85,30.63,0,12050970,245467,5396,59,35
1618686,"Alonzo Metz",1618686,G,GONZ,KENNS,Gonzaga,ACTIVE,20.5,152.5,86.5,0,0,0,0,0,0,0,0,0,0,0,0,0,0,0,0,0,0,0,0,12051050,665888,5422,60,35
1607367,"Hunter Carter",1607367,G,HAW,ARK,Hawaii,ACTIVE,-14.5,158.5,72,0,0,0,0,0,0,0,0,0,0,0,0,0,0,0,0,0,0,0,0,12051100,655908,5347,61,35
1347251,"Aidan Sevilla",1347251,G,ID,UH,Idaho,ACTIVE,-24.5,137.5,56.5,0,0,0,0,0,0,0,0,0,0,0,0,0,0,0,0,0,0,0,0,12051230,227036,87955,62,35
1542182,"John Holbrook",1542182,F,UNC,VCU,"North Carolina",ACTIVE,2.5,150.5,76.5,0,0,0,0,0,0,0,0,0,0,0,0,0,0,0,0,0,0,0,0,12051210,503258,5491,63,35
1235095,"Jadrian Tracey",1235095,F,VCU,UNC,"Virginia Commonwealth",ACTIVE,-2.5,150.5,74,20.5,9.04,2.61,1.22,1.71,1.25,0.56,0.34,10.26,11.65,12.87,0.9,3.83,15.44,15.44,16.16,22M,6.71,25.61,0,12051210,149950,5491,64,35
1524582,"Kur Teng",1524582,G,MSU,NDSU,"Michigan State",ACTIVE,16.5,144.5,80.5,23,10.11,2.42,1.17,2.66,1.19,0.3,0.03,11.28,12.53,13.7,0.33,3.59,14.57,14.57,16.29,24M,7.12,25.46,0,12051030,505302,5465,65,35
1416320,"Isaac Finlinson",1416320,F,HAW,ARK,Hawaii,ACTIVE,-14.5,158.5,72,31,10.39,4.82,0.95,1.12,1.39,0.88,0.38,11.34,15.21,16.16,1.26,5.77,20,20,20.25,32M,11.98,28.52,0,12051100,246636,5347,66,35
1416331,"Isaac Holmes",1416331,G,STL,UGA,"Saint Louis",ACTIVE,-2.5,167.5,82.5,0,0,0,0,0,0,0,0,0,0,0,0,0,0,0,0,0,0,0,0,12051060,244891,5418,67,35
1612241,"Danas Kazakevicius",1612241,C,HOW,MICH,Howard,ACTIVE,-30.5,151.5,60.5,8,1.51,1.7,0.44,0.01,0.53,0.14,0.21,1.95,3.21,3.65,0.35,2.14,4.72,4.72,4.73,10M,4.73,4.73,0,12065630,654988,8396,68,35
1413196,"Braden Huff",1413196,F,GONZ,KENNS,Gonzaga,"O(Knee - 01/15/2026)",20.5,152.5,86.5,0,0,0,0,0,0,0,0,0,0,0,0,0,0,0,0,0,0,0,0,12051050,246050,5422,69,35
1429333,"Somto Cyril",1429333,C,UGA,STL,Georgia,ACTIVE,2.5,167.5,85,22,9.23,6.09,0.63,0.01,1.04,0.8,2.1,9.86,15.32,15.95,2.9,6.72,25.13,25.13,23.13,24M,23.13,23.13,0,12051060,457445,5418,70,35
1601153,"Cam Ward",1601153,F,MSU,NDSU,"Michigan State",ACTIVE,16.5,144.5,80.5,15,4.39,3.82,0.27,0.03,0.87,0.38,0.75,4.66,8.21,8.48,1.13,4.09,11.9,11.9,11.41,16M,2.99,19.83,0,12051030,652190,5465,71,35
1405056,"Noah Feddersen",1405056,F,NDSU,MSU,"North Dakota State",ACTIVE,-16.5,144.5,64,23,9.05,5.87,0.68,0.54,1.35,0.35,0.86,9.73,14.92,15.6,1.21,6.55,19.41,19.41,19.49,24M,9.49,29.49,0,12051030,245485,5465,72,35
1408213,"Kalu Anya",1408213,F,STL,UGA,"Saint Louis",ACTIVE,-2.5,167.5,82.5,0,0,0,0,0,0,0,0,0,0,0,0,0,0,0,0,0,0,0,0,12051060,246897,5418,73,35
1409203,"Terry Anderson",1409203,F,HIGHP,WISC,"High Point",ACTIVE,-10.5,161.5,75.5,34,16.95,7.95,2.22,0.53,2.02,1.64,0.73,19.17,24.9,27.12,2.37,10.17,34.87,34.87,34.53,36M,21.29,47.77,0,12051170,245572,5596,74,35
1418058,"Quandre Bullock",1418058,G,HAW,ARK,Hawaii,ACTIVE,-14.5,158.5,72,33,14.54,6.62,2.22,1.21,2.04,1.66,0.41,16.76,21.16,23.38,2.07,8.84,29.96,29.96,30.01,34M,17.68,42.34,0,12051100,246376,5347,75,35
1618687,"Mario Saint-Supery",1618687,G,GONZ,KENNS,Gonzaga,ACTIVE,20.5,152.5,86.5,24.5,9.94,2.95,2.78,2.08,1.73,1.24,0.24,12.72,12.89,15.67,1.48,5.73,20.37,20.37,20.95,26M,10.05,31.85,0,12051050,669765,5422,76,35
1605146,"Derek Dixon",1605146,G,UNC,VCU,"North Carolina",ACTIVE,2.5,150.5,76.5,28,8.56,2.69,3.19,1.82,1.68,0.78,0.01,11.75,11.25,14.44,0.79,5.88,17.27,17.27,18.36,30M,9.98,26.74,0,12051210,654962,5491,77,35
1519357,"Chase McCarty",1519357,F,UH,ID,Houston,ACTIVE,24.5,137.5,81,18,6.81,3.81,0.23,1.36,0.44,0.43,0.44,7.04,10.62,10.85,0.87,4.04,13.91,13.91,14.13,20M,5.6,22.66,0,12051230,455388,87955,78,35
1529059,"Oliver Faubert",1529059,F,STMRY,TA&M,"Saint Mary's (CA)",ACTIVE,2.5,148.5,75.5,0,0,0,0,0,0,0,0,0,0,0,0,0,0,0,0,0,0,0,0,12051240,459226,5525,79,35
1542160,"Aaron Hunkin-Claytor",1542160,G,HAW,ARK,Hawaii,"O(Toe - 02/07/2026)",-14.5,158.5,72,0,0,0,0,0,0,0,0,0,0,0,0,0,0,0,0,0,0,0,0,12051100,505768,5347,80,35
1404980,"Cale Jacobsen",1404980,G,NEB,TROY,Nebraska,ACTIVE,13.5,139.5,76.5,20,5.27,2.61,1.1,0.54,0.64,0.97,0.36,6.37,7.88,8.98,1.33,3.71,13.42,13.42,12.81,22M,4.97,20.65,0,12051220,244795,5485,81,35
1402582,"Emil Skytta",1402582,G,NDSU,MSU,"North Dakota State",ACTIVE,-16.5,144.5,64,13,2.92,2.13,0.64,0.06,0.39,0.5,0.07,3.56,5.05,5.69,0.57,2.77,7.72,7.72,7.49,14M,0.97,14.01,0,12051030,245858,5465,82,35
1459595,"Kordelius Jefferson",1459595,G,UH,ID,Houston,"O(Knee - 01/10/2026)",24.5,137.5,81,0,0,0,0,0,0,0,0,0,0,0,0,0,0,0,0,0,0,0,0,12051230,281789,87955,83,35
1405464,"Cam Thrower",1405464,G,PENN,IL,Pennsylvania,ACTIVE,-25.5,151.5,63,27,7.89,2.64,1.96,1.53,1.39,0.72,0.2,9.85,10.53,12.49,0.92,4.6,15.38,15.38,16.05,28M,8.13,23.97,0,12051180,247146,5430,84,35
1405376,"Camden Heide",1405376,F,TEX,BYU,Texas,ACTIVE,-2.5,158.5,78,20,4.38,2.17,0.53,1.16,0.36,0.17,0.13,4.91,6.55,7.08,0.3,2.7,8.3,8.3,8.87,22M,3.68,14.06,0,12066290,244790,5352,85,35
1601154,"Jordan Scott",1601154,F,MSU,NDSU,"Michigan State",ACTIVE,16.5,144.5,80.5,28,8.45,3.19,1.53,1.86,1.41,1.11,0.79,9.98,11.64,13.17,1.9,4.72,18.87,18.87,18.76,30M,10.52,27,0,12051030,652159,5465,86,35
1524099,"Jeremiah Wilkinson",1524099,G,UGA,STL,Georgia,ACTIVE,2.5,167.5,85,25.5,15.94,2.42,1.65,2.16,1.43,1.43,0.29,17.59,18.36,20.01,1.72,4.07,25.06,25.06,25.25,26M,12.12,38.38,0,12051060,458234,5418,87,35
1406014,"Miles Keeffe",1406014,G,VAND,MCNE,Vanderbilt,ACTIVE,12.5,148.5,80.5,0,0,0,0,0,0,0,0,0,0,0,0,0,0,0,0,0,0,0,0,12051190,244985,5577,88,35
1418114,"Marcus Jackson",1418114,G,SIENA,DUKE,Siena,ACTIVE,-28.5,137.5,54.5,0,0,0,0,0,0,0,0,0,0,0,0,0,0,0,0,0,0,0,0,12050970,245650,5396,89,35
1405046,"Tyler Nickel",1405046,F,VAND,MCNE,Vanderbilt,ACTIVE,12.5,148.5,80.5,29.5,10.7,3.11,0.86,2.63,1.15,0.68,0.35,11.56,13.81,14.67,1.03,3.97,17.68,17.68,18.69,30M,10.48,26.9,0,12051190,245530,5577,90,35
1408456,"DJ Richards",1408456,G,MCNE,VAND,"McNeese State",ACTIVE,-12.5,148.5,68,22,6.17,2.39,0.54,1.37,0.88,0.69,0.25,6.71,8.56,9.1,0.94,2.93,11.81,11.81,12.11,24M,5.29,18.93,0,12051190,246413,5577,91,35
1487370,"Emmanuel Innocenti",1487370,F,GONZ,KENNS,Gonzaga,ACTIVE,20.5,152.5,86.5,34.5,9.29,5.6,2.06,0.99,0.57,1.62,0.69,11.35,14.89,16.95,2.31,7.66,25.44,25.44,24.24,36M,14.94,33.54,0,12051050,291702,5422,92,35
1605235,"Caden Miller",1605235,F,HIGHP,WISC,"High Point",ACTIVE,-10.5,161.5,75.5,0.5,0.16,0.14,0.02,0,0.02,0,0.03,0.18,0.3,0.32,0.03,0.16,0.44,0.44,0.42,5M,0,1.07,0,12051170,655268,5596,93,35
1408126,"Ethan Roberts",1408126,F,PENN,IL,Pennsylvania,"O(Concussion - 03/13/2026)",-25.5,151.5,63,0,0,0,0,0,0,0,0,0,0,0,0,0,0,0,0,0,0,0,0,12051180,247142,5430,94,35
1408137,"Ugnius Jarusevicius",1408137,F,NEB,TROY,Nebraska,"O(Back - 02/13/2026)",13.5,139.5,76.5,0,0,0,0,0,0,0,0,0,0,0,0,0,0,0,0,0,0,0,0,12051220,246503,5485,95,35
1618688,"Parker Jefferson",1618688,F,GONZ,KENNS,Gonzaga,ACTIVE,20.5,152.5,86.5,0,0,0,0,0,0,0,0,0,0,0,0,0,0,0,0,0,0,0,0,12051050,665887,5422,96,35
1605147,"Isaiah Denis",1605147,G,UNC,VCU,"North Carolina",ACTIVE,2.5,150.5,76.5,0,0,0,0,0,0,0,0,0,0,0,0,0,0,0,0,0,0,0,0,12051210,654959,5491,97,35
1519358,"Mercy Miller",1519358,G,UH,ID,Houston,ACTIVE,24.5,137.5,81,19.5,8.19,3.8,0.5,0.77,0.73,0.93,0.28,8.69,11.99,12.49,1.21,4.3,16.4,16.4,16.13,20M,5.53,26.73,0,12051230,505510,87955,98,35
1408159,"Isaac Gard",1408159,G,WISC,HIGHP,Wisconsin,ACTIVE,10.5,161.5,86,0,0,0,0,0,0,0,0,0,0,0,0,0,0,0,0,0,0,0,0,12051170,244784,5596,99,35
1415860,"Isaiah Jones",1415860,G,USF,UL,"South Florida",ACTIVE,-3.5,160.5,78.5,21.5,6.14,4.67,0.62,1.16,0.47,1.44,0.56,6.76,10.81,11.43,2,5.29,18.2,18.2,17.26,22M,6.69,27.83,0,12051040,246397,5449,100,35
1404981,"Henry Burt",1404981,F,NEB,TROY,Nebraska,"O(Knee - 01/09/2026)",13.5,139.5,76.5,0,0,0,0,0,0,0,0,0,0,0,0,0,0,0,0,0,0,0,0,12051220,244777,5485,101,35
1324153,"Michael James",1324153,G,VAND,MCNE,Vanderbilt,ACTIVE,12.5,148.5,80.5,0,0,0,0,0,0,0,0,0,0,0,0,0,0,0,0,0,0,0,0,12051190,179015,5577,102,35
1413220,"Jaxon Kohler",1413220,F,MSU,NDSU,"Michigan State",ACTIVE,16.5,144.5,80.5,29.5,13.17,9.34,1.45,1.74,1.47,0.48,0.75,14.62,22.51,23.96,1.23,10.79,28.77,28.77,30.08,30M,16.87,43.29,0,12051030,244799,5465,103,35
1459574,"Blue Cain",1459574,G,UGA,STL,Georgia,ACTIVE,2.5,167.5,85,27,11.88,5.35,2.62,1.26,1.38,1.17,0.16,14.5,17.23,19.85,1.33,7.97,24.82,24.82,25.13,28M,12.73,37.53,0,12051060,289017,5418,104,35
1402594,"Spencer Legg",1402594,F,UL,USF,Louisville,ACTIVE,3.5,160.5,82,0,0,0,0,0,0,0,0,0,0,0,0,0,0,0,0,0,0,0,0,12051040,246513,5449,105,35
1401384,"Joseph Pinion",1401384,G,USF,UL,"South Florida",ACTIVE,-3.5,160.5,78.5,29.5,12.58,4.19,2.7,2.77,1.97,1.34,0.2,15.28,16.77,19.47,1.54,6.89,24.29,24.29,25.35,30M,13.79,36.91,0,12051040,244991,5449,106,35
1434054,"Rory Hawke",1434054,G,STMRY,TA&M,"Saint Mary's (CA)",ACTIVE,2.5,148.5,75.5,12,2.91,1.39,0.45,0.24,0.59,0.32,0.05,3.36,4.3,4.75,0.37,1.84,5.78,5.78,5.89,14M,0.76,11.02,0,12051240,255994,5525,107,35
1459596,"Joseph Tugler",1459596,F,UH,ID,Houston,ACTIVE,24.5,137.5,81,27,10.19,5.9,1.31,0.03,1.54,0.99,1.59,11.5,16.09,17.4,2.58,7.21,25.46,25.46,24.01,28M,12.78,35.24,0,12051230,281814,87955,108,35
1406763,"Federiko Federiko",1406763,C,TA&M,STMRY,"Texas A&M",ACTIVE,-2.5,148.5,73,5,0.96,1.04,0.2,0.02,0.22,0.17,0.25,1.16,2,2.2,0.42,1.24,3.56,3.56,3.31,10M,3.31,3.31,0,12051240,245486,5525,109,35
1405553,"Ifeanyi Ufochukwu",1405553,C,DUKE,SIENA,Duke,"O(Undisclosed - 03/14/2026)",28.5,137.5,83,0,0,0,0,0,0,0,0,0,0,0,0,0,0,0,0,0,0,0,0,12050970,246422,5396,110,35
1326056,"Devin McGlockton",1326056,F,VAND,MCNE,Vanderbilt,ACTIVE,12.5,148.5,80.5,27,8.71,7.17,1.13,0.99,1.59,0.27,0.6,9.84,15.88,17.01,0.87,8.3,20.03,20.03,20.94,28M,11.15,30.73,0,12051190,179338,5577,111,35
1601331,"Owen Schlager",1601331,G,SIENA,DUKE,Siena,"O(Ribs - 01/10/2026)",-28.5,137.5,54.5,0,0,0,0,0,0,0,0,0,0,0,0,0,0,0,0,0,0,0,0,12050970,658867,5396,112,35
1535155,"Braedan Lue",1535155,F,KENNS,GONZ,"Kennesaw State",ACTIVE,-20.5,152.5,66,26,9.2,5,1.12,0.7,1.44,0.79,1.26,10.32,14.2,15.32,2.05,6.12,21.58,21.58,20.87,28M,11.11,30.63,0,12051050,458110,5422,113,35
1406026,"Isaac McKneely",1406026,G,UL,USF,Louisville,ACTIVE,3.5,160.5,82,34.5,12.5,3.68,2.13,3.03,1.43,0.63,0.02,14.63,16.18,18.31,0.65,5.81,20.66,20.66,22.42,36M,13.59,31.25,0,12051040,245520,5449,114,35
1597580,"Will Garlock",1597580,F,WISC,HIGHP,Wisconsin,ACTIVE,10.5,161.5,86,4,0.93,0.82,0.17,0.03,0.39,0.07,0.1,1.1,1.75,1.92,0.17,0.99,2.3,2.3,2.38,5M,0,6.09,0,12051170,652316,5596,115,35
1475172,"Yanis Ndjonga",1475172,C,MCNE,VAND,"McNeese State",ACTIVE,-12.5,148.5,68,11,2.07,3.93,0.13,0.03,0.48,0.26,0.4,2.2,6,6.13,0.66,4.06,8.46,8.46,8.26,12M,8.26,8.26,0,12051190,281801,5577,116,35
1529017,"Amari McCottry",1529017,G,STL,UGA,"Saint Louis",ACTIVE,-2.5,167.5,82.5,24,10.23,5.26,2.77,0.5,2.41,1.06,0.57,13,15.49,18.26,1.63,8.03,23.18,23.18,23.3,26M,11.18,35.42,0,12051060,458120,5418,117,35
1589781,"Brandon Lee",1589781,G,IL,PENN,Illinois,ACTIVE,25.5,151.5,88.5,0,0,0,0,0,0,0,0,0,0,0,0,0,0,0,0,0,0,0,0,12051180,652076,5430,118,35
1605148,"Caleb Wilson",1605148,F,UNC,VCU,"North Carolina","O(Thumb - 03/06/2026)",2.5,150.5,76.5,0,0,0,0,0,0,0,0,0,0,0,0,0,0,0,0,0,0,0,0,12051210,655045,5491,119,35
1459981,"Frankquon Sherman",1459981,F,KENNS,GONZ,"Kennesaw State",ACTIVE,-20.5,152.5,66,28,10.49,9.45,1.23,0.9,1.11,0.95,0.62,11.72,19.94,21.17,1.57,10.68,27.29,27.29,27.58,30M,15.47,39.69,0,12051050,289320,5422,120,35
1424573,"Corbin Green",1424573,F,TROY,NEB,Troy,ACTIVE,-13.5,139.5,63,0,0,0,0,0,0,0,0,0,0,0,0,0,0,0,0,0,0,0,0,12051220,252444,5485,121,35
1324187,"Riley Mulvey",1324187,C,SIENA,DUKE,Siena,ACTIVE,-28.5,137.5,54.5,34,6.01,7.27,2.23,0.03,2.06,0.56,1.35,8.24,13.28,15.51,1.91,9.5,21.75,21.75,21.34,36M,21.34,21.34,0,12050970,179650,5396,122,35
1402254,"Trevon Blassingame",1402254,G,ID,UH,Idaho,ACTIVE,-24.5,137.5,56.5,17.5,3.33,2.45,0.36,0.56,0.62,0.55,0.25,3.69,5.78,6.14,0.8,2.81,8.57,8.57,8.49,18M,2.39,14.59,0,12051230,246168,87955,123,35
1634596,"Abdullah Ahmed",1634596,C,BYU,TEX,"Brigham Young",ACTIVE,2.5,158.5,80.5,10.3,1.62,2.32,0.32,0.03,0.44,0.14,1,1.94,3.94,4.26,1.14,2.64,7.85,7.85,7.07,12M,7.07,7.07,0,12066290,677411,5352,124,35
1601332,"Francis Folefac",1601332,F,SIENA,DUKE,Siena,ACTIVE,-28.5,137.5,54.5,34.5,10.12,6.42,2.69,0.17,2.38,0.94,1.37,12.81,16.54,19.23,2.31,9.11,26.42,26.42,25.8,36M,15.9,35.7,0,12050970,658838,5396,125,35
1418633,"Cole Sherman",1418633,G,UL,USF,Louisville,ACTIVE,3.5,160.5,82,0,0,0,0,0,0,0,0,0,0,0,0,0,0,0,0,0,0,0,0,12051040,246934,5449,126,35
1535156,"Adrian Wooley",1535156,G,UL,USF,Louisville,ACTIVE,3.5,160.5,82,31.5,12.23,5.71,2.84,1.71,2.15,0.94,0.03,15.07,17.94,20.78,0.97,8.55,24.09,24.09,25.4,32M,14.22,36.58,0,12051040,458240,5449,127,35
1404003,"Michael Zanoni",1404003,G,PENN,IL,Pennsylvania,ACTIVE,-25.5,151.5,63,33,11.09,2.21,0.71,1.62,0.66,0.48,0.06,11.8,13.3,14.01,0.54,2.92,15.79,15.79,16.5,34M,9.72,23.28,0,12051180,245121,5430,128,35
1241390,"Kasean Pryor",1241390,G,UL,USF,Louisville,ACTIVE,3.5,160.5,82,0,0,0,0,0,0,0,0,0,0,0,0,0,0,0,0,0,0,0,0,12051040,149672,5449,129,35
1427004,"AK Okereke",1427004,F,VAND,MCNE,Vanderbilt,ACTIVE,12.5,148.5,80.5,24.5,9.2,3.28,1.88,1.21,1.29,0.42,0.53,11.08,12.48,14.36,0.95,5.16,17.51,17.51,17.98,26M,9.16,26.8,0,12051190,252706,5577,130,35
1405037,"Seth Trimble",1405037,G,UNC,VCU,"North Carolina",ACTIVE,2.5,150.5,76.5,36,14.86,3.76,2.91,0.73,1.74,1.37,0.25,17.77,18.62,21.53,1.62,6.67,26.87,26.87,26.67,40M,16.83,36.51,0,12051210,245549,5491,131,35
1232150,"Yacine Toumi",1232150,G,HAW,ARK,Hawaii,ACTIVE,-14.5,158.5,72,10,3.46,2.26,0.53,0.11,0.75,0.26,0.3,3.99,5.72,6.25,0.56,2.79,7.91,7.91,7.89,12M,0.38,15.4,0,12051100,149924,5347,132,35
1597240,"Javen Colbert",1597240,G,TROY,NEB,Troy,ACTIVE,-13.5,139.5,63,0,0,0,0,0,0,0,0,0,0,0,0,0,0,0,0,0,0,0,0,12051220,655912,5485,133,35
1589782,"David Mirkovic",1589782,F,IL,PENN,Illinois,ACTIVE,25.5,151.5,88.5,32,15.89,7.71,2.75,1.72,2.31,0.45,0.34,18.64,23.6,26.35,0.79,10.46,29.34,29.34,31.24,34M,18.8,43.68,0,12051180,652101,5430,134,35
1520691,"John Mobley",1520691,G,OSU,TCU,"Ohio State",ACTIVE,2.5,145.5,74,33,14.51,2.92,2.68,3.04,2.16,0.92,0.13,17.19,17.43,20.11,1.05,5.6,23.02,23.02,24.72,34M,14.56,34.88,0,12050990,455391,5501,135,35
1605149,"Evan Smith",1605149,G,UNC,VCU,"North Carolina",ACTIVE,2.5,150.5,76.5,0,0,0,0,0,0,0,0,0,0,0,0,0,0,0,0,0,0,0,0,12051210,655026,5491,136,35
1420151,"Ose Okojie",1420151,G,HOW,MICH,Howard,ACTIVE,-30.5,151.5,60.5,32,10.71,5.28,2.01,0.6,1.51,1.81,0.47,12.72,15.99,18,2.28,7.29,25.36,25.36,24.44,34M,14.4,34.48,0,12065630,250164,8396,137,35
1523980,"Brody Kozlowski",1523980,F,BYU,TEX,"Brigham Young",ACTIVE,2.5,158.5,80.5,0,0,0,0,0,0,0,0,0,0,0,0,0,0,0,0,0,0,0,0,12066290,455386,5352,138,35
1519129,"Isaiah Evans",1519129,G,DUKE,SIENA,Duke,ACTIVE,28.5,137.5,83,32,17.7,2.91,1.68,3.58,1.33,0.69,0.62,19.38,20.61,22.29,1.31,4.59,26.3,26.3,27.59,34M,16.25,38.93,0,12050970,458040,5396,139,35
1324363,"Will Tschetter",1324363,F,MICH,HOW,Michigan,ACTIVE,30.5,151.5,91,13,3.08,1.68,0.45,0.68,0.38,0.06,0.09,3.53,4.76,5.21,0.15,2.13,5.85,5.85,6.31,14M,1.15,11.47,0,12065630,180317,8396,140,35
1423352,"Charlie May",1423352,G,MICH,HOW,Michigan,"O(Thumb - 01/06/2026)",30.5,151.5,91,0,0,0,0,0,0,0,0,0,0,0,0,0,0,0,0,0,0,0,0,12065630,250210,8396,141,35
1536983,"Bradyn Foster",1536983,F,PENN,IL,Pennsylvania,ACTIVE,-25.5,151.5,63,0,0,0,0,0,0,0,0,0,0,0,0,0,0,0,0,0,0,0,0,12051180,459229,5430,142,35
1522584,"Micah Robinson",1522584,F,TCU,OSU,TCU,ACTIVE,-2.5,145.5,71.5,29.5,10.5,4.61,1.4,1.25,1.58,1.14,0.23,11.9,15.11,16.51,1.37,6.01,20.67,20.67,20.96,30M,11.75,30.17,0,12050990,455402,5501,143,35
1413222,"Carson Cooper",1413222,C,MSU,NDSU,"Michigan State",ACTIVE,16.5,144.5,80.5,27.5,11.38,6.63,1.25,0.08,1.62,0.68,1.1,12.63,18.01,19.26,1.78,7.88,24.94,24.94,24.46,28M,24.46,24.46,0,12051030,244782,5465,144,35
1402585,"Max Majerle",1402585,G,NDSU,MSU,"North Dakota State",ACTIVE,-16.5,144.5,64,1,0.23,0.13,0.08,0.02,0.07,0.03,0,0.31,0.36,0.44,0.03,0.21,0.52,0.52,0.54,5M,0,1.51,0,12051030,245834,5465,145,35
1524333,"Cade Orness",1524333,G,GONZ,KENNS,Gonzaga,ACTIVE,20.5,152.5,86.5,0,0,0,0,0,0,0,0,0,0,0,0,0,0,0,0,0,0,0,0,12051050,459331,5422,146,35
1405995,"Noah Shelby",1405995,G,TA&M,STMRY,"Texas A&M",ACTIVE,-2.5,148.5,73,0,0,0,0,0,0,0,0,0,0,0,0,0,0,0,0,0,0,0,0,12051240,244995,5525,147,35
1634597,"KJ Perry",1634597,G,BYU,TEX,"Brigham Young","O(Redshirt - 01/09/2026)",2.5,158.5,80.5,0,0,0,0,0,0,0,0,0,0,0,0,0,0,0,0,0,0,0,0,12066290,678545,5352,148,35
1601333,"Danny Murray",1601333,G,SIENA,DUKE,Siena,ACTIVE,-28.5,137.5,54.5,0,0,0,0,0,0,0,0,0,0,0,0,0,0,0,0,0,0,0,0,12050970,658857,5396,149,35
1535157,"Dozie Onyirimba",1535157,F,KENNS,GONZ,"Kennesaw State",ACTIVE,-20.5,152.5,66,0,0,0,0,0,0,0,0,0,0,0,0,0,0,0,0,0,0,0,0,12051050,458152,5422,150,35
1523079,"Braden Frager",1523079,F,NEB,TROY,Nebraska,ACTIVE,13.5,139.5,76.5,21,9.97,3.28,0.72,1.24,1.06,0.63,0.11,10.69,13.25,13.97,0.74,4,16.15,16.15,16.73,22M,6.94,26.52,0,12051220,455371,5485,151,35
1605986,"Declan Duru",1605986,F,TEX,BYU,Texas,ACTIVE,-2.5,158.5,78,0,0,0,0,0,0,0,0,0,0,0,0,0,0,0,0,0,0,0,0,12066290,654397,5352,152,35
1538358,"Terrence Hill",1538358,G,VCU,UNC,"Virginia Commonwealth",ACTIVE,-2.5,150.5,74,28.5,14.4,2.71,3.25,2.03,1.11,0.55,0.05,17.65,17.11,20.36,0.6,5.96,23.23,23.23,24.34,30M,13.24,35.44,0,12051210,458076,5491,153,35
1408129,"Johnnie Walter",1408129,F,PENN,IL,Pennsylvania,ACTIVE,-25.5,151.5,63,0,0,0,0,0,0,0,0,0,0,0,0,0,0,0,0,0,0,0,0,12051180,246565,5430,154,35
1589783,"Keaton Wagler",1589783,G,IL,PENN,Illinois,ACTIVE,25.5,151.5,88.5,36.5,20.6,4.72,4.96,2.65,2.71,1.4,0.37,25.56,25.32,30.28,1.77,9.68,36.31,36.31,37.53,40M,23.68,51.38,0,12051180,652186,5430,155,35
1610980,"Dalton Scantlebury",1610980,C,PENN,IL,Pennsylvania,ACTIVE,-25.5,151.5,63,14,4.21,3.18,0.64,0.01,0.65,0.52,0.58,4.85,7.39,8.03,1.1,3.82,11.67,11.67,11.05,16M,11.05,11.05,0,12051180,654434,5430,156,35
1324353,"Frankie Collins",1324353,G,VAND,MCNE,Vanderbilt,"O(Left Team - 03/04/2026)",12.5,148.5,80.5,0,0,0,0,0,0,0,0,0,0,0,0,0,0,0,0,0,0,0,0,12051190,180321,5577,157,35
1459653,"Kristian Gonzalez",1459653,G,ID,UH,Idaho,ACTIVE,-24.5,137.5,56.5,0,0,0,0,0,0,0,0,0,0,0,0,0,0,0,0,0,0,0,0,12051230,288800,87955,158,35
1522585,"Ashton Simmons",1522585,G,TCU,OSU,TCU,ACTIVE,-2.5,145.5,71.5,0,0,0,0,0,0,0,0,0,0,0,0,0,0,0,0,0,0,0,0,12050990,455405,5501,159,35
1458576,"Keyshawn Mitchell",1458576,F,VCU,UNC,"Virginia Commonwealth",ACTIVE,-2.5,150.5,74,0.5,0.15,0.12,0.02,0.01,0.02,0.01,0.01,0.17,0.27,0.29,0.02,0.14,0.37,0.37,0.38,5M,0,0.97,0,12051210,288868,5491,160,35
1324035,"Denham Wojcik",1324035,G,MSU,NDSU,"Michigan State",ACTIVE,16.5,144.5,80.5,4.5,0.58,0.26,0.7,0.08,0.43,0.23,0.01,1.28,0.84,1.54,0.24,0.96,2.24,2.24,2.27,5M,0,6.37,0,12051030,179604,5465,161,35
1413223,"Nick Sanders",1413223,G,MSU,NDSU,"Michigan State",ACTIVE,16.5,144.5,80.5,0.5,0.14,0.04,0.03,0.03,0.03,0.02,0,0.17,0.18,0.21,0.02,0.07,0.26,0.26,0.27,5M,0,0.76,0,12051030,244812,5465,162,35
1524334,"Ismaila Diagne",1524334,C,GONZ,KENNS,Gonzaga,ACTIVE,20.5,152.5,86.5,3.5,0.7,1.11,0.08,0.02,0.25,0.07,0.22,0.78,1.81,1.89,0.29,1.19,2.78,2.78,2.68,5M,2.68,2.68,0,12051050,459207,5422,163,35
1546378,"Jamie Vinson",1546378,F,TA&M,STMRY,"Texas A&M",ACTIVE,-2.5,148.5,73,2.5,1.07,0.8,0.13,0.05,0.17,0.04,0.2,1.2,1.87,2,0.24,0.93,2.79,2.79,2.69,5M,0,6.88,0,12051240,504455,5525,164,35
1439689,"Davin Cosby Jr.",1439689,G,KENNS,GONZ,"Kennesaw State","O(Undisclosed - 10/31/2025)",-20.5,152.5,66,0,0,0,0,0,0,0,0,0,0,0,0,0,0,0,0,0,0,0,0,12051050,261275,5422,165,35
1541890,"Josh Ibukunoluwa",1541890,F,HIGHP,WISC,"High Point",ACTIVE,-10.5,161.5,75.5,0,0,0,0,0,0,0,0,0,0,0,0,0,0,0,0,0,0,0,0,12051170,505230,5596,166,35
1408438,"Harry Wessels",1408438,C,STMRY,TA&M,"Saint Mary's (CA)",ACTIVE,2.5,148.5,75.5,20,5.34,6.02,0.82,0.01,0.97,0.37,1.16,6.16,11.36,12.18,1.53,6.84,17.4,17.4,16.71,22M,16.71,16.71,0,12051240,246092,5525,167,35
1597583,"Aleksas Bieliauskas",1597583,F,WISC,HIGHP,Wisconsin,ACTIVE,10.5,161.5,86,28,7.05,6.44,1.15,1.13,1.48,0.2,0.61,8.2,13.49,14.64,0.81,7.59,17.45,17.45,18.33,30M,10.28,26.38,0,12051170,652302,5596,168,35
1599530,"Mihailo Petrovic",1599530,G,IL,PENN,Illinois,ACTIVE,25.5,151.5,88.5,0,0,0,0,0,0,0,0,0,0,0,0,0,0,0,0,0,0,0,0,12051180,652131,5430,169,35
1486175,"Jeremy Fears",1486175,G,MSU,NDSU,"Michigan State",ACTIVE,16.5,144.5,80.5,35,17.41,2.85,8.78,0.97,2.77,1.57,0.07,26.19,20.26,29.04,1.64,11.63,36.16,36.16,37.03,36M,22.45,51.61,0,12051030,290764,5465,170,35
1458840,"Kyan Evans",1458840,G,UNC,VCU,"North Carolina",ACTIVE,2.5,150.5,76.5,8,4.12,2.22,1.93,1.13,0.59,0.17,0,6.05,6.34,8.27,0.17,4.15,9.61,9.61,10.4,10M,0,22.37,0,12051210,289552,5491,171,35
1475175,"Marcus Hill",1475175,G,TA&M,STMRY,"Texas A&M",ACTIVE,-2.5,148.5,73,24,8.91,3.43,1.46,0.4,1.01,0.74,0.13,10.37,12.34,13.8,0.87,4.89,16.81,16.81,16.82,26M,8.07,25.57,0,12051240,289054,5525,172,35
1605239,"Kasen Krueger",1605239,G,HIGHP,WISC,"High Point",ACTIVE,-10.5,161.5,75.5,0,0,0,0,0,0,0,0,0,0,0,0,0,0,0,0,0,0,0,0,12051170,655253,5596,173,35
1520671,"Morez Johnson",1520671,F,MICH,HOW,Michigan,ACTIVE,30.5,151.5,91,26.5,13.88,7.34,1.07,0.54,1.38,0.8,0.96,14.95,21.22,22.29,1.76,8.41,28.2,28.2,27.98,28M,14.9,41.06,0,12065630,455381,8396,174,35
1520693,"Braylen Nash",1520693,G,OSU,TCU,"Ohio State",ACTIVE,2.5,145.5,74,0,0,0,0,0,0,0,0,0,0,0,0,0,0,0,0,0,0,0,0,12050990,455392,5501,175,35
1610981,"Payton Kamin",1610981,F,PENN,IL,Pennsylvania,ACTIVE,-25.5,151.5,63,0,0,0,0,0,0,0,0,0,0,0,0,0,0,0,0,0,0,0,0,12051180,654411,5430,176,35
1402740,"Titus Yearout",1402740,G,ID,UH,Idaho,ACTIVE,-24.5,137.5,56.5,0,0,0,0,0,0,0,0,0,0,0,0,0,0,0,0,0,0,0,0,12051230,245756,87955,177,35
1420054,"Trey Stuart",1420054,G,TCU,OSU,TCU,ACTIVE,-2.5,145.5,71.5,0,0,0,0,0,0,0,0,0,0,0,0,0,0,0,0,0,0,0,0,12050990,250230,5501,178,35
1555585,"Calvin Robins",1555585,F,HOW,MICH,Howard,ACTIVE,-30.5,151.5,60.5,5,1.02,1.14,0.12,0.03,0.31,0.13,0.16,1.14,2.16,2.28,0.29,1.26,3.14,3.14,3.07,10M,0,6.35,0,12065630,546642,8396,179,35
1401574,"Braeden Smith",1401574,G,GONZ,KENNS,Gonzaga,ACTIVE,20.5,152.5,86.5,17,5.49,2.21,2.69,0.62,1.26,0.81,0.01,8.18,7.7,10.39,0.82,4.9,13.39,13.39,13.62,18M,3.83,23.41,0,12051050,246240,5422,180,35
1413202,"Christoph Tilly",1413202,C,OSU,TCU,"Ohio State",ACTIVE,2.5,145.5,74,24,8.37,4.86,1.69,0.33,1.7,0.55,0.49,10.06,13.23,14.92,1.04,6.55,18.17,18.17,18.4,26M,18.4,18.4,0,12050990,245887,5501,181,35
1415864,"Izaiyah Nelson",1415864,F,USF,UL,"South Florida",ACTIVE,-3.5,160.5,78.5,27,14.1,9.65,1.42,0.24,1.34,1.41,1.44,15.52,23.75,25.17,2.85,11.07,35.01,35.01,33.98,28M,18.09,49.87,0,12051040,245404,5449,182,35
1403885,"Tyrell Ward",1403885,F,VCU,UNC,"Virginia Commonwealth",ACTIVE,-2.5,150.5,74,13.5,5.67,2.02,0.61,0.62,0.82,0.61,0.3,6.28,7.69,8.3,0.91,2.63,10.91,10.91,10.82,14M,1.97,19.67,0,12051210,245116,5491,183,35
1536985,"Michelangelo Oberti",1536985,C,PENN,IL,Pennsylvania,ACTIVE,-25.5,151.5,63,0,0,0,0,0,0,0,0,0,0,0,0,0,0,0,0,0,0,0,0,12051180,459323,5430,184,35
1522586,"David Punch",1522586,F,TCU,OSU,TCU,ACTIVE,-2.5,145.5,71.5,31,14,6.91,2.09,0.4,1.84,1.15,2.07,16.09,20.91,23,3.22,9,33.27,33.27,31.68,32M,18.74,44.62,0,12050990,455395,5501,185,35
1537854,"Josh Omojafo",1537854,G,USF,UL,"South Florida",ACTIVE,-3.5,160.5,78.5,31.5,10.01,6.25,1.34,0.69,1.35,0.76,0.13,11.35,16.26,17.6,0.89,7.59,20.83,20.83,21.36,32M,11.96,30.76,0,12051040,459330,5449,186,35
1405733,"Barry Evans",1405733,F,VCU,UNC,"Virginia Commonwealth",ACTIVE,-2.5,150.5,74,29,6.73,5.68,2.31,0.86,1.03,0.72,0.36,9.04,12.41,14.72,1.08,7.99,19.22,19.22,19.4,30M,10.88,27.92,0,12051210,245618,5491,187,35
1459578,"Dylan James",1459578,F,UGA,STL,Georgia,ACTIVE,2.5,167.5,85,10,2.89,2.58,0.31,0.05,0.44,0.25,0.58,3.2,5.47,5.78,0.83,2.89,8.47,8.47,8.02,12M,0.96,15.08,0,12051060,289058,5418,188,35
1481171,"Mosi Clayton",1481171,G,SIENA,DUKE,Siena,ACTIVE,-28.5,137.5,54.5,0,0,0,0,0,0,0,0,0,0,0,0,0,0,0,0,0,0,0,0,12050970,290341,5396,189,35
1546379,"Nic Codie",1546379,F,TEX,BYU,Texas,ACTIVE,-2.5,158.5,78,18,4.32,4.01,0.86,0.17,0.81,0.13,0.65,5.18,8.33,9.19,0.78,4.87,11.93,11.93,11.85,20M,4.7,19,0,12066290,504422,5352,190,35
1403126,"Simeon Cottle",1403126,G,KENNS,GONZ,"Kennesaw State",ACTIVE,-20.5,152.5,66,0,0,0,0,0,0,0,0,0,0,0,0,0,0,0,0,0,0,0,0,12051050,247203,5422,191,35
1536468,"Andy Stefonowicz",1536468,G,NDSU,MSU,"North Dakota State",ACTIVE,-16.5,144.5,64,35.5,8.09,3.25,4.8,1.66,2.1,1.53,0.25,12.89,11.34,16.14,1.78,8.05,22.44,22.44,22.71,36M,13.77,31.65,0,12051030,458204,5465,192,35
1482282,"Yaxel Lendeborg",1482282,F,MICH,HOW,Michigan,ACTIVE,30.5,151.5,91,34.5,17.11,6.64,3.2,2.1,1.56,1.37,1.13,20.31,23.75,26.95,2.5,9.84,35.82,35.82,35.66,36M,21.98,49.34,0,12065630,281661,8396,193,35
1405447,"Malique Ewin",1405447,F,ARK,HAW,Arkansas,ACTIVE,14.5,158.5,86.5,29,12.01,8.96,0.89,0.13,1.91,0.8,1.16,12.9,20.97,21.86,1.96,9.85,28.06,28.06,27.96,30M,15.68,40.24,0,12051100,245010,5347,194,35
1405348,"Jayden Pierre",1405348,G,TCU,OSU,TCU,ACTIVE,-2.5,145.5,71.5,33,10.01,2.42,2.84,1.38,1.19,0.83,0.25,12.85,12.43,15.27,1.08,5.26,19.26,19.26,19.58,34M,11.53,27.63,0,12050990,245107,5501,195,35
1408527,"Justin Bailey",1408527,G,UGA,STL,Georgia,ACTIVE,2.5,167.5,85,6.5,2.03,0.78,0.35,0.38,0.29,0.24,0.01,2.38,2.81,3.16,0.25,1.13,3.97,3.97,4.08,10M,0,8.77,0,12051060,246458,5418,196,35
1460095,"Carl Cherenfant",1460095,G,MCNE,VAND,"McNeese State",ACTIVE,-12.5,148.5,68,1,0.2,0.2,0.05,0.01,0.06,0.04,0.02,0.25,0.4,0.45,0.06,0.25,0.65,0.65,0.63,5M,0,1.77,0,12051190,281650,5577,197,35
1597210,"Travelle Bryson",1597210,F,HOW,MICH,Howard,ACTIVE,-30.5,151.5,60.5,11,4.34,2.36,0.59,0.3,0.46,0.29,0.21,4.93,6.7,7.29,0.5,2.95,9.1,9.1,9.09,12M,1.09,17.09,0,12065630,654950,8396,198,35
1597232,"Julian Johnson",1597232,F,HOW,MICH,Howard,ACTIVE,-30.5,151.5,60.5,0,0,0,0,0,0,0,0,0,0,0,0,0,0,0,0,0,0,0,0,12065630,654982,8396,199,35
1542573,"Justice Shoats",1542573,G,SIENA,DUKE,Siena,ACTIVE,-28.5,137.5,54.5,39,11.84,2.93,3.58,0.66,2.7,1.51,0.14,15.42,14.77,18.35,1.65,6.51,22.97,22.97,23.15,40M,14.6,31.7,0,12050970,504451,5396,200,35
1475187,"Kobe Rodgers",1475187,G,UL,USF,Louisville,ACTIVE,3.5,160.5,82,16.5,3.72,2.55,1.48,0.39,0.64,1.08,0.06,5.2,6.27,7.75,1.14,4.03,11.78,11.78,11.28,18M,3.17,19.39,0,12051040,290422,5449,201,35
1532783,"George Kimble III",1532783,G,VAND,MCNE,Vanderbilt,"O(Knee - 10/31/2025)",12.5,148.5,80.5,0,0,0,0,0,0,0,0,0,0,0,0,0,0,0,0,0,0,0,0,12051190,457517,5577,202,35
1465034,"D.J. Wagner",1465034,G,ARK,HAW,Arkansas,ACTIVE,14.5,158.5,86.5,23,7.52,1.82,1.88,1.46,0.87,0.71,0.22,9.4,9.34,11.22,0.93,3.7,14.45,14.45,14.77,24M,6.46,23.08,0,12051100,288945,5347,203,35
1520694,"Colin White",1520694,F,OSU,TCU,"Ohio State",ACTIVE,2.5,145.5,74,1,0.13,0.13,0.05,0.01,0.04,0.03,0.02,0.18,0.26,0.31,0.05,0.18,0.46,0.46,0.45,5M,0,1.15,0,12050990,455415,5501,204,35
1401410,"Justin Abson",1401410,F,UGA,STL,Georgia,ACTIVE,2.5,167.5,85,10,2.51,3.6,0.38,0.05,0.6,0.31,1.16,2.89,6.11,6.49,1.47,3.98,11.22,11.22,10.25,12M,1.23,19.27,0,12051060,245349,5418,205,35
1459743,"Cam Gillus",1459743,G,HOW,MICH,Howard,ACTIVE,-30.5,151.5,60.5,36,9.19,5.05,4.2,1.26,2.34,1.66,0.05,13.39,14.24,18.44,1.71,9.25,24.34,24.34,24.72,40M,15.59,33.85,0,12065630,290366,8396,206,35
1402301,"De'Ante Green",1402301,F,USF,UL,"South Florida","O(Achilles - 02/11/2026)",-3.5,160.5,78.5,0,0,0,0,0,0,0,0,0,0,0,0,0,0,0,0,0,0,0,0,12051040,245492,5449,207,35
1522575,"Ishan Sharma",1522575,G,STL,UGA,"Saint Louis",ACTIVE,-2.5,167.5,82.5,23,8.84,2.43,1.56,2.37,0.76,0.66,0.05,10.4,11.27,12.83,0.71,3.99,15.47,15.47,16.45,24M,7.19,25.71,0,12051060,458188,5418,208,35
1522587,"Adam Stewart",1522587,C,TCU,OSU,TCU,ACTIVE,-2.5,145.5,71.5,0,0,0,0,0,0,0,0,0,0,0,0,0,0,0,0,0,0,0,0,12050990,455408,5501,209,35
1325148,"Eddie Holland",1325148,G,HOW,MICH,Howard,ACTIVE,-30.5,151.5,60.5,0,0,0,0,0,0,0,0,0,0,0,0,0,0,0,0,0,0,0,0,12065630,179912,8396,210,35
1524336,"Noah Haaland",1524336,F,GONZ,KENNS,Gonzaga,ACTIVE,20.5,152.5,86.5,0,0,0,0,0,0,0,0,0,0,0,0,0,0,0,0,0,0,0,0,12051050,459238,5422,211,35
1340790,"Daimion Collins",1340790,F,USF,UL,"South Florida",ACTIVE,-3.5,160.5,78.5,11,3.11,2.41,0.32,0.11,0.51,0.18,1.18,3.43,5.52,5.84,1.36,2.73,10.04,10.04,9.11,12M,1.09,17.13,0,12051040,179671,5449,212,35
1403127,"Charles Stone",1403127,G,KENNS,GONZ,"Kennesaw State",ACTIVE,-20.5,152.5,66,0,0,0,0,0,0,0,0,0,0,0,0,0,0,0,0,0,0,0,0,12051050,247231,5422,213,35
1460371,"Garwey Dual",1460371,G,MCNE,VAND,"McNeese State",ACTIVE,-12.5,148.5,68,31,7.58,3.75,3.99,0.61,2.21,1.31,0.89,11.57,11.33,15.32,2.2,7.74,22.46,22.46,21.86,32M,12.24,31.48,0,12051190,289549,5577,214,35
1406768,"Paul Otieno",1406768,F,STL,UGA,"Saint Louis",ACTIVE,-2.5,167.5,82.5,15.5,4.46,4.16,1.09,0.02,0.78,0.37,0.64,5.55,8.62,9.71,1.01,5.25,13.33,13.33,12.94,16M,3.39,22.49,0,12051060,246675,5418,215,35
1535149,"Ramone Seals",1535149,G,KENNS,GONZ,"Kennesaw State",ACTIVE,-20.5,152.5,66,0,0,0,0,0,0,0,0,0,0,0,0,0,0,0,0,0,0,0,0,12051050,458186,5422,216,35
1460140,"Harrison Hochberg",1460140,F,MICH,HOW,Michigan,ACTIVE,30.5,151.5,91,1,0.39,0.21,0.04,0.02,0.08,0.03,0.03,0.43,0.6,0.64,0.06,0.25,0.8,0.8,0.8,5M,0,2.05,0,12065630,288818,8396,217,35
1405459,"Jordan Pope",1405459,G,TEX,BYU,Texas,ACTIVE,-2.5,158.5,78,37,15.47,2.98,1.92,3,1.48,0.84,0.1,17.39,18.45,20.37,0.94,4.9,23.25,23.25,24.7,40M,15.58,33.82,0,12066290,244915,5352,218,35
1537019,"Austin Rapp",1537019,F,WISC,HIGHP,Wisconsin,ACTIVE,10.5,161.5,86,25,10.97,5.1,1.47,1.99,1.48,0.56,0.43,12.44,16.07,17.54,0.99,6.57,20.78,20.78,21.81,26M,11.12,32.5,0,12051170,459350,5596,219,35
1605989,"John Clark",1605989,F,TEX,BYU,Texas,ACTIVE,-2.5,158.5,78,0,0,0,0,0,0,0,0,0,0,0,0,0,0,0,0,0,0,0,0,12066290,654392,5352,220,35
1541793,"Cooper Campbell",1541793,G,TROY,NEB,Troy,ACTIVE,-13.5,139.5,63,33,9.77,3.23,3.07,1.8,1.75,1.25,0.05,12.84,13,16.07,1.3,6.3,20.39,20.39,21.03,34M,12.39,29.67,0,12051220,460391,5485,221,35
1597574,"Zach Kinziger",1597574,G,WISC,HIGHP,Wisconsin,ACTIVE,10.5,161.5,86,0,0,0,0,0,0,0,0,0,0,0,0,0,0,0,0,0,0,0,0,12051170,652329,5596,222,35
1461097,"Kerrington Kiel",1461097,F,TROY,NEB,Troy,ACTIVE,-13.5,139.5,63,14,3,3.3,0.97,0.3,0.63,0.69,0.23,3.97,6.3,7.27,0.92,4.27,10.52,10.52,10.24,16M,2.68,17.8,0,12051220,289741,5485,223,35
1542574,"Chris Torres",1542574,G,SIENA,DUKE,Siena,ACTIVE,-28.5,137.5,54.5,0,0,0,0,0,0,0,0,0,0,0,0,0,0,0,0,0,0,0,0,12050970,504453,5396,224,35
1610983,"William Kruse",1610983,C,PENN,IL,Pennsylvania,ACTIVE,-25.5,151.5,63,0,0,0,0,0,0,0,0,0,0,0,0,0,0,0,0,0,0,0,0,12051180,654414,5430,225,35
1257179,"Tay Smith",1257179,G,NDSU,MSU,"North Dakota State",ACTIVE,-16.5,144.5,64,26,8.2,3.56,0.61,2.22,0.67,1.09,0.01,8.81,11.76,12.37,1.1,4.17,16.04,16.04,16.56,28M,8.39,24.73,0,12051030,652169,5465,226,35
1459656,"Miles Klapper",1459656,G,ID,UH,Idaho,ACTIVE,-24.5,137.5,56.5,10,2.13,1.52,0.52,0.29,0.53,0.33,0.01,2.65,3.65,4.17,0.34,2.04,5.23,5.23,5.38,12M,0.26,10.5,0,12051230,288835,87955,227,35
1542178,"James Brown",1542178,F,UNC,VCU,"North Carolina","O(Foot - 02/20/2026)",2.5,150.5,76.5,0,0,0,0,0,0,0,0,0,0,0,0,0,0,0,0,0,0,0,0,12051210,503251,5491,228,35
1522588,"Drew McElroy",1522588,G,TCU,OSU,TCU,ACTIVE,-2.5,145.5,71.5,0,0,0,0,0,0,0,0,0,0,0,0,0,0,0,0,0,0,0,0,12050990,455389,5501,229,35
1401588,"Jack Payne",1401588,G,ID,UH,Idaho,ACTIVE,-24.5,137.5,56.5,18.5,4.81,3.23,1.03,0.88,0.82,0.47,0.17,5.84,8.04,9.07,0.64,4.26,11.32,11.32,11.69,20M,4.01,19.37,0,12051230,246071,87955,230,35
1401379,"Rylan Griffen",1401379,G,TA&M,STMRY,"Texas A&M",ACTIVE,-2.5,148.5,73,29,11.2,3.29,2.67,2.14,1.57,1.38,0.62,13.87,14.49,17.16,2,5.96,23.58,23.58,23.6,30M,12.83,34.37,0,12051240,244983,5525,231,35
1480183,"Berke Buyuktuncel",1480183,F,NEB,TROY,Nebraska,ACTIVE,13.5,139.5,76.5,22,5.77,4.74,1.49,0.31,1.14,0.74,0.96,7.26,10.51,12,1.7,6.23,17.62,17.62,16.9,24M,8.23,25.57,0,12051220,288752,5485,232,35
1524458,"Owen Aquino",1524458,F,HIGHP,WISC,"High Point",ACTIVE,-10.5,161.5,75.5,27,8.6,6.38,2.46,0.57,1.53,0.97,1.86,11.06,14.98,17.44,2.83,8.84,26.88,26.88,25.5,28M,13.58,37.42,0,12051170,457978,5596,233,35
1593450,"Onyx Nnani",1593450,F,USF,UL,"South Florida",ACTIVE,-3.5,160.5,78.5,0,0,0,0,0,0,0,0,0,0,0,0,0,0,0,0,0,0,0,0,12051040,652113,5449,234,35
1241593,"Nimari Burnett",1241593,G,MICH,HOW,Michigan,ACTIVE,30.5,151.5,91,21,9.3,3.26,0.98,1.92,1.11,0.65,0.03,10.28,12.56,13.54,0.68,4.24,15.58,15.58,16.58,22M,6.43,26.73,0,12065630,149616,8396,235,35
1403128,"Eric Holland",1403128,G,KENNS,GONZ,"Kennesaw State",ACTIVE,-20.5,152.5,66,0,0,0,0,0,0,0,0,0,0,0,0,0,0,0,0,0,0,0,0,12051050,247212,5422,236,35
1461340,"Coleson Messer",1461340,G,VAND,MCNE,Vanderbilt,ACTIVE,12.5,148.5,80.5,0,0,0,0,0,0,0,0,0,0,0,0,0,0,0,0,0,0,0,0,12051190,289276,5577,237,35
1611017,"Elmir Dzafic",1611017,C,ARK,HAW,Arkansas,ACTIVE,14.5,158.5,86.5,0,0,0,0,0,0,0,0,0,0,0,0,0,0,0,0,0,0,0,0,12051100,652308,5347,238,35
1595001,"Patrick Liburd",1595001,G,MICH,HOW,Michigan,ACTIVE,30.5,151.5,91,0,0,0,0,0,0,0,0,0,0,0,0,0,0,0,0,0,0,0,0,12065630,652079,8396,239,35
1487674,"Joaquim ArauzMoore",1487674,G,GONZ,KENNS,Gonzaga,ACTIVE,20.5,152.5,86.5,0,0,0,0,0,0,0,0,0,0,0,0,0,0,0,0,0,0,0,0,12051050,291887,5422,240,35
1461076,"Marcus Millender",1461076,G,UGA,STL,Georgia,ACTIVE,2.5,167.5,85,29.5,12.47,3.34,4.17,1.83,1.93,0.86,0.01,16.64,15.81,19.98,0.87,7.51,23.41,23.41,24.6,30M,13.38,35.82,0,12051060,289755,5418,241,35
1462055,"John Blackwell",1462055,G,WISC,HIGHP,Wisconsin,ACTIVE,10.5,161.5,86,35,19.99,5.42,2.17,2.79,2.46,1.05,0.16,22.16,25.41,27.58,1.21,7.59,30.92,30.92,32.67,36M,19.81,45.53,0,12051170,289010,5596,242,35
1461098,"Thomas Dowd",1461098,F,TROY,NEB,Troy,ACTIVE,-13.5,139.5,63,39,12.72,11.06,2.35,1.76,2.03,0.94,1.09,15.07,23.78,26.13,2.03,13.41,33.55,33.55,34.64,40M,21.99,47.29,0,12051220,289708,5485,243,35
1420695,"Jack Scott",1420695,G,DUKE,SIENA,Duke,ACTIVE,28.5,137.5,83,3,0.8,0.45,0.24,0.1,0.16,0.1,0.03,1.04,1.25,1.49,0.13,0.69,1.9,1.9,1.93,5M,0,5.41,0,12050970,250151,5396,244,35
1486178,"Coen Carr",1486178,F,MSU,NDSU,"Michigan State",ACTIVE,16.5,144.5,80.5,31.5,12.86,5.32,1.21,0.91,1.34,0.28,0.81,14.07,18.18,19.39,1.09,6.53,23,23,23.34,32M,13.81,32.87,0,12051030,290761,5465,245,35
1435600,"Dame Sarr",1435600,G,DUKE,SIENA,Duke,ACTIVE,28.5,137.5,83,32,9.17,4.02,1.19,1.58,1.53,0.84,0.59,10.36,13.19,14.38,1.43,5.21,18.53,18.53,18.86,34M,11.11,26.61,0,12050970,654433,5396,246,35
1533753,"Matas Vokietaitis",1533753,C,TEX,BYU,Texas,ACTIVE,-2.5,158.5,78,26,13.95,7.22,0.94,0.01,2.24,0.05,0.86,14.89,21.17,22.11,0.91,8.16,24.54,24.54,25.32,28M,25.32,25.32,0,12066290,456032,5352,247,35
1402611,"Jaden Newell",1402611,F,UGA,STL,Georgia,ACTIVE,2.5,167.5,85,0,0,0,0,0,0,0,0,0,0,0,0,0,0,0,0,0,0,0,0,12051060,245103,5418,248,35
1523974,"Kanon Catchings",1523974,F,UGA,STL,Georgia,ACTIVE,2.5,167.5,85,28,14.81,6.07,0.92,2.8,1.45,1.29,0.24,15.73,20.88,21.8,1.53,6.99,26.61,26.61,27.62,30M,15.49,39.75,0,12051060,455362,5418,249,35
1534864,"Ewan Steele",1534864,F,ID,UH,Idaho,ACTIVE,-24.5,137.5,56.5,0,0,0,0,0,0,0,0,0,0,0,0,0,0,0,0,0,0,0,0,12051230,457589,87955,250,35
1523622,"Jaden Karuletwa",1523622,G,ARK,HAW,Arkansas,ACTIVE,14.5,158.5,86.5,0,0,0,0,0,0,0,0,0,0,0,0,0,0,0,0,0,0,0,0,12051100,457512,5347,251,35
1459855,"Brock Harding",1459855,G,TCU,OSU,TCU,ACTIVE,-2.5,145.5,71.5,30,6.74,2.63,4.97,0.92,1.75,1.2,0.02,11.71,9.37,14.34,1.22,7.6,19.27,19.27,19.53,32M,10.94,28.12,0,12050990,289049,5501,252,35
1459976,"RJ Jones",1459976,G,TCU,OSU,TCU,ACTIVE,-2.5,145.5,71.5,0,0,0,0,0,0,0,0,0,0,0,0,0,0,0,0,0,0,0,0,12050990,455382,5501,253,35
1459987,"Chase Clemmons",1459987,G,KENNS,GONZ,"Kennesaw State","O(Undisclosed - 12/17/2025)",-20.5,152.5,66,0,0,0,0,0,0,0,0,0,0,0,0,0,0,0,0,0,0,0,0,12051050,289208,5422,254,35
1404943,"Isaiah Kerr",1404943,G,HAW,ARK,Hawaii,ACTIVE,-14.5,158.5,72,24,6.46,2.6,1.6,0.82,1.06,0.75,0.28,8.06,9.06,10.66,1.03,4.2,14.02,14.02,14.06,26M,6.75,21.37,0,12051100,245660,5347,255,35
1536976,"AJ Levine",1536976,G,PENN,IL,Pennsylvania,ACTIVE,-25.5,151.5,63,28,9.21,4.31,4.25,0.52,1.81,1.99,0.06,13.46,13.52,17.77,2.05,8.56,25.1,25.1,24.45,30M,13.3,35.6,0,12051180,459287,5430,256,35
1522577,"JJ Rembert",1522577,G,MCNE,VAND,"McNeese State",ACTIVE,-12.5,148.5,68,0,0,0,0,0,0,0,0,0,0,0,0,0,0,0,0,0,0,0,0,12051190,455400,5577,257,35
1522589,"Malick Diallo",1522589,C,TCU,OSU,TCU,"O(Knee - 11/14/2025)",-2.5,145.5,71.5,0,0,0,0,0,0,0,0,0,0,0,0,0,0,0,0,0,0,0,0,12050990,455368,5501,258,35
1600667,"Kaleb Brewer",1600667,G,MCNE,VAND,"McNeese State",ACTIVE,-12.5,148.5,68,0,0,0,0,0,0,0,0,0,0,0,0,0,0,0,0,0,0,0,0,12051190,652615,5577,259,35
1480184,"Aday Mara",1480184,C,MICH,HOW,Michigan,ACTIVE,30.5,151.5,91,25.5,14.81,7.22,2.24,0.14,2.53,0.25,2.54,17.05,22.03,24.27,2.79,9.46,32.67,32.67,31.8,26M,31.8,31.8,0,12065630,288852,8396,260,35
1548428,"Chris McDermott",1548428,F,TA&M,STMRY,"Texas A&M",ACTIVE,-2.5,148.5,73,0,0,0,0,0,0,0,0,0,0,0,0,0,0,0,0,0,0,0,0,12051240,504443,5525,261,35
1593451,"Adriel Nyorha",1593451,G,USF,UL,"South Florida",ACTIVE,-3.5,160.5,78.5,1.5,0.48,0.24,0.23,0.05,0.16,0.06,0.02,0.71,0.72,0.95,0.08,0.47,1.21,1.21,1.24,5M,0,3.48,0,12051040,652116,5449,262,35
1601327,"Isaiah Henderson",1601327,F,SIENA,DUKE,Siena,ACTIVE,-28.5,137.5,54.5,8,1.84,0.56,0.25,0.41,0.31,0.17,0.07,2.09,2.4,2.65,0.24,0.81,3.3,3.3,3.45,10M,0,7.14,0,12050970,658845,5396,263,35
1611018,"Paulo Semedo",1611018,C,ARK,HAW,Arkansas,ACTIVE,14.5,158.5,86.5,0,0,0,0,0,0,0,0,0,0,0,0,0,0,0,0,0,0,0,0,12051100,652351,5347,264,35
1460274,"Taison Chatman",1460274,G,OSU,TCU,"Ohio State",ACTIVE,2.5,145.5,74,12.5,3.84,1.29,0.9,0.72,0.73,0.34,0.08,4.74,5.13,6.03,0.42,2.19,7.27,7.27,7.64,14M,0.99,14.29,0,12050990,289018,5501,265,35
1595002,"Trey McKenney",1595002,G,MICH,HOW,Michigan,ACTIVE,30.5,151.5,91,23,10.75,2.7,0.84,1.85,1.12,0.61,0.07,11.59,13.45,14.29,0.68,3.54,16.14,16.14,17.09,24M,7.47,26.71,0,12065630,652098,8396,266,35
1597202,"Ruben Dominguez",1597202,G,TA&M,STMRY,"Texas A&M",ACTIVE,-2.5,148.5,73,20,5.95,2.23,1.23,1.39,0.49,0.28,0.06,7.18,8.18,9.41,0.34,3.46,11.02,11.02,11.72,22M,4.54,18.9,0,12051240,654394,5525,267,35
1462056,"Jack Janicki",1462056,G,WISC,HIGHP,Wisconsin,"O(Wrist - 03/19/2026)",10.5,161.5,86,0,0,0,0,0,0,0,0,0,0,0,0,0,0,0,0,0,0,0,0,12051170,289059,5596,268,35
1597235,"BJ Powell",1597235,G,HOW,MICH,Howard,ACTIVE,-30.5,151.5,60.5,0,0,0,0,0,0,0,0,0,0,0,0,0,0,0,0,0,0,0,0,12065630,655017,8396,269,35
1402821,"Jaden Schertz",1402821,G,STL,UGA,"Saint Louis",ACTIVE,-2.5,167.5,82.5,0,0,0,0,0,0,0,0,0,0,0,0,0,0,0,0,0,0,0,0,12051060,244922,5418,270,35
1542576,"Tajae Jones",1542576,F,SIENA,DUKE,Siena,ACTIVE,-28.5,137.5,54.5,0,0,0,0,0,0,0,0,0,0,0,0,0,0,0,0,0,0,0,0,12050970,504437,5396,271,35
1402832,"Vincent Brady",1402832,G,HIGHP,WISC,"High Point",ACTIVE,-10.5,161.5,75.5,3,0.8,0.38,0.29,0.1,0.13,0.14,0.02,1.09,1.18,1.47,0.16,0.67,2.03,2.03,2.01,5M,0,5.64,0,12051170,246716,5596,272,35
1476048,"Kaleb Glenn",1476048,F,MSU,NDSU,"Michigan State","O(Knee - 10/31/2025)",16.5,144.5,80.5,0,0,0,0,0,0,0,0,0,0,0,0,0,0,0,0,0,0,0,0,12051030,289237,5465,273,35
1324325,"Sam Hoiberg",1324325,G,NEB,TROY,Nebraska,ACTIVE,13.5,139.5,76.5,33,10.44,4.95,3.75,1.11,1.45,1.88,0.08,14.19,15.39,19.14,1.96,8.7,26.44,26.44,26.04,34M,15.34,36.74,0,12051220,179812,5485,274,35
1523623,"Ayden Kelley",1523623,G,ARK,HAW,Arkansas,ACTIVE,14.5,158.5,86.5,0,0,0,0,0,0,0,0,0,0,0,0,0,0,0,0,0,0,0,0,12051100,457515,5347,275,35
1415834,"Jared McGregor",1415834,G,BYU,TEX,"Brigham Young",ACTIVE,2.5,158.5,80.5,0,0,0,0,0,0,0,0,0,0,0,0,0,0,0,0,0,0,0,0,12066290,246061,5352,276,35
1522325,"Khani Rooths",1522325,F,UL,USF,Louisville,ACTIVE,3.5,160.5,82,9,2.81,2.42,0.5,0.24,0.53,0.28,0.25,3.31,5.23,5.73,0.53,2.92,7.53,7.53,7.51,10M,0,15.54,0,12051040,458179,5449,277,35
1405968,"Keba Keita",1405968,C,BYU,TEX,"Brigham Young",ACTIVE,2.5,158.5,80.5,27.3,6.89,7.59,0.32,0.01,0.97,1.1,1.81,7.21,14.48,14.8,2.91,7.91,24.24,24.24,22.33,28M,22.33,22.33,0,12066290,245388,5352,278,35
1482462,"Gytis Nemeik≈°a",1482462,G,HAW,ARK,HAW,ACTIVE,0,0,0,0,0,0,0,0,0,0,0,0,0,0,0,0,0,0,0,0,0,0,0,0,289590,0,279,35
1600668,"Peitok Machar",1600668,F,MCNE,VAND,"McNeese State",ACTIVE,-12.5,148.5,68,3,0.68,0.91,0.01,0,0.08,0.06,0.21,0.69,1.59,1.6,0.27,0.92,2.51,2.51,2.33,5M,0,5.96,0,12051190,652670,5577,280,35
1593683,"Will Hanke",1593683,G,UL,USF,Louisville,ACTIVE,3.5,160.5,82,0,0,0,0,0,0,0,0,0,0,0,0,0,0,0,0,0,0,0,0,12051040,654974,5449,281,35
1231541,"Markhi Strickland",1231541,G,NDSU,MSU,"North Dakota State",ACTIVE,-16.5,144.5,64,22,6.7,2.85,1.18,0.03,0.97,0.63,0.09,7.88,9.55,10.73,0.72,4.03,13.07,13.07,13,24M,5.68,20.32,0,12051030,149295,5465,282,35
1405418,"Milos Uzan",1405418,G,UH,ID,Houston,ACTIVE,24.5,137.5,81,32.5,11.2,2.71,3.6,2.1,1.46,0.99,0.22,14.8,13.91,17.51,1.21,6.31,22.01,22.01,22.73,34M,13.39,32.07,0,12051230,245048,87955,283,35
1601328,"Antonio Chandler",1601328,F,SIENA,DUKE,Siena,"O(Undisclosed - 03/01/2026)",-28.5,137.5,54.5,0,0,0,0,0,0,0,0,0,0,0,0,0,0,0,0,0,0,0,0,12050970,658829,5396,284,35
1461122,"Youssouf Singare",1461122,C,HIGHP,WISC,"High Point",ACTIVE,-10.5,161.5,75.5,9.5,1.38,2.68,0.19,0.03,0.57,0.33,0.25,1.57,4.06,4.25,0.58,2.87,6.06,6.06,5.91,10M,5.91,5.91,0,12051170,288921,5596,285,35
1552994,"Liutauras Lelevicius",1552994,G,TCU,OSU,TCU,ACTIVE,-2.5,145.5,71.5,25.5,8.42,3.62,0.67,1.53,0.63,0.33,0.12,9.09,12.04,12.71,0.45,4.29,14.53,14.53,15.34,26M,7.36,23.32,0,12050990,512160,5501,286,35
1541884,"Birgir Irving",1541884,F,HIGHP,WISC,"High Point",ACTIVE,-10.5,161.5,75.5,0,0,0,0,0,0,0,0,0,0,0,0,0,0,0,0,0,0,0,0,12051170,505231,5596,287,35
1595003,"Oscar Goodman",1595003,F,MICH,HOW,Michigan,ACTIVE,30.5,151.5,91,1,0.3,0.23,0.05,0.01,0.07,0.02,0.02,0.35,0.53,0.58,0.04,0.28,0.72,0.72,0.73,5M,0,1.87,0,12065630,652031,8396,288,35
1541895,"David Fonville",1541895,G,HIGHP,WISC,"High Point",ACTIVE,-10.5,161.5,75.5,0,0,0,0,0,0,0,0,0,0,0,0,0,0,0,0,0,0,0,0,12051170,505206,5596,289,35
1265289,"Babacar Diallo",1265289,F,HIGHP,WISC,"High Point",ACTIVE,-10.5,161.5,75.5,0,0,0,0,0,0,0,0,0,0,0,0,0,0,0,0,0,0,0,0,12051170,245609,5596,290,35
1597577,"Hayden Jones",1597577,G,WISC,HIGHP,Wisconsin,ACTIVE,10.5,161.5,86,8,2.12,1.12,0.45,0.14,0.73,0.28,0.11,2.57,3.24,3.69,0.39,1.57,4.57,4.57,4.68,10M,0,10.06,0,12051170,652328,5596,291,35
1462057,"Nolan Winter",1462057,F,WISC,HIGHP,Wisconsin,"Q(Leg - 03/15/2026)",10.5,161.5,86,18,7.59,5.14,0.78,0.58,0.66,0.28,0.64,8.37,12.73,13.51,0.92,5.92,17.01,17.01,16.99,20M,6.74,27.24,0,12051170,289114,5596,292,35
1597236,"River Smith",1597236,G,HOW,MICH,Howard,ACTIVE,-30.5,151.5,60.5,0,0,0,0,0,0,0,0,0,0,0,0,0,0,0,0,0,0,0,0,12065630,655027,8396,293,35
1542577,"Gavin Doty",1542577,G,SIENA,DUKE,Siena,ACTIVE,-28.5,137.5,54.5,39,15.78,6.99,2,1.41,1.21,1.34,0.06,17.78,22.77,24.77,1.4,8.99,30.14,30.14,30.61,40M,19.31,41.91,0,12050970,504427,5396,294,35
1535812,"L.J. Cason",1535812,G,MICH,HOW,Michigan,"O(ACL - 02/28/2026)",30.5,151.5,91,0,0,0,0,0,0,0,0,0,0,0,0,0,0,0,0,0,0,0,0,12065630,505048,8396,295,35
1523624,"Billy Richmond",1523624,F,ARK,HAW,Arkansas,ACTIVE,14.5,158.5,86.5,37,14.43,5.96,2.33,0.48,1.81,1.61,1.27,16.76,20.39,22.72,2.88,8.29,31.88,31.88,30.55,40M,19.4,41.7,0,12051100,457569,5347,296,35
1326878,"Isaac Johnson",1326878,C,HAW,ARK,Hawaii,ACTIVE,-14.5,158.5,72,22,13.54,5.46,1.22,1.17,1.84,0.53,0.89,14.76,19,20.22,1.42,6.68,24.34,24.34,24.75,24M,24.75,24.75,0,12051100,179894,5347,297,35
1459978,"RJ Johnson",1459978,G,KENNS,GONZ,"Kennesaw State",ACTIVE,-20.5,152.5,66,36,14.41,3.84,5.13,1.69,3,1.38,0.29,19.54,18.25,23.38,1.67,8.97,28.72,28.72,29.63,40M,18.69,40.57,0,12051050,289254,5422,298,35
1415824,"Tanner Toolson",1415824,G,TCU,OSU,TCU,ACTIVE,-2.5,145.5,71.5,23,7.75,3.51,1.15,0.83,0.46,0.77,0.22,8.9,11.26,12.41,0.99,4.66,16.2,16.2,16.03,24M,7.01,25.05,0,12050990,246087,5501,299,35
1536978,"Alex Massung",1536978,G,PENN,IL,Pennsylvania,ACTIVE,-25.5,151.5,63,0,0,0,0,0,0,0,0,0,0,0,0,0,0,0,0,0,0,0,0,12051180,459303,5430,300,35
1593980,"Jake Wilkins",1593980,F,UGA,STL,Georgia,ACTIVE,2.5,167.5,85,4.5,1.7,0.82,0.15,0.15,0.25,0.24,0.11,1.85,2.52,2.67,0.35,0.97,3.7,3.7,3.59,5M,0,9.18,0,12051060,652195,5418,301,35
1404979,"Jamarques Lawrence",1404979,G,NEB,TROY,Nebraska,ACTIVE,13.5,139.5,76.5,32,9.89,2.75,4.01,1.45,2.53,1.03,0.08,13.9,12.64,16.65,1.11,6.76,20,20,21.02,34M,12.38,29.66,0,12051220,244800,5485,302,35
1243730,"Puff Johnson",1243730,G,OSU,TCU,"Ohio State",ACTIVE,2.5,145.5,74,1,0.22,0.11,0.04,0.03,0.06,0.02,0,0.26,0.33,0.37,0.02,0.15,0.42,0.42,0.45,5M,0,1.26,0,12050990,148968,5501,303,35
1405628,"Kendall Blue",1405628,G,NEB,TROY,Nebraska,ACTIVE,13.5,139.5,76.5,0,0,0,0,0,0,0,0,0,0,0,0,0,0,0,0,0,0,0,0,12051220,245358,5485,304,35
1482001,"Jaden Harris",1482001,G,KENNS,GONZ,"Kennesaw State",ACTIVE,-20.5,152.5,66,25,7.35,1.99,0.99,2.06,1.36,0.67,0.12,8.34,9.34,10.33,0.79,2.98,12.23,12.23,13.25,26M,6.36,20.14,0,12051050,291221,5422,305,35
1175057,"Steele Venters",1175057,G,GONZ,KENNS,Gonzaga,ACTIVE,20.5,152.5,86.5,0,0,0,0,0,0,0,0,0,0,0,0,0,0,0,0,0,0,0,0,12051050,89262,5422,306,35
1601329,"Christian Jones",1601329,G,SIENA,DUKE,Siena,ACTIVE,-28.5,137.5,54.5,12,1.91,0.6,0.65,0.47,0.62,0.51,0.01,2.56,2.51,3.16,0.52,1.25,4.54,4.54,4.6,14M,0.59,8.61,0,12050970,658848,5396,307,35
1482045,"Biko Johnson",1482045,G,ID,UH,Idaho,ACTIVE,-24.5,137.5,56.5,27,8.63,3.49,1.89,1.08,1.89,0.62,0.01,10.52,12.12,14.01,0.63,5.38,15.68,15.68,16.71,28M,8.46,24.96,0,12051230,290161,87955,308,35
1462212,"Zayden High",1462212,F,UNC,VCU,"North Carolina",ACTIVE,2.5,150.5,76.5,14.5,5.59,4.49,0.6,0.18,1.18,0.62,0.38,6.19,10.08,10.68,1,5.09,13.69,13.69,13.6,16M,3.56,23.64,0,12051210,288817,5491,309,35
1460276,"Devin Royal",1460276,F,OSU,TCU,"Ohio State",ACTIVE,2.5,145.5,74,32,12.06,5.94,1.88,0.87,1.97,0.6,0.25,13.94,18,19.88,0.85,7.82,22.61,22.61,23.55,34M,14.17,32.93,0,12050990,289093,5501,310,35
1232444,"J'Vonne Hadley",1232444,G,UL,USF,Louisville,ACTIVE,3.5,160.5,82,33.5,16.33,6.1,1.9,1.65,1.03,1.35,0.38,18.23,22.43,24.33,1.73,8,30.65,30.65,30.67,34M,18.07,43.27,0,12051040,149164,5449,311,35
1420973,"Kameryn Mitchell",1420973,G,TROY,NEB,Troy,ACTIVE,-13.5,139.5,63,0,0,0,0,0,0,0,0,0,0,0,0,0,0,0,0,0,0,0,0,12051220,251067,5485,312,35
1432611,"AJ Redd",1432611,G,IL,PENN,Illinois,ACTIVE,25.5,151.5,88.5,0,0,0,0,0,0,0,0,0,0,0,0,0,0,0,0,0,0,0,0,12051180,255641,5430,313,35
1541885,"Braden Hausen",1541885,F,HIGHP,WISC,"High Point",ACTIVE,-10.5,161.5,75.5,23,5.86,3.68,1.13,1.36,0.68,0.83,0.2,6.99,9.54,10.67,1.03,4.81,14.38,14.38,14.56,24M,7.09,22.03,0,12051170,505216,5596,314,35
1236723,"Nick Pringle",1236723,F,ARK,HAW,Arkansas,ACTIVE,14.5,158.5,86.5,0,0,0,0,0,0,0,0,0,0,0,0,0,0,0,0,0,0,0,0,12051100,148884,5347,315,35
1432655,"London Johnson",1432655,G,UL,USF,Louisville,ACTIVE,3.5,160.5,82,0,0,0,0,0,0,0,0,0,0,0,0,0,0,0,0,0,0,0,0,12051040,679282,5449,316,35
1464115,"Augustus Gerhart",1464115,F,PENN,IL,Pennsylvania,ACTIVE,-25.5,151.5,63,18,4.22,3.51,1.12,0.02,0.68,0.17,0.62,5.34,7.73,8.85,0.79,4.63,11.81,11.81,11.54,20M,4.58,18.5,0,12051180,289235,5430,317,35
1551136,"Will Cooper",1551136,F,NEB,TROY,Nebraska,ACTIVE,13.5,139.5,76.5,0,0,0,0,0,0,0,0,0,0,0,0,0,0,0,0,0,0,0,0,12051220,509796,5485,318,35
1434734,"Cedric Lath",1434734,C,UH,ID,Houston,ACTIVE,24.5,137.5,81,1.75,0.45,0.38,0.04,0.01,0.08,0.02,0.08,0.49,0.83,0.87,0.1,0.42,1.18,1.18,1.15,5M,1.15,1.15,0,12051230,256840,87955,319,35
1458714,"Quentin Jones",1458714,G,STL,UGA,"Saint Louis",ACTIVE,-2.5,167.5,82.5,27,7.83,3.9,2.61,0.95,1.82,0.86,0.86,10.44,11.73,14.34,1.72,6.51,19.75,19.75,19.62,28M,9.94,29.3,0,12051060,289901,5418,320,35
1589779,"Blake Fagbemi",1589779,G,IL,PENN,Illinois,ACTIVE,25.5,151.5,88.5,0,0,0,0,0,0,0,0,0,0,0,0,0,0,0,0,0,0,0,0,12051180,652021,5430,321,35
1535813,"Howard Eisley",1535813,G,MICH,HOW,Michigan,ACTIVE,30.5,151.5,91,1,0.37,0.1,0.06,0.06,0.08,0.05,0.01,0.43,0.47,0.53,0.06,0.16,0.68,0.68,0.7,5M,0,1.96,0,12065630,505050,8396,322,35
1459704,"Gabe Cupps",1459704,G,OSU,TCU,"Ohio State",ACTIVE,2.5,145.5,74,6,0.76,0.53,0.55,0.12,0.43,0.12,0.01,1.31,1.29,1.84,0.13,1.08,2.17,2.17,2.35,10M,0,5.05,0,12050990,289024,5501,323,35
1415913,"Nate Pickens",1415913,G,BYU,TEX,"Brigham Young","O(Undisclosed - 12/05/2025)",2.5,158.5,80.5,0,0,0,0,0,0,0,0,0,0,0,0,0,0,0,0,0,0,0,0,12066290,246539,5352,324,35
1326857,"Jerrell Colbert",1326857,C,MCNE,VAND,"McNeese State",ACTIVE,-12.5,148.5,68,20,5,5.01,0.53,0.01,0.99,0.7,1.61,5.53,10.01,10.54,2.31,5.54,17.72,17.72,16.19,22M,16.19,16.19,0,12051190,179711,5577,325,35
1523625,"Karter Knox",1523625,F,ARK,HAW,Arkansas,"O(Undisclosed - 02/20/2026)",14.5,158.5,86.5,0,0,0,0,0,0,0,0,0,0,0,0,0,0,0,0,0,0,0,0,12051100,457518,5347,326,35
1402768,"Ty Rodgers",1402768,G,IL,PENN,Illinois,"O(Knee - 12/06/2025)",25.5,151.5,88.5,0,0,0,0,0,0,0,0,0,0,0,0,0,0,0,0,0,0,0,0,12051180,244562,5430,327,35
1590582,"Quentin Rhymes",1590582,G,NEB,TROY,Nebraska,ACTIVE,13.5,139.5,76.5,0,0,0,0,0,0,0,0,0,0,0,0,0,0,0,0,0,0,0,0,12051220,652140,5485,328,35
1536979,"Dylan Williams",1536979,G,PENN,IL,Pennsylvania,"O(Undisclosed - 01/09/2026)",-25.5,151.5,63,0,0,0,0,0,0,0,0,0,0,0,0,0,0,0,0,0,0,0,0,12051180,459408,5430,329,35
1593981,"Jackson McVey",1593981,C,UGA,STL,Georgia,ACTIVE,2.5,167.5,85,0,0,0,0,0,0,0,0,0,0,0,0,0,0,0,0,0,0,0,0,12051060,652099,5418,330,35
1405959,"Dion Brown",1405959,G,STL,UGA,"Saint Louis",ACTIVE,-2.5,167.5,82.5,24,10.8,5.32,1.1,0.81,2.05,0.79,0.28,11.9,16.12,17.22,1.07,6.42,19.99,19.99,20.66,26M,9.91,31.41,0,12051060,246029,5418,331,35
1405618,"Ryan Conwell",1405618,G,UL,USF,Louisville,ACTIVE,3.5,160.5,82,35,21.05,5.35,2.84,3.36,3.08,1.23,0.23,23.89,26.4,29.24,1.46,8.19,33.04,33.04,35.12,36M,21.29,48.95,0,12051040,245131,5449,332,35
1405629,"Andrew Rohde",1405629,G,WISC,HIGHP,Wisconsin,ACTIVE,10.5,161.5,86,27,5.63,2.42,2.67,1.12,1.66,1.26,0.2,8.3,8.05,10.72,1.46,5.09,15.26,15.26,15.31,28M,7.76,22.86,0,12051170,245413,5596,333,35
1593685,"Vangelis Zougris",1593685,F,UL,USF,Louisville,ACTIVE,3.5,160.5,82,12,3.65,3.16,0.78,0.08,1.34,0.31,0.29,4.43,6.81,7.59,0.6,3.94,9.07,9.07,9.34,14M,1.7,16.98,0,12051040,655048,5449,334,35
1376996,"Tomislav Ivisic",1376996,C,IL,PENN,Illinois,ACTIVE,25.5,151.5,88.5,24,9.63,5.73,1.64,1.31,1.41,0.32,0.48,11.27,15.36,17,0.8,7.37,19.97,19.97,20.86,26M,20.86,20.86,0,12051180,455377,5430,335,35
1461102,"Victor Valdes",1461102,F,TROY,NEB,Troy,ACTIVE,-13.5,139.5,63,28,11.24,4.42,4.33,0.59,3.46,0.97,0.31,15.57,15.66,19.99,1.28,8.75,23.41,23.41,24.41,30M,13.69,35.13,0,12051220,289801,5485,336,35
1461344,"Jordann Dumont",1461344,F,VCU,UNC,"Virginia Commonwealth",ACTIVE,-2.5,150.5,74,0,0,0,0,0,0,0,0,0,0,0,0,0,0,0,0,0,0,0,0,12051210,288780,5491,337,35
1482277,"Jerrell Bellamy",1482277,F,TROY,NEB,Troy,ACTIVE,-13.5,139.5,63,20,8.57,3.72,0.57,0.28,1.1,0.52,0.78,9.14,12.29,12.86,1.3,4.29,16.69,16.69,16.27,22M,6.75,25.79,0,12051220,289671,5485,338,35
1598811,"Trevian Carson",1598811,G,NDSU,MSU,"North Dakota State",ACTIVE,-16.5,144.5,64,28,8.16,4.79,2.42,0.88,1.46,1.16,0.58,10.58,12.95,15.37,1.74,7.21,21.3,21.3,20.99,30M,11.41,30.57,0,12051030,651992,5465,339,35
1461355,"Jaydon Young",1461355,G,UNC,VCU,"North Carolina",ACTIVE,2.5,150.5,76.5,9,1.87,1.33,0.51,0.38,0.24,0.25,0.09,2.38,3.2,3.71,0.34,1.84,5.01,5.01,5.05,10M,0,10.86,0,12051210,281818,5491,340,35
1462213,"Elliot Cadeau",1462213,G,MICH,HOW,Michigan,ACTIVE,30.5,151.5,91,30.5,12.75,2.44,5.86,1.85,3.16,0.84,0.24,18.61,15.19,21.05,1.08,8.3,24.57,24.57,26.19,32M,14.67,37.71,0,12065630,288753,8396,341,35
1231587,"Brandon Noel",1231587,F,OSU,TCU,"Ohio State",ACTIVE,2.5,145.5,74,12,4.08,2.32,0.56,0.17,0.92,0.24,0.21,4.64,6.4,6.96,0.45,2.88,8.14,8.14,8.35,14M,1.52,15.18,0,12050990,149422,5501,342,35
1231488,"Cameron Sheffield",1231488,G,DUKE,SIENA,Duke,ACTIVE,28.5,137.5,83,3,0.96,0.39,0.17,0.15,0.15,0.07,0.03,1.13,1.35,1.52,0.1,0.56,1.82,1.82,1.89,5M,0,5.3,0,12050970,149471,5396,343,35
1460189,"Jazz Gardner",1460189,C,STMRY,TA&M,"Saint Mary's (CA)",ACTIVE,2.5,148.5,75.5,0,0,0,0,0,0,0,0,0,0,0,0,0,0,0,0,0,0,0,0,12051240,288793,5525,344,35
1595005,"Winters Grady",1595005,G,MICH,HOW,Michigan,"O(Undisclosed - 03/13/2026)",30.5,151.5,91,0,0,0,0,0,0,0,0,0,0,0,0,0,0,0,0,0,0,0,0,12065630,652032,8396,345,35
1541897,"Mavrick Miller",1541897,G,HIGHP,WISC,"High Point",ACTIVE,-10.5,161.5,75.5,0,0,0,0,0,0,0,0,0,0,0,0,0,0,0,0,0,0,0,0,12051170,505264,5596,346,35
1488657,"Tasman Goodrick",1488657,F,SIENA,DUKE,Siena,"O(Knee - 02/07/2026)",-28.5,137.5,54.5,0,0,0,0,0,0,0,0,0,0,0,0,0,0,0,0,0,0,0,0,12050970,291738,5396,347,35
1597205,"Jeremiah Green",1597205,G,TA&M,STMRY,"Texas A&M",ACTIVE,-2.5,148.5,73,0,0,0,0,0,0,0,0,0,0,0,0,0,0,0,0,0,0,0,0,12051240,654404,5525,348,35
1541798,"Cobi Campbell",1541798,G,TROY,NEB,Troy,ACTIVE,-13.5,139.5,63,27,6.29,2.4,1.56,1.86,1.1,0.9,0.01,7.85,8.69,10.25,0.91,3.96,13.14,13.14,13.83,28M,7.01,20.65,0,12051220,460392,5485,349,35
1478999,"Alex Cotton",1478999,G,HOW,MICH,Howard,ACTIVE,-30.5,151.5,60.5,33,7.43,4.32,1.34,2.11,0.95,1.13,0.42,8.77,11.75,13.09,1.55,5.66,18.33,18.33,18.53,34M,10.92,26.14,0,12065630,290344,8396,350,35
1542656,"Isaiah Brown",1542656,G,HOW,MICH,Florida,ACTIVE,35.5,155.5,95.5,15.5,0,0,0,0,0,0,0,0,0,0,0,0,0,0,0,16M,0,0,0,12070420,459179,5407,351,35
1551049,"Erik Villarreal",1551049,G,MCNE,VAND,"McNeese State",ACTIVE,-12.5,148.5,68,0,0,0,0,0,0,0,0,0,0,0,0,0,0,0,0,0,0,0,0,12051190,505531,5577,352,35
1402824,"Robbie Avila",1402824,C,STL,UGA,"Saint Louis",ACTIVE,-2.5,167.5,82.5,30,14.27,5.67,4.26,2.01,2.08,0.83,0.69,18.53,19.94,24.2,1.52,9.93,29.97,29.97,30.85,32M,30.85,30.85,0,12051060,244864,5418,353,35
1530259,"Tyler Tanner",1530259,G,VAND,MCNE,Vanderbilt,ACTIVE,12.5,148.5,80.5,36.5,19.69,4.09,4.58,1.64,2.7,1.93,0.15,24.27,23.78,28.36,2.08,8.67,35.03,35.03,35.35,40M,22.3,48.4,0,12051190,458213,5577,354,35
1459859,"Pryce Sandfort",1459859,F,NEB,TROY,Nebraska,ACTIVE,13.5,139.5,76.5,37,20.17,5.09,1.66,3.79,0.81,0.79,0.44,21.83,25.26,26.92,1.23,6.75,31.65,31.65,33.03,40M,20.97,45.09,0,12051220,289096,5485,355,35
1415826,"Richie Saunders",1415826,G,BYU,TEX,"Brigham Young","O(ACL - 02/17/2026)",2.5,158.5,80.5,0,0,0,0,0,0,0,0,0,0,0,0,0,0,0,0,0,0,0,0,12066290,246078,5352,356,35
1593960,"Isiah Harwell",1593960,G,UH,ID,Houston,ACTIVE,24.5,137.5,81,2,0.55,0.31,0.08,0.11,0.07,0.06,0.04,0.63,0.86,0.94,0.1,0.39,1.26,1.26,1.26,5M,0,3.53,0,12051230,652319,87955,357,35
1591672,"Jordan Tillery",1591672,G,VCU,UNC,"Virginia Commonwealth",ACTIVE,-2.5,150.5,74,0,0,0,0,0,0,0,0,0,0,0,0,0,0,0,0,0,0,0,0,12051210,655292,5491,358,35
1590583,"Leo Curtis",1590583,F,NEB,TROY,Nebraska,ACTIVE,13.5,139.5,76.5,0,0,0,0,0,0,0,0,0,0,0,0,0,0,0,0,0,0,0,0,12051220,651999,5485,359,35
1594841,"Darius Washington",1594841,G,KENNS,GONZ,"Kennesaw State",ACTIVE,-20.5,152.5,66,0,0,0,0,0,0,0,0,0,0,0,0,0,0,0,0,0,0,0,0,12051050,657261,5422,360,35
1591332,"Mantas Juzenas",1591332,G,STMRY,TA&M,"Saint Mary's (CA)",ACTIVE,2.5,148.5,75.5,4,1.51,0.84,0.2,0.32,0.24,0.11,0.01,1.71,2.35,2.55,0.12,1.04,2.92,2.92,3.13,5M,0,8.78,0,12051240,655925,5525,361,35
1480397,"Jarin Stevenson",1480397,F,UNC,VCU,"North Carolina",ACTIVE,2.5,150.5,76.5,32,10.55,6.38,1.04,1.03,1.09,0.66,1.04,11.59,16.93,17.97,1.7,7.42,23.76,23.76,23.54,34M,14.17,32.91,0,12051210,289102,5491,362,35
1461411,"Trey Green",1461411,G,STL,UGA,"Saint Louis",ACTIVE,-2.5,167.5,82.5,24.5,10.62,2.72,1.42,2.71,0.71,1.01,0.01,12.04,13.34,14.76,1.02,4.14,18.37,18.37,19.19,26M,9.21,29.17,0,12051060,289560,5418,363,35
1245932,"Cam'Ron Fletcher",1245932,F,HIGHP,WISC,"High Point",ACTIVE,-10.5,161.5,75.5,16,6.91,5.75,0.79,0.74,0.84,0.71,0.5,7.7,12.66,13.45,1.21,6.54,17.78,17.78,17.69,18M,6.03,29.35,0,12051170,148765,5596,364,35
1593444,"Wes Enis",1593444,G,USF,UL,"South Florida",ACTIVE,-3.5,160.5,78.5,36.5,17.89,4.36,2.8,3.33,2.04,1.17,0.09,20.69,22.25,25.05,1.26,7.16,29.08,29.08,30.73,40M,19.39,42.07,0,12051040,652018,5449,365,35
1342743,"Cole Bott",1342743,F,TEX,BYU,Texas,ACTIVE,-2.5,158.5,78,0,0,0,0,0,0,0,0,0,0,0,0,0,0,0,0,0,0,0,0,12066290,180081,5352,366,35
1231423,"Hunter Erickson",1231423,G,HAW,ARK,Hawaii,ACTIVE,-14.5,158.5,72,32,7.58,4.44,4.83,1.16,2.66,0.92,0.39,12.41,12.02,16.85,1.31,9.27,21.44,21.44,22.28,34M,13.12,31.44,0,12051100,150034,5347,367,35
1594786,"Badara Diakite",1594786,F,STL,UGA,"Saint Louis",ACTIVE,-2.5,167.5,82.5,0,0,0,0,0,0,0,0,0,0,0,0,0,0,0,0,0,0,0,0,12051060,655218,5418,368,35
1598812,"Riley Massey",1598812,G,NDSU,MSU,"North Dakota State",ACTIVE,-16.5,144.5,64,3,0.28,0.51,0.18,0.03,0.07,0.14,0,0.46,0.79,0.97,0.14,0.69,1.54,1.54,1.47,5M,0,4.12,0,12051030,652091,5465,369,35
1482289,"Kalifa Sakho",1482289,F,UH,ID,Houston,ACTIVE,24.5,137.5,81,14,3.36,2.66,0.1,0.02,0.56,0.2,0.75,3.46,6.02,6.12,0.95,2.76,9.01,9.01,8.48,16M,2.22,14.74,0,12051230,288909,87955,370,35
1232314,"Duke Miles",1232314,G,VAND,MCNE,Vanderbilt,ACTIVE,12.5,148.5,80.5,33.5,17.17,4.04,4.21,2.07,2.98,2.38,0.24,21.38,21.21,25.42,2.62,8.25,33.21,33.21,33.34,34M,19.64,47.04,0,12051190,149749,5577,371,35
1193990,"Rienk Mast",1193990,F,NEB,TROY,Nebraska,ACTIVE,13.5,139.5,76.5,30,13.16,5.37,2.32,1.34,1.76,0.38,0.31,15.48,18.53,20.85,0.69,7.69,23.4,23.4,24.57,32M,14.53,34.61,0,12051220,92888,5485,372,35
1232336,"Nick Boyd",1232336,G,WISC,HIGHP,Wisconsin,ACTIVE,10.5,161.5,86,35,22.48,4.66,4.63,1.94,2.5,1.18,0.02,27.11,27.14,31.77,1.2,9.29,36.11,36.11,37.43,36M,22.69,52.17,0,12051170,149392,5596,373,35
1231148,"Dawson Baker",1231148,G,BYU,TEX,"Brigham Young","O(Knee - 12/03/2025)",2.5,158.5,80.5,0,0,0,0,0,0,0,0,0,0,0,0,0,0,0,0,0,0,0,0,12066290,149636,5352,374,35
1595006,"Malick Kordel",1595006,C,MICH,HOW,Michigan,ACTIVE,30.5,151.5,91,1,0.36,0.31,0.03,0.01,0.07,0.02,0.05,0.39,0.67,0.7,0.07,0.34,0.92,0.92,0.91,5M,0.91,0.91,0,12065630,652073,8396,375,35
1487679,"Zvonimir Ivisic",1487679,F,IL,PENN,Illinois,ACTIVE,25.5,151.5,88.5,17.5,6.77,4.51,0.21,0.64,0.67,0.26,1.57,6.98,11.28,11.49,1.83,4.72,17.32,17.32,16.38,18M,5.58,27.18,0,12051180,288824,5430,376,35
1541898,"Ivan Matlekovic",1541898,F,UNC,VCU,"North Carolina",ACTIVE,2.5,150.5,76.5,0,0,0,0,0,0,0,0,0,0,0,0,0,0,0,0,0,0,0,0,12051210,505254,5491,377,35
1522912,"Larry Johnson",1522912,G,MCNE,VAND,"McNeese State",ACTIVE,-12.5,148.5,68,32,17.16,7.62,1.6,0.91,1.78,1.48,0.01,18.76,24.78,26.38,1.49,9.22,31.41,31.41,31.94,34M,18.82,45.06,0,12051190,457506,5577,378,35
1464117,"Niklas Polonowski",1464117,F,PENN,IL,Pennsylvania,ACTIVE,-25.5,151.5,63,4,0.94,0.51,0.2,0.15,0.12,0.06,0.06,1.14,1.45,1.65,0.12,0.71,2.09,2.09,2.13,5M,0,5.45,0,12051180,289302,5430,379,35
1597239,"Emmanuel Clarton",1597239,G,TROY,NEB,Troy,ACTIVE,-13.5,139.5,63,0,0,0,0,0,0,0,0,0,0,0,0,0,0,0,0,0,0,0,0,12051220,655911,5485,380,35
1459706,"Mackenzie Mgbako",1459706,F,TA&M,STMRY,"Texas A&M","O(Foot - 12/29/2025)",-2.5,148.5,73,0,0,0,0,0,0,0,0,0,0,0,0,0,0,0,0,0,0,0,0,12051240,289073,5525,381,35
1610978,"Jay Jones",1610978,G,PENN,IL,Pennsylvania,ACTIVE,-25.5,151.5,63,19,4.62,3.77,1.71,0.26,0.94,0.46,0.07,6.33,8.39,10.1,0.53,5.48,12.35,12.35,12.62,20M,4.33,20.91,0,12051180,654410,5430,382,35
1402858,"Xavier Brown",1402858,G,USF,UL,"South Florida","O(Undisclosed - 02/04/2026)",-3.5,160.5,78.5,0,0,0,0,0,0,0,0,0,0,0,0,0,0,0,0,0,0,0,0,12051040,245366,5449,383,35
1610626,"Lucas-Allan Lueth",1610626,F,PENN,IL,Pennsylvania,ACTIVE,-25.5,151.5,63,23,4.81,4.24,0.81,0.38,0.61,0.46,0.91,5.62,9.05,9.86,1.37,5.05,14.62,14.62,13.96,24M,6.8,21.12,0,12051180,654419,5430,384,35
1591651,"Jayden Leverett",1591651,C,VAND,MCNE,Vanderbilt,ACTIVE,12.5,148.5,80.5,4,1.21,1.13,0.07,0.05,0.19,0.1,0.15,1.28,2.34,2.41,0.25,1.2,3.24,3.24,3.16,5M,3.16,3.16,0,12051190,652077,5577,385,35
1403617,"Emanuel Sharp",1403617,G,UH,ID,Houston,ACTIVE,24.5,137.5,81,29,14.91,2.9,1.49,2.57,1.17,1.25,0.02,16.4,17.81,19.3,1.27,4.39,23.28,23.28,24.02,30M,13.06,34.98,0,12051230,245144,87955,386,35
1593961,"Bryce Jackson",1593961,G,UH,ID,Houston,"O(Redshirt - 01/06/2026)",24.5,137.5,81,0,0,0,0,0,0,0,0,0,0,0,0,0,0,0,0,0,0,0,0,12051230,652323,87955,387,35
1590584,"Amare Bynum",1590584,F,OSU,TCU,"Ohio State",ACTIVE,2.5,145.5,74,33.5,10.09,5.78,1.25,1.13,1.4,0.8,0.78,11.34,15.87,17.12,1.58,7.03,22.26,22.26,22.28,34M,13.41,31.15,0,12050990,651988,5501,388,35
1522329,"Divine Ugochukwu",1522329,G,MSU,NDSU,"Michigan State","O(Foot - 02/06/2026)",16.5,144.5,80.5,0,0,0,0,0,0,0,0,0,0,0,0,0,0,0,0,0,0,0,0,12051030,458226,5465,389,35
1591333,"Dillan Shaw",1591333,G,STMRY,TA&M,"Saint Mary's (CA)",ACTIVE,2.5,148.5,75.5,32,7.29,5.81,1.79,1.54,1.31,0.8,0.62,9.08,13.1,14.89,1.42,7.6,19.89,19.89,20.23,34M,11.92,28.54,0,12051240,655943,5525,390,35
1595843,"Jackson Rasmussen",1595843,F,ID,UH,Idaho,ACTIVE,-24.5,137.5,56.5,31,9.26,4.68,1.09,0.84,1.98,0.57,0.3,10.35,13.94,15.03,0.87,5.77,17.14,17.14,17.94,32M,10.61,25.27,0,12051230,652701,87955,391,35
1595854,"William Jenson",1595854,F,ID,UH,Idaho,ACTIVE,-24.5,137.5,56.5,0,0,0,0,0,0,0,0,0,0,0,0,0,0,0,0,0,0,0,0,12051230,652655,87955,392,35
1591014,"Meleek Thomas",1591014,G,ARK,HAW,Arkansas,ACTIVE,14.5,158.5,86.5,33,14.91,4.51,2.11,2.21,1.26,1.41,0.25,17.02,19.42,21.53,1.66,6.62,27.2,27.2,27.52,34M,16.21,38.83,0,12051100,622620,5347,393,35
1461324,"Michael Belle",1461324,F,VCU,UNC,"Virginia Commonwealth",ACTIVE,-2.5,150.5,74,26,7.84,6.41,1.01,0.62,1.05,0.89,0.75,8.85,14.25,15.26,1.64,7.42,20.91,20.91,20.5,28M,10.91,30.09,0,12051210,289185,5491,394,35
1594787,"Luke Laczkowski",1594787,G,STL,UGA,"Saint Louis",ACTIVE,-2.5,167.5,82.5,0,0,0,0,0,0,0,0,0,0,0,0,0,0,0,0,0,0,0,0,12051060,655254,5418,395,35
1593346,"Kayden Edwards",1593346,G,TCU,OSU,TCU,ACTIVE,-2.5,145.5,71.5,0,0,0,0,0,0,0,0,0,0,0,0,0,0,0,0,0,0,0,0,12050990,652310,5501,396,35
1460279,"Jacolb Cole",1460279,F,MCNE,VAND,"McNeese State",ACTIVE,-12.5,148.5,68,14,3.28,3.31,0.54,0.03,0.68,0.65,0.29,3.82,6.59,7.13,0.94,3.85,10.2,10.2,9.78,16M,2.56,17,0,12051190,281775,5577,397,35
1461148,"Jace Posey",1461148,F,TCU,OSU,TCU,ACTIVE,-2.5,145.5,71.5,0,0,0,0,0,0,0,0,0,0,0,0,0,0,0,0,0,0,0,0,12050990,282639,5501,398,35
1531955,"Jack Robison",1531955,F,WISC,HIGHP,Wisconsin,ACTIVE,10.5,161.5,86,0,0,0,0,0,0,0,0,0,0,0,0,0,0,0,0,0,0,0,0,12051170,457577,5596,399,35
1597229,"Jeremiah Johnson",1597229,G,HOW,MICH,Howard,ACTIVE,-30.5,151.5,60.5,0,0,0,0,0,0,0,0,0,0,0,0,0,0,0,0,0,0,0,0,12065630,654983,8396,400,35
1402815,"Rob Martin",1402815,G,HIGHP,WISC,"High Point",ACTIVE,-10.5,161.5,75.5,31,15.08,2.13,3.97,1.18,1.76,1.42,0.08,19.05,17.21,21.18,1.5,6.1,26.34,26.34,26.42,32M,14.79,38.05,0,12051170,244901,5596,401,35
1520669,"Jason Jakstys",1520669,F,IL,PENN,Illinois,"O(Undisclosed - 02/01/2026)",25.5,151.5,88.5,0,0,0,0,0,0,0,0,0,0,0,0,0,0,0,0,0,0,0,0,12051180,455378,5430,402,35
1533748,"Vianney Salatchoum",1533748,C,TCU,OSU,TCU,ACTIVE,-2.5,145.5,71.5,1,0.26,0.17,0.02,0.01,0.06,0.02,0.07,0.28,0.43,0.45,0.09,0.19,0.71,0.71,0.66,5M,0.66,0.66,0,12050990,458182,5501,403,35
1403937,"Isaiah Brickner",1403937,G,ID,UH,Idaho,ACTIVE,-24.5,137.5,56.5,23.5,9.82,4.38,0.91,0.93,1.34,0.62,0.11,10.73,14.2,15.11,0.73,5.29,17.32,17.32,17.95,24M,7.85,28.05,0,12051230,246616,87955,404,35
1610979,"Ryan Altman",1610979,G,PENN,IL,Pennsylvania,"O(Undisclosed - 01/30/2026)",-25.5,151.5,63,0,0,0,0,0,0,0,0,0,0,0,0,0,0,0,0,0,0,0,0,12051180,654380,5430,405,35
1459619,"Kolton Mitchell",1459619,G,ID,UH,Idaho,ACTIVE,-24.5,137.5,56.5,32,9.55,3.25,3.21,1.66,2.01,0.96,0.06,12.76,12.8,16.01,1.02,6.46,19.32,19.32,20.3,34M,11.96,28.64,0,12051230,288866,87955,406,35
1590585,"Myles Herro",1590585,G,OSU,TCU,"Ohio State",ACTIVE,2.5,145.5,74,0,0,0,0,0,0,0,0,0,0,0,0,0,0,0,0,0,0,0,0,12050990,652045,5501,407,35
1593984,"Cayden Boozer",1593984,G,DUKE,SIENA,Duke,ACTIVE,28.5,137.5,83,32,11.35,3.05,3.49,0.65,1.83,0.82,0.14,14.84,14.4,17.89,0.96,6.54,21.3,21.3,21.74,34M,12.81,30.67,0,12050970,654385,5396,408,35
1594843,"Kaden Rickard",1594843,G,KENNS,GONZ,"Kennesaw State",ACTIVE,-20.5,152.5,66,23.5,5.31,3.01,2.14,0.62,2,0.66,0.39,7.45,8.32,10.46,1.05,5.15,13.27,13.27,13.68,24M,5.98,21.38,0,12051050,657250,5422,409,35
1591334,"Trent MacLean",1591334,F,STMRY,TA&M,"Saint Mary's (CA)",ACTIVE,2.5,148.5,75.5,0,0,0,0,0,0,0,0,0,0,0,0,0,0,0,0,0,0,0,0,12051240,655930,5525,410,35
1461413,"Dailyn Swain",1461413,F,TEX,BYU,Texas,ACTIVE,-2.5,158.5,78,38,18.7,9.44,4.14,1.33,3.11,1.97,0.4,22.84,28.14,32.28,2.37,13.58,40.26,40.26,41.23,40M,26.18,56.28,0,12066290,289621,5352,411,35
1591015,"Amere Brown",1591015,G,ARK,HAW,Arkansas,ACTIVE,14.5,158.5,86.5,0,0,0,0,0,0,0,0,0,0,0,0,0,0,0,0,0,0,0,0,12051100,622617,5347,412,35
1593677,"Mouhamed Camara",1593677,F,UL,USF,Louisville,ACTIVE,3.5,160.5,82,0,0,0,0,0,0,0,0,0,0,0,0,0,0,0,0,0,0,0,0,12051040,654953,5449,413,35
1594788,"Jax Kerr",1594788,F,STL,UGA,"Saint Louis",ACTIVE,-2.5,167.5,82.5,0,0,0,0,0,0,0,0,0,0,0,0,0,0,0,0,0,0,0,0,12051060,655251,5418,414,35
1593347,"Xavier Edmonds",1593347,F,TCU,OSU,TCU,ACTIVE,-2.5,145.5,71.5,27,13.82,8.86,1.24,0.91,2.54,1.02,1.28,15.06,22.68,23.92,2.3,10.1,30.67,30.67,30.97,28M,16.49,45.45,0,12050990,652309,5501,415,35
1231799,"Tramon Mark",1231799,G,TEX,BYU,Texas,ACTIVE,-2.5,158.5,78,28,13.6,3.75,1.83,1.48,1.3,1.01,0.28,15.43,17.35,19.18,1.29,5.58,23.42,23.42,23.71,30M,12.89,34.53,0,12066290,149302,5352,416,35
1461347,"Seth Joba",1461347,F,ID,UH,Idaho,ACTIVE,-24.5,137.5,56.5,15.5,3.51,2.9,0.25,0.6,0.58,0.25,0.37,3.76,6.41,6.66,0.62,3.15,8.62,8.62,8.75,16M,2.29,15.21,0,12051230,288828,87955,417,35
1352458,"Elijah Davis",1352458,G,UNC,VCU,"North Carolina",ACTIVE,2.5,150.5,76.5,0,0,0,0,0,0,0,0,0,0,0,0,0,0,0,1.2,0,0,0,0,12051210,219390,5491,418,35
1475218,"Tyler Mrus",1475218,F,BYU,TEX,"Brigham Young",ACTIVE,2.5,158.5,80.5,0,0,0,0,0,0,0,0,0,0,0,0,0,0,0,0,0,0,0,0,12066290,288873,5352,419,35
1597219,"Shane Frazier",1597219,G,HOW,MICH,Howard,"O(Undisclosed - 03/16/2026)",-30.5,151.5,60.5,0,0,0,0,0,0,0,0,0,0,0,0,0,0,0,0,0,0,0,0,12065630,654965,8396,420,35
1522606,"Jonathan Powell",1522606,F,UNC,VCU,"North Carolina",ACTIVE,2.5,150.5,76.5,14.5,4.33,2.65,0.54,0.96,0.34,0.46,0.04,4.87,6.98,7.52,0.5,3.19,9.51,9.51,9.78,16M,2.56,17,0,12051210,457560,5491,421,35
1324309,"Trevon Brazile",1324309,F,ARK,HAW,Arkansas,ACTIVE,14.5,158.5,86.5,35,13.25,9.31,1.53,1.47,1.24,1.6,1.76,14.78,22.56,24.09,3.36,10.84,35.56,35.56,34.48,36M,21.26,47.7,0,12051100,179769,5347,422,35
1590586,"Mathieu Grujicic",1590586,G,OSU,TCU,"Ohio State",ACTIVE,2.5,145.5,74,0,0,0,0,0,0,0,0,0,0,0,0,0,0,0,0,0,0,0,0,12050990,652037,5501,423,35
1593985,"Sebastian Wilkins",1593985,G,DUKE,SIENA,Duke,ACTIVE,28.5,137.5,83,0,0,0,0,0,0,0,0,0,0,0,0,0,0,0,0,0,0,0,0,12050970,654448,5396,424,35
1594844,"Nigel Thomas",1594844,F,KENNS,GONZ,"Kennesaw State",ACTIVE,-20.5,152.5,66,0,0,0,0,0,0,0,0,0,0,0,0,0,0,0,0,0,0,0,0,12051050,657257,5422,425,35
1485823,"Jordan Ross",1485823,G,UGA,STL,Georgia,"Q(Undisclosed - 03/18/2026)",2.5,167.5,85,18.5,5.69,2.57,1.9,0.38,0.93,0.66,0.06,7.59,8.26,10.16,0.72,4.47,12.86,12.86,12.93,20M,4.43,21.43,0,12051060,291189,5418,426,35
1461414,"Reid Ducharme",1461414,G,SIENA,DUKE,Siena,"O(Shoulder - 01/09/2026)",-28.5,137.5,54.5,0,0,0,0,0,0,0,0,0,0,0,0,0,0,0,0,0,0,0,0,12050970,289550,5396,427,35
1591016,"Darius Acuff",1591016,G,ARK,HAW,Arkansas,ACTIVE,14.5,158.5,86.5,38,22.8,4.09,5.26,2.6,2.88,0.93,0.3,28.06,26.89,32.15,1.23,9.35,36.42,36.42,38.2,40M,24.1,52.3,0,12051100,622616,5347,428,35
1593447,"Caleb Sanders",1593447,F,USF,UL,"South Florida",ACTIVE,-3.5,160.5,78.5,0,0,0,0,0,0,0,0,0,0,0,0,0,0,0,0,0,0,0,0,12051040,652153,5449,429,35
1594789,"Cam Hutson",1594789,G,STL,UGA,"Saint Louis",ACTIVE,-2.5,167.5,82.5,0,0,0,0,0,0,0,0,0,0,0,0,0,0,0,0,0,0,0,0,12051060,655246,5418,430,35
1340689,"Lassina Traore",1340689,F,TEX,BYU,Texas,"Q(Undisclosed - 03/17/2026)",-2.5,158.5,78,0,0,0,0,0,0,0,0,0,0,0,0,0,0,0,0,0,0,0,0,12066290,179968,5352,431,35
1461106,"Tyshawn Archie",1461106,G,MCNE,VAND,"McNeese State",ACTIVE,-12.5,148.5,68,33,14.45,2.53,3.13,2.07,2.37,1.71,0.55,17.58,16.98,20.11,2.26,5.66,26.6,26.6,26.68,34M,15.72,37.64,0,12051190,290317,5577,432,35
1562878,"Khadim Mboup",1562878,F,BYU,TEX,"Brigham Young",ACTIVE,2.5,158.5,80.5,16.3,2.46,5.13,0.21,0.14,0.77,0.4,0.36,2.67,7.59,7.8,0.76,5.34,10.42,10.42,10.39,18M,3.54,17.24,0,12066290,560531,5352,433,35
1598815,"Riley Saunders",1598815,G,NDSU,MSU,"North Dakota State",ACTIVE,-16.5,144.5,64,1,0.28,0.12,0.06,0.04,0.06,0.03,0.01,0.34,0.4,0.46,0.04,0.18,0.57,0.57,0.58,5M,0,1.63,0,12051030,652155,5465,434,35
1562526,"Dominique Diomande",1562526,F,BYU,TEX,"Brigham Young",ACTIVE,2.5,158.5,80.5,15.3,4.11,2.8,0.31,0.3,0.51,1.09,0.42,4.42,6.91,7.22,1.51,3.11,11.95,11.95,10.99,16M,2.88,19.1,0,12066290,559034,5352,435,35
1497428,"Cedric Taylor",1497428,G,HOW,MICH,Howard,ACTIVE,-30.5,151.5,60.5,33,12.18,6.34,2.87,0.93,2.8,1.29,1.24,15.05,18.52,21.39,2.53,9.21,28.91,28.91,28.66,34M,16.88,40.44,0,12065630,295820,8396,436,35
1531957,"Riccardo Greppi",1531957,F,WISC,HIGHP,Wisconsin,ACTIVE,10.5,161.5,86,0,0,0,0,0,0,0,0,0,0,0,0,0,0,0,0,0,0,0,0,12051170,505052,5596,437,35
1349819,"Theo Seng",1349819,F,TROY,NEB,Troy,ACTIVE,-13.5,139.5,63,20,7.75,4.6,0.73,0.65,0.79,0.37,0.21,8.48,12.35,13.08,0.58,5.33,15.3,15.3,15.69,22M,6.51,24.87,0,12051220,179966,5485,438,35
1500948,"Mihailo Boskovic",1500948,F,BYU,TEX,"Brigham Young",ACTIVE,2.5,158.5,80.5,3.6,0.81,0.43,0.13,0.14,0.16,0.02,0.09,0.94,1.24,1.37,0.11,0.56,1.67,1.67,1.73,5M,0,4.42,0,12066290,505181,5352,439,35
1480411,"Lazar Djokovic",1480411,F,VCU,UNC,"Virginia Commonwealth",ACTIVE,-2.5,150.5,74,28.5,12.75,5.35,1.06,0.79,1.88,0.48,1.11,13.81,18.1,19.16,1.59,6.41,23.63,23.63,23.7,30M,13.29,34.11,0,12051210,289548,5491,440,35
1610629,"Javier Gilgeous-Glasgow",1610629,G,TROY,NEB,Troy,ACTIVE,-13.5,139.5,63,0,0,0,0,0,0,0,0,0,0,0,0,0,0,0,0,0,0,0,0,12051220,655920,5485,441,35
1405908,"Chendall Weaver",1405908,G,TEX,BYU,Texas,ACTIVE,-2.5,158.5,78,19,4.58,3.53,1.09,0.31,0.46,0.82,0.19,5.67,8.11,9.2,1.01,4.62,13.02,13.02,12.57,20M,4.31,20.83,0,12066290,246695,5352,442,35
1593986,"Cameron Boozer",1593986,F,DUKE,SIENA,Duke,ACTIVE,28.5,137.5,83,36,24.5,11.15,4.28,1.66,2.72,1.04,0.65,28.78,35.65,39.93,1.69,15.43,46.63,46.63,48.73,40M,30.94,66.52,0,12050970,654384,5396,443,35
1594845,"Amir Taylor",1594845,F,KENNS,GONZ,"Kennesaw State",ACTIVE,-20.5,152.5,66,27.5,10.2,5.88,1.41,0.77,1.87,0.6,0.59,11.61,16.08,17.49,1.19,7.29,21.05,21.05,21.54,28M,11.47,31.61,0,12051050,657256,5422,444,35
1340745,"Ali Abdou Dibba",1340745,G,TA&M,STMRY,"Texas A&M",ACTIVE,-2.5,148.5,73,19.5,6.13,2.89,0.62,0.6,0.48,1.2,0.06,6.75,9.02,9.64,1.26,3.51,13.81,13.81,13.24,20M,4.54,21.94,0,12051240,180259,5525,445,35
1460546,"Josh Holloway",1460546,G,TA&M,STMRY,"Texas A&M",ACTIVE,-2.5,148.5,73,14.5,3.49,1.58,1.41,0.31,1.05,0.55,0.02,4.9,5.07,6.48,0.57,2.99,8.18,8.18,8.36,16M,1.8,14.92,0,12051240,289728,5525,446,35
1591017,"Isaiah Sealy",1591017,F,ARK,HAW,Arkansas,ACTIVE,14.5,158.5,86.5,5,1.59,0.95,0.23,0.06,0.41,0.13,0.2,1.82,2.54,2.77,0.33,1.18,3.66,3.66,3.61,10M,0,7.47,0,12051100,622619,5347,447,35
1593679,"Sananda Fru",1593679,F,UL,USF,Louisville,ACTIVE,3.5,160.5,82,19,7.32,4.98,1.17,0.09,1.26,0.54,1.45,8.49,12.3,13.47,1.99,6.15,19.78,19.78,18.73,20M,7.43,30.03,0,12051040,654968,5449,448,35
1593448,"Gavin Hightower",1593448,G,USF,UL,"South Florida",ACTIVE,-3.5,160.5,78.5,16,5.49,2.61,2.27,0.25,1.8,0.79,0.05,7.76,8.1,10.37,0.84,4.88,12.75,12.75,13.07,18M,3.68,22.46,0,12051040,652046,5449,449,35
1598816,"Dom Clay",1598816,G,NDSU,MSU,"North Dakota State",ACTIVE,-16.5,144.5,64,0,0,0,0,0,0,0,0,0,0,0,0,0,0,0,0,0,0,0,0,12051030,651995,5465,450,35
1232549,"Javohn Garcia",1232549,G,MCNE,VAND,"McNeese State",ACTIVE,-12.5,148.5,68,33,11.43,3.95,1.52,1.23,0.86,1.42,1.03,12.95,15.38,16.9,2.45,5.47,24.92,24.92,23.73,34M,13.98,33.48,0,12051190,148779,5577,451,35
1234749,"Trey Fort",1234749,G,MSU,NDSU,"Michigan State",ACTIVE,16.5,144.5,80.5,5,1.84,0.55,0.3,0.41,0.31,0.13,0.07,2.14,2.39,2.69,0.2,0.85,3.26,3.26,3.44,10M,0,7.4,0,12051030,149367,5465,452,35
1458808,"Caleb Foster",1458808,G,DUKE,SIENA,Duke,"O(Foot - 03/10/2026)",28.5,137.5,83,0,0,0,0,0,0,0,0,0,0,0,0,0,0,0,0,0,0,0,0,12050970,281655,5396,453,35
1402609,"Brandon Klatsky",1402609,G,UGA,STL,Georgia,ACTIVE,2.5,167.5,85,0,0,0,0,0,0,0,0,0,0,0,0,0,0,0,0,0,0,0,0,12051060,245096,5418,454,35
1593987,"Nikolas Khamenia",1593987,G,DUKE,SIENA,Duke,ACTIVE,28.5,137.5,83,27,8.7,5.02,1.17,1.28,0.77,0.9,0.25,9.87,13.72,14.89,1.15,6.19,19.19,19.19,19.33,28M,9.79,28.87,0,12050970,654412,5396,455,35
1594846,"Brendan Tousignaut",1594846,G,KENNS,GONZ,"Kennesaw State","O(Undisclosed - 12/17/2025)",-20.5,152.5,66,0,0,0,0,0,0,0,0,0,0,0,0,0,0,0,0,0,0,0,0,12051050,657259,5422,456,35
1409090,"Harry Rouhliadeff",1409090,F,HAW,ARK,Hawaii,ACTIVE,-14.5,158.5,72,26.5,9.34,5.2,1.44,0.96,1.63,0.48,0.39,10.78,14.54,15.98,0.87,6.64,18.72,18.72,19.43,28M,10.34,28.52,0,12051100,246545,5347,457,35
1340768,"Jalen Warley",1340768,G,GONZ,KENNS,Gonzaga,"P(Thigh - 03/16/2026)",20.5,152.5,86.5,18.5,6.04,3.55,1.42,0.15,1.07,1.13,0.31,7.46,9.59,11.01,1.44,4.97,15.69,15.69,15.04,20M,5.15,24.93,0,12051050,179552,5422,458,35
1593658,"Mikel Brown",1593658,G,UL,USF,Louisville,"O(Back - 03/18/2026)",3.5,160.5,82,0,0,0,0,0,0,0,0,0,0,0,0,0,0,0,0,0,0,0,0,12051040,654946,5449,459,35
1591018,"Karim Rtail",1591018,F,ARK,HAW,Arkansas,ACTIVE,14.5,158.5,86.5,0,0,0,0,0,0,0,0,0,0,0,0,0,0,0,0,0,0,0,0,12051100,622618,5347,460,35
1460107,"Jake Davis",1460107,G,IL,PENN,Illinois,ACTIVE,25.5,151.5,88.5,23,7.19,2.7,0.91,1.94,0.39,0.34,0.22,8.1,9.89,10.8,0.56,3.61,13.09,13.09,13.83,24M,6.05,21.61,0,12051180,289702,5430,461,35
1460349,"Tyler Harris",1460349,G,VAND,MCNE,Vanderbilt,ACTIVE,12.5,148.5,80.5,0,0,0,0,0,0,0,0,0,0,0,0,0,0,0,0,0,0,0,0,12051190,289566,5577,462,35
1593449,"Tristan Beckford",1593449,F,USF,UL,"South Florida",ACTIVE,-3.5,160.5,78.5,1.5,0.5,0.36,0.06,0.02,0.05,0.04,0.05,0.56,0.86,0.92,0.09,0.42,1.26,1.26,1.22,5M,0,3.12,0,12051040,651967,5449,463,35
1541804,"Evan Griffin",1541804,F,TROY,NEB,Troy,ACTIVE,-13.5,139.5,63,1,0.32,0.26,0.05,0.01,0.06,0.03,0.01,0.37,0.58,0.63,0.04,0.31,0.78,0.78,0.79,5M,0,2.02,0,12051220,460435,5485,464,35
1598817,"Caleb Schoenrock",1598817,F,NDSU,MSU,"North Dakota State",ACTIVE,-16.5,144.5,64,1,0.28,0.23,0.03,0.01,0.05,0.02,0.03,0.31,0.51,0.54,0.05,0.26,0.71,0.71,0.7,5M,0,1.79,0,12051030,652157,5465,465,35
1232319,"Jared Garcia",1232319,F,NEB,TROY,Nebraska,ACTIVE,13.5,139.5,76.5,5,1.83,1.2,0.16,0.19,0.4,0.09,0.28,1.99,3.03,3.19,0.37,1.36,4.21,4.21,4.19,10M,0,8.67,0,12051220,149160,5485,466,35
1458809,"TJ Power",1458809,F,PENN,IL,Pennsylvania,"P(Illness - 03/19/2026)",-25.5,151.5,63,34,16.01,7.52,2.16,3.02,1.81,0.97,0.62,18.17,23.53,25.69,1.59,9.68,31.26,31.26,32.73,36M,20.18,45.28,0,12051180,281670,5430,467,35
1480435,"Paulius Murauskas",1480435,F,STMRY,TA&M,"Saint Mary's (CA)",ACTIVE,2.5,148.5,75.5,33.5,18.5,7.79,1.99,1.33,1.94,0.51,0.6,20.49,26.29,28.28,1.11,9.78,32.24,32.24,33.5,34M,20.16,46.84,0,12051240,288874,5525,468,35
1176978,"Chase Johnston",1176978,G,HIGHP,WISC,"High Point",ACTIVE,-10.5,161.5,75.5,15,6.38,0.83,0.42,2.1,0.12,0.49,0.01,6.8,7.21,7.63,0.5,1.25,9.37,9.37,10.02,16M,2.16,17.88,0,12051170,89770,5596,469,35
1485826,"Andrew McKeever",1485826,C,STMRY,TA&M,"Saint Mary's (CA)",ACTIVE,2.5,148.5,75.5,20,7.23,7.82,1.55,0.01,1.72,0.42,0.54,8.78,15.05,16.6,0.96,9.37,20.1,20.1,20.54,22M,20.54,20.54,0,12051240,291758,5525,470,35
1595837,"Talon Jenkins",1595837,G,ID,UH,Idaho,ACTIVE,-24.5,137.5,56.5,0,0,0,0,0,0,0,0,0,0,0,0,0,0,0,0,0,0,0,0,12051230,652654,87955,471,35
1376948,"Luka Bogavac",1376948,G,UNC,VCU,"North Carolina",ACTIVE,2.5,150.5,76.5,26,10.84,2.75,2.09,1.62,1.61,0.3,0.01,12.93,13.59,15.68,0.31,4.84,16.6,16.6,18.04,28M,9.14,26.94,0,12051210,654945,5491,472,35
1231638,"Graham Ike",1231638,F,GONZ,KENNS,Gonzaga,ACTIVE,20.5,152.5,86.5,35,23.1,8.62,2.22,1.15,2.38,0.89,1.3,25.32,31.72,33.94,2.19,10.84,40.98,40.98,41.51,36M,25.59,57.43,0,12051050,149522,5422,473,35
1541805,"Austin Cross",1541805,G,TROY,NEB,Troy,ACTIVE,-13.5,139.5,63,18,3.34,1.94,0.35,0.82,0.48,0.34,0.03,3.69,5.28,5.63,0.37,2.29,6.81,6.81,7.19,20M,2.46,11.92,0,12051220,460405,5485,474,35
1232309,"Aly Khalifa",1232309,F,UL,USF,Louisville,ACTIVE,3.5,160.5,82,9,2.39,1.49,1.83,0.5,1.01,0.26,0.31,4.22,3.88,5.71,0.57,3.32,7.62,7.62,7.88,10M,0,16.31,0,12051040,149162,5449,475,35
1522907,"Ahmad Nowell",1522907,G,VCU,UNC,"Virginia Commonwealth",ACTIVE,-2.5,150.5,74,0.5,0.2,0.06,0.03,0.04,0.03,0.02,0,0.23,0.26,0.29,0.02,0.09,0.36,0.36,0.37,5M,0,1.04,0,12051210,457546,5491,476,35
1593978,"Kareem Stagg",1593978,F,UGA,STL,Georgia,ACTIVE,2.5,167.5,85,18.5,5.86,3.58,0.64,0.86,1.25,0.67,0.54,6.5,9.44,10.08,1.21,4.22,13.5,13.5,13.53,20M,5.37,21.69,0,12051060,652176,5418,477,35
1482439,"Brandon Taylor",1482439,G,TEX,BYU,Texas,ACTIVE,-2.5,158.5,78,0,0,0,0,0,0,0,0,0,0,0,0,0,0,0,0,0,0,0,0,12066290,289945,5352,478,35
1231848,"Tyon Grant-Foster",1231848,G,GONZ,KENNS,Gonzaga,ACTIVE,20.5,152.5,86.5,20.5,11.63,5.27,1.16,0.58,1.42,0.72,1.05,12.79,16.9,18.06,1.77,6.43,23.59,23.59,23.12,22M,8.96,37.28,0,12051050,149562,5422,479,35
1340209,"Scotty Washington",1340209,G,HIGHP,WISC,"High Point",ACTIVE,-10.5,161.5,75.5,25,9.07,4.5,1.18,1.44,0.86,0.91,0.27,10.25,13.57,14.75,1.18,5.68,18.94,18.94,19.14,26M,9.18,29.1,0,12051170,180916,5596,480,35
1591669,"Nyk Lewis",1591669,G,VCU,UNC,"Virginia Commonwealth",ACTIVE,-2.5,150.5,74,27.5,8.94,5.64,1.8,1.69,1.06,1.01,0.02,10.74,14.58,16.38,1.03,7.44,20.44,20.44,21.11,28M,10.69,31.53,0,12051210,655256,5491,481,35
1460715,"Kennard Davis",1460715,G,BYU,TEX,"Brigham Young",ACTIVE,2.5,158.5,80.5,36.3,12.07,3.4,1.52,2.5,0.77,1.22,0.31,13.59,15.47,16.99,1.53,4.92,22.25,22.25,22.53,40M,14.21,30.85,0,12066290,289544,5352,482,35
1591648,"Chandler Bing",1591648,G,VAND,MCNE,Vanderbilt,ACTIVE,12.5,148.5,80.5,22,5.12,2.04,0.51,0.61,1.11,0.43,0.24,5.63,7.16,7.67,0.67,2.55,9.25,9.25,9.53,24M,4.17,14.89,0,12051190,651971,5577,483,35
1460737,"Brady Dunlap",1460737,F,STL,UGA,"Saint Louis",ACTIVE,-2.5,167.5,82.5,14.5,5.68,1.85,0.64,1.1,0.73,0.33,0.1,6.32,7.53,8.17,0.43,2.49,9.43,9.43,10,16M,2.62,17.38,0,12051060,289551,5418,484,35
1593958,"Chris Cenac",1593958,C,UH,ID,Houston,ACTIVE,24.5,137.5,81,22.5,8.77,6.8,0.56,0.79,0.73,0.75,0.4,9.33,15.57,16.13,1.15,7.36,20.48,20.48,20.53,24M,20.53,20.53,0,12051230,652306,87955,485,35
1482903,"T'Johnn Brown",1482903,G,MCNE,VAND,"McNeese State",ACTIVE,-12.5,148.5,68,0,0,0,0,0,0,0,0,0,0,0,0,0,0,0,0,0,0,0,0,12051190,290666,5577,486,35
1480439,"Conrad Martinez",1480439,G,HIGHP,WISC,"High Point",ACTIVE,-10.5,161.5,75.5,16,4.33,1.06,2.09,0.47,0.87,0.84,0.04,6.42,5.39,7.48,0.88,3.15,10.51,10.51,10.36,18M,2.91,17.81,0,12051170,288856,5596,487,35
1591649,"Jaylon Dean-Vines",1591649,G,VAND,MCNE,Vanderbilt,ACTIVE,12.5,148.5,80.5,0,0,0,0,0,0,0,0,0,0,0,0,0,0,0,0,0,0,0,0,12051190,652007,5577,488,35
1460738,"Simeon Wilcher",1460738,G,TEX,BYU,Texas,ACTIVE,-2.5,158.5,78,14,3,1.04,1.33,0.51,0.83,0.57,0.26,4.33,4.04,5.37,0.83,2.37,7.89,7.89,7.79,16M,1.68,13.9,0,12066290,289632,5352,489,35
1231927,"Adam Miller",1231927,G,GONZ,KENNS,Gonzaga,ACTIVE,20.5,152.5,86.5,21,8.08,1.6,1.16,1.25,0.56,0.73,0.02,9.24,9.68,10.84,0.75,2.76,13.44,13.44,13.67,22M,5.3,22.04,0,12051050,149396,5422,490,35
1593959,"Kingston Flemings",1593959,G,UH,ID,Houston,ACTIVE,24.5,137.5,81,32,16.07,4.6,4.87,1.14,2.03,1.23,0.26,20.94,20.67,25.54,1.49,9.47,31.36,31.36,31.74,34M,18.7,44.78,0,12051230,652313,87955,491,35
1460749,"Andrej Stojakovic",1460749,G,IL,PENN,Illinois,ACTIVE,25.5,151.5,88.5,21,11.51,3.88,0.8,0.54,1.23,0.38,0.34,12.31,15.39,16.19,0.72,4.68,18.3,18.3,18.67,22M,7.24,30.1,0,12051180,288928,5430,492,35
1594839,"Trey Simpson",1594839,F,KENNS,GONZ,"Kennesaw State",ACTIVE,-20.5,152.5,66,28,7.85,5.39,0.52,1.22,1.7,0.86,1.14,8.37,13.24,13.76,2,5.91,19.41,19.41,19.17,30M,10.75,27.59,0,12051050,657252,5422,493,35
1342918,"Sam Alamutu",1342918,G,WRIGH,UVA,"Wright State",ACTIVE,-18.5,145.5,63.5,4.5,0.7,0.84,0.31,0.03,0.2,0.3,0.04,1.01,1.54,1.85,0.34,1.15,2.98,2.98,2.8,5M,0,7.85,0,12051110,180156,5580,494,35
1607392,"Jordan Mueller",1607392,G,CALBA,KU,"California Baptist",ACTIVE,-13.5,138.5,62.5,12,1.96,0.75,1.06,0.46,0.87,0.41,0.11,3.02,2.71,3.77,0.52,1.81,5.15,5.15,5.33,14M,0.69,9.97,0,12051000,663919,5442,495,35
1590616,"Tai Perkins",1590616,G,AKR,TTU,Akron,ACTIVE,-7.5,155.5,74,0,0,0,0,0,0,0,0,0,0,0,0,0,0,0,0,0,0,0,0,12051080,657509,5560,496,35
1590649,"Omer Mayer",1590649,G,PUR,QUEEN,Purdue,ACTIVE,25.5,162.5,94,14.5,6.63,1.03,0.86,1.29,0.94,0.32,0.01,7.49,7.66,8.52,0.33,1.89,9.21,9.21,10.04,16M,2.16,17.92,0,12051070,652093,5517,497,35
1593927,"Max Ndlovu-Fraser",1593927,G,LIU,ARIZ,"Long Island University",ACTIVE,-30.5,150.5,60,3,0.5,0.27,0.22,0.09,0.19,0.12,0.01,0.72,0.77,0.99,0.13,0.49,1.37,1.37,1.39,5M,0,3.9,0,12051120,655271,5345,498,35
1594906,"Malachi Moreno",1594906,C,UK,STC,Kentucky,ACTIVE,3.5,160.5,82,22,6.89,6.11,1.74,0.01,1.65,0.39,1.45,8.63,13,14.74,1.84,7.85,20.71,20.71,20.06,24M,20.06,20.06,0,12051140,652105,5445,499,35
1408193,"Walker Horn",1408193,G,UK,STC,Kentucky,ACTIVE,3.5,160.5,82,0,0,0,0,0,0,0,0,0,0,0,0,0,0,0,0,0,0,0,0,12051140,245041,5445,500,35
1617183,"Treyvon Maddox",1617183,G,MIA,MIZZ,"Miami (FL)","O(Undisclosed - 01/09/2026)",2.5,146.5,74.5,0,0,0,0,0,0,0,0,0,0,0,0,0,0,0,0,0,0,0,0,12051130,659212,8393,501,35
1607393,"Odartey Blankson",1607393,G,CALBA,KU,"California Baptist",ACTIVE,-13.5,138.5,62.5,0,0,0,0,0,0,0,0,0,0,0,0,0,0,0,0,0,0,0,0,12051000,651976,5442,502,35
1590617,"Josh Henderson",1590617,G,AKR,TTU,Akron,ACTIVE,-7.5,155.5,74,0,0,0,0,0,0,0,0,0,0,0,0,0,0,0,0,0,0,0,0,12051080,657489,5560,503,35
1408161,"LeJuan Watts",1408161,F,TTU,AKR,"Texas Tech","Q(Undisclosed - 03/15/2026)",7.5,155.5,81.5,25,10.96,5.82,1.96,0.69,2.6,0.88,0.16,12.92,16.78,18.74,1.04,7.78,21.4,21.4,22.36,26M,11.4,33.32,0,12051080,245748,5560,504,35
1617184,"Noam Dovrat",1617184,G,MIA,MIZZ,"Miami (FL)",ACTIVE,2.5,146.5,74.5,10,3.98,0.63,0.92,1.11,0.47,0.34,0.02,4.9,4.61,5.53,0.36,1.55,6.74,6.74,7.19,12M,0.35,14.03,0,12051130,659182,8393,505,35
1607394,"Nathaniel Garcia",1607394,C,CALBA,KU,"California Baptist",ACTIVE,-13.5,138.5,62.5,1,0.34,0.21,0.03,0,0.07,0.02,0.02,0.37,0.55,0.58,0.04,0.24,0.7,0.7,0.7,5M,0.7,0.7,0,12051000,652027,5442,506,35
1590618,"Amari Allen",1590618,F,BAMA,HOF,Alabama,ACTIVE,11.5,158.5,85,26,10.98,5.83,2.75,1.49,1.28,0.83,0.42,13.73,16.81,19.56,1.25,8.58,24.55,24.55,25.05,28M,13.34,36.76,0,12051090,622996,5342,507,35
1408250,"Evan Manjikian",1408250,F,UCLA,UCF,UCLA,"O(Undisclosed - 01/31/2026)",5.5,152.5,79,0,0,0,0,0,0,0,0,0,0,0,0,0,0,0,0,0,0,0,0,12051020,245397,5568,508,35
1408184,"Efrem Johnson",1408184,G,CLEM,IOWA,Clemson,ACTIVE,2.5,128.5,63,30,8.43,3.11,1.4,1.45,1.12,0.83,0.26,9.83,11.54,12.94,1.09,4.51,16.39,16.39,16.75,32M,9.38,24.12,0,12051200,,5374,509,35
1519152,"Labaron Philon",1519152,G,BAMA,HOF,Alabama,ACTIVE,11.5,158.5,85,34,23.3,3.38,4.78,2.72,2.65,1.14,0.12,28.08,26.68,31.46,1.26,8.16,35.66,35.66,37.29,36M,22.61,51.97,0,12051090,457559,5342,510,35
1416380,"Wilder Evers",1416380,G,KU,CALBA,Kansas,ACTIVE,13.5,138.5,76,0.75,0.26,0.08,0.04,0.04,0.05,0.02,0.01,0.3,0.34,0.38,0.03,0.12,0.45,0.45,0.47,5M,0,1.32,0,12051000,245032,5442,511,35
1429393,"Aiden Sherrell",1429393,F,BAMA,HOF,Alabama,ACTIVE,11.5,158.5,85,29,13.47,6.41,1.5,0.85,1.13,0.38,1.56,14.97,19.88,21.38,1.94,7.91,28.11,28.11,27.6,30M,15.48,39.72,0,12051090,457583,5342,512,35
1590619,"Davion Hannah",1590619,G,BAMA,HOF,Alabama,"O(Undisclosed - 02/04/2026)",11.5,158.5,85,0,0,0,0,0,0,0,0,0,0,0,0,0,0,0,0,0,0,0,0,12051090,623000,5342,513,35
1408251,"Jack Seidler",1408251,G,UCLA,UCF,UCLA,ACTIVE,5.5,152.5,79,0,0,0,0,0,0,0,0,0,0,0,0,0,0,0,0,0,0,0,0,12051020,245416,5568,514,35
1408273,"Felix Okpara",1408273,C,TENN,MIAOH,Tennessee,ACTIVE,11.5,149.5,80.5,29,8.72,6.69,0.49,0.13,1.15,0.52,1.73,9.21,15.41,15.9,2.25,7.18,23.09,23.09,21.91,30M,21.91,21.91,0,12070740,244808,5552,515,35
1619682,"Brady Ganley",1619682,G,MIAOH,TENN,"Miami (OH)",ACTIVE,-11.5,149.5,69,0,0,0,0,0,0,0,0,0,0,0,0,0,0,0,0,0,0,0,0,12070740,663752,5552,516,35
1325092,"Grant Hurst",1325092,G,TENN,MIAOH,Tennessee,ACTIVE,11.5,149.5,80.5,0,0,0,0,0,0,0,0,0,0,0,0,0,0,0,0,0,0,0,0,12070740,180770,5552,517,35
1416381,"Ernest Udeh",1416381,C,MIA,MIZZ,"Miami (FL)",ACTIVE,2.5,146.5,74.5,32,6.88,9.35,0.72,0.02,0.56,0.99,1.85,7.6,16.23,16.95,2.84,10.07,27.14,27.14,25.3,34M,25.3,25.3,0,12051130,245037,8393,518,35
1537282,"Maban Jabriel",1537282,F,QUEEN,PUR,"Queens Nc",ACTIVE,-25.5,162.5,68.5,21,6.68,3.86,0.88,1.41,0.8,0.58,0.37,7.56,10.54,11.42,0.95,4.74,14.69,14.69,15.03,22M,6.24,23.82,0,12051070,458081,5517,519,35
1616482,"Jannoy Thomas",1616482,G,PVA&M,UF,"Prairie View",ACTIVE,-35.5,155.5,60,0,0,0,0,0,0,0,0,0,0,0,0,0,0,0,0,0,0,0,0,12070420,659513,5407,520,35
1409067,"Faheim Meran",1409067,G,LIU,ARIZ,"Long Island University",ACTIVE,-30.5,150.5,60,0,0,0,0,0,0,0,0,0,0,0,0,0,0,0,0,0,0,0,0,12051120,246405,5345,521,35
1458391,"Zach Halligan",1458391,G,AKR,TTU,Akron,ACTIVE,-7.5,155.5,74,6.5,1.12,1.27,0.25,0.09,0.13,0.25,0.04,1.37,2.39,2.64,0.29,1.52,3.75,3.75,3.63,10M,0,7.81,0,12051080,289046,5560,522,35
1416382,"Zuby Ejiofor",1416382,F,STJN,UNI,"St. John's (NY)",ACTIVE,9.5,131.5,70.5,32,16.18,7.87,3.3,0.51,2.27,1.08,1.99,19.48,24.05,27.35,3.07,11.17,37.51,37.51,36.56,34M,22.01,51.11,0,12050980,245031,5544,523,35
1405393,"Eric Mulder",1405393,G,ISU,TENNS,"Iowa State",ACTIVE,24.5,148.5,86.5,3,0.95,0.68,0.18,0.11,0.27,0.13,0.02,1.13,1.63,1.81,0.15,0.86,2.21,2.21,2.29,5M,0,6.42,0,12051160,246924,5438,524,35
1616483,"Elijah Mitchell",1616483,G,PVA&M,UF,"Prairie View",ACTIVE,-35.5,155.5,60,26,4.59,2.69,0.8,0.7,0.23,0.56,0.24,5.39,7.28,8.08,0.8,3.49,11.18,11.18,10.98,28M,5.56,16.4,0,12070420,659501,5407,525,35
1432190,"Isaiah Miranda",1432190,F,LIU,ARIZ,"Long Island University",ACTIVE,-30.5,150.5,60,3,0.85,0.67,0.11,0.05,0.2,0.08,0.23,0.96,1.52,1.63,0.31,0.78,2.57,2.57,2.41,5M,0,6.16,0,12051120,255524,5345,526,35
1348260,"Malik Thomas",1348260,G,UVA,WRIGH,Virginia,ACTIVE,18.5,145.5,82,24.5,13.35,4.03,1.36,1.64,1.51,0.58,0.04,14.71,17.38,18.74,0.62,5.39,20.59,20.59,21.75,26M,10.44,33.06,0,12051110,180137,5580,527,35
1458392,"Marvin Musiime-Kamali",1458392,F,AKR,TTU,Akron,ACTIVE,-7.5,155.5,74,6.5,1.19,1.58,0.42,0.01,0.12,0.26,0.12,1.61,2.77,3.19,0.38,2,4.75,4.75,4.51,10M,0,9.33,0,12051080,289080,5560,528,35
1610170,"Mabil Mawut",1610170,F,ARIZ,LIU,Arizona,ACTIVE,30.5,150.5,90.5,0,0,0,0,0,0,0,0,0,0,0,0,0,0,0,0,0,0,0,0,12051120,652092,5345,529,35
1548471,"Isaiah Foster",1548471,G,PVA&M,UF,"Prairie View",ACTIVE,-35.5,155.5,60,0,0,0,0,0,0,0,0,0,0,0,0,0,0,0,0,0,0,0,0,12070420,478088,5407,530,35
1405372,"Braden Smith",1405372,G,PUR,QUEEN,Purdue,ACTIVE,25.5,162.5,94,34,15.98,3.59,7.93,1.73,2.83,1.7,0.34,23.91,19.57,27.5,2.04,11.52,35.5,35.5,36.25,36M,21.98,50.52,0,12051070,244817,5517,531,35
1538362,"Luke Bamgboye",1538362,F,TTU,AKR,"Texas Tech",ACTIVE,7.5,155.5,81.5,22,6.91,5.48,0.85,0.11,1.2,0.5,1.3,7.76,12.39,13.24,1.8,6.33,18.99,18.99,18.14,24M,8.83,27.45,0,12051080,457982,5560,532,35
1408111,"Malcolm Flaggs",1408111,G,VU,UTST,Villanova,ACTIVE,1.5,146.5,72.5,0,0,0,0,0,0,0,0,0,0,0,0,0,0,0,0,0,0,0,0,12051150,244683,5579,533,35
1408243,"Tarris Reed",1408243,F,UCONN,FUR,Connecticut,ACTIVE,20.5,136.5,78.5,27,14.05,8.28,2.24,0.03,1.7,0.79,1.98,16.29,22.33,24.57,2.77,10.52,33.98,33.98,32.83,28M,17.48,48.18,0,12051010,244811,5381,534,35
1542180,"Ian Jackson",1542180,G,STJN,UNI,"St. John's (NY)",ACTIVE,9.5,131.5,70.5,13,5.4,1.58,0.72,0.98,1.18,0.54,0.11,6.12,6.98,7.7,0.65,2.3,9.14,9.14,9.65,14M,1.24,18.06,0,12050980,503259,5544,535,35
1401391,"Ja'Kobi Gillespie",1401391,G,TENN,MIAOH,Tennessee,ACTIVE,11.5,149.5,80.5,36,18.78,2.87,5.41,3.22,2.05,2.33,0.19,24.19,21.65,27.06,2.52,8.28,35.86,35.86,36.19,40M,22.83,49.55,0,12070740,244886,5552,536,35
1415581,"Amani Lyles",1415581,F,AKR,TTU,Akron,ACTIVE,-7.5,155.5,74,30.5,12.36,8.85,1.78,1.08,2.32,0.84,0.79,14.14,21.21,22.99,1.63,10.63,28.22,28.22,29.11,32M,17.22,41,0,12051080,245831,5560,537,35
1405461,"Tyler Bilodeau",1405461,F,UCLA,UCF,UCLA,"Q(Knee - 03/15/2026)",5.5,152.5,79,27,15.72,5.98,0.88,1.68,1.48,0.34,0.57,16.6,21.7,22.58,0.91,6.86,25.47,25.47,26.54,28M,14.13,38.95,0,12051020,244867,5568,538,35
1537285,"Yoav Berman",1537285,F,QUEEN,PUR,"Queens Nc",ACTIVE,-25.5,162.5,68.5,30.5,10.64,4.53,3.9,1.07,1.5,0.82,0.27,14.54,15.17,19.07,1.09,8.43,23.7,23.7,24.14,32M,14.28,34,0,12051070,457989,5517,539,35
1406011,"Zach Keller",1406011,F,UTST,VU,"Utah State",ACTIVE,-1.5,146.5,74,20,5.27,3.28,0.81,0.46,0.98,0.26,0.17,6.08,8.55,9.36,0.43,4.09,10.74,10.74,11.19,22M,4.64,17.74,0,12051150,245507,5579,540,35
1406033,"Leon Bond",1406033,G,UNI,STJN,"Northern Iowa",ACTIVE,-9.5,131.5,61,34,9.94,3.62,1.1,0.99,1.21,0.73,0.62,11.04,13.56,14.66,1.35,4.72,18.78,18.78,18.71,36M,11.34,26.08,0,12050980,245465,5544,541,35
1519465,"Collin Chandler",1519465,G,UK,STC,Kentucky,ACTIVE,3.5,160.5,82,32,11.49,3.43,2.57,2.75,1.75,1.22,0.07,14.06,14.92,17.49,1.29,6,21.6,21.6,22.73,34M,13.39,32.07,0,12051140,457435,5445,542,35
1408266,"Bowen Hardman",1408266,G,AKR,TTU,Akron,ACTIVE,-7.5,155.5,74,22.5,7.72,1.58,0.35,2.19,0.35,0.14,0.01,8.07,9.3,9.65,0.15,1.93,10.25,10.25,11.45,24M,5.01,17.89,0,12051080,244789,5560,543,35
1257170,"Corey Dunning",1257170,F,PVA&M,UF,"Prairie View",ACTIVE,-35.5,155.5,60,30,1.95,5.89,0.98,0.03,0.76,1.12,1.82,2.93,7.84,8.82,2.94,6.87,18.54,18.54,16.31,32M,9.65,22.97,0,12070420,219824,5407,544,35
1607389,"Chase Mayo Harmon",1607389,G,CALBA,KU,"California Baptist",ACTIVE,-13.5,138.5,62.5,0,0,0,0,0,0,0,0,0,0,0,0,0,0,0,0,0,0,0,0,12051000,652094,5442,545,35
1401480,"Dillon Hunter",1401480,G,CLEM,IOWA,Clemson,ACTIVE,2.5,128.5,63,30,6.21,3.72,2.8,0.59,1.35,0.79,0.24,9.01,9.93,12.73,1.03,6.52,16.6,16.6,16.73,32M,9.37,24.09,0,12051200,245500,5374,546,35
1548561,"Ethan Wright",1548561,G,MIAOH,TENN,"Miami (OH)",ACTIVE,-11.5,149.5,69,0,0,0,0,0,0,0,0,0,0,0,0,0,0,0,0,0,0,0,0,12070740,505314,5552,547,35
1535141,"Bradey Henige",1535141,F,CALBA,KU,"California Baptist",ACTIVE,-13.5,138.5,62.5,20.5,4.32,5.67,0.54,0.02,0.85,0.34,0.38,4.86,9.99,10.53,0.72,6.21,13.25,13.25,13.27,22M,5.51,21.03,0,12051000,504279,5442,548,35
1402283,"Denzel Aberdeen",1402283,G,UK,STC,Kentucky,ACTIVE,3.5,160.5,82,34.5,14.78,3.67,4.02,1.96,1.42,0.64,0.09,18.8,18.45,22.47,0.73,7.69,25.97,25.97,27.13,36M,16.45,37.81,0,12051140,245062,5445,549,35
1405440,"Jeremy Foumena",1405440,C,UCF,UCLA,UCF,ACTIVE,-5.5,152.5,73.5,1,0.35,0.24,0.02,0,0.04,0.01,0.03,0.37,0.59,0.61,0.04,0.26,0.75,0.75,0.75,5M,0.75,0.75,0,12051020,245628,5568,550,35
1537286,"Jacob Brandly",1537286,G,QUEEN,PUR,"Queens Nc",ACTIVE,-25.5,162.5,68.5,0,0,0,0,0,0,0,0,0,0,0,0,0,0,0,0,0,0,0,0,12051070,458000,5517,551,35
1404076,"Jackson Francois",1404076,G,ARIZ,LIU,Arizona,ACTIVE,30.5,150.5,90.5,2,0.7,0.29,0.13,0.09,0.2,0.06,0.01,0.83,0.99,1.12,0.07,0.42,1.28,1.28,1.36,5M,0,3.81,0,12051120,245815,5345,552,35
1529443,"Kam Williams",1529443,G,UK,STC,Kentucky,ACTIVE,3.5,160.5,82,12,4.29,1.19,0.65,0.89,0.62,0.34,0.14,4.94,5.48,6.13,0.48,1.84,7.54,7.54,7.87,14M,1.01,14.73,0,12051140,457219,5445,553,35
1617311,"Thierry Darlan",1617311,G,STC,UK,"Santa Clara",ACTIVE,-3.5,160.5,78.5,15,5.06,3.16,0.63,0.93,0.98,0.36,0.42,5.69,8.22,8.85,0.78,3.79,11.15,11.15,11.49,16M,2.48,20.5,0,12051140,659490,5445,554,35
1408223,"Brendan Hausen",1408223,G,IOWA,CLEM,Iowa,ACTIVE,-2.5,128.5,65.5,5,1.56,0.28,0.26,0.38,0.11,0.13,0.02,1.82,1.84,2.1,0.15,0.54,2.63,2.63,2.74,10M,0,5.89,0,12051200,245089,5374,555,35
1409675,"Ugonna Onyenso",1409675,F,UVA,WRIGH,Virginia,ACTIVE,18.5,145.5,82,22.5,8,6.25,0.68,0.34,0.66,0.9,2.91,8.68,14.25,14.93,3.81,6.93,27.28,27.28,24.35,24M,11.86,36.84,0,12051110,245044,5580,556,35
1617201,"Isaiah Williams",1617201,G,WRIGH,UVA,"Wright State",ACTIVE,-18.5,145.5,63.5,0,0,0,0,0,0,0,0,0,0,0,0,0,0,0,0,0,0,0,0,12051110,658082,5580,557,35
1529597,"Trent Perry",1529597,G,UCLA,UCF,UCLA,ACTIVE,5.5,152.5,79,34,14.22,3.79,2.8,1.52,1.83,0.95,0.35,17.02,18.01,20.81,1.3,6.59,25.04,25.04,25.6,36M,15.52,35.68,0,12051020,457557,5568,558,35
1519466,"Trent Noah",1519466,F,UK,STC,Kentucky,ACTIVE,3.5,160.5,82,1,0.31,0.23,0.05,0.06,0.04,0.03,0.02,0.36,0.54,0.59,0.05,0.28,0.76,0.76,0.77,5M,0,1.97,0,12051140,457544,5445,559,35
1519125,"Will Thengvall",1519125,G,KU,CALBA,Kansas,ACTIVE,13.5,138.5,76,0,0,0,0,0,0,0,0,0,0,0,0,0,0,0,0,0,0,0,0,12051000,455410,5442,560,35
1597192,"Zachary Johnson",1597192,G,UCF,UCLA,UCF,ACTIVE,-5.5,152.5,73.5,0,0,0,0,0,0,0,0,0,0,0,0,0,0,0,0,0,0,0,0,12051020,652325,5568,561,35
1404990,"Donovan Dent",1404990,G,UCLA,UCF,UCLA,"P(Calf - 03/15/2026)",5.5,152.5,79,31.5,12.47,3.53,6.85,0.66,1.81,1.41,0.24,19.32,16,22.85,1.65,10.38,30.14,30.14,30.05,32M,16.83,43.27,0,12051020,246037,5568,562,35
1610580,"Matthew Walter",1610580,G,QUEEN,PUR,"Queens Nc",ACTIVE,-25.5,162.5,68.5,0,0,0,0,0,0,0,0,0,0,0,0,0,0,0,0,0,0,0,0,12051070,656656,5517,563,35
1405980,"Mason Falslev",1405980,G,UTST,VU,"Utah State",ACTIVE,-1.5,146.5,74,33,14.52,6.01,3.38,1.31,1.97,1.52,0.21,17.9,20.53,23.91,1.73,9.39,30.03,30.03,30.34,34M,17.87,42.81,0,12051150,246042,5579,564,35
1324096,"Ben Schwieger",1324096,G,UNI,STJN,"Northern Iowa",ACTIVE,-9.5,131.5,61,27,7.96,4.21,1.53,1.04,1.2,0.91,0.53,9.49,12.17,13.7,1.44,5.74,18.42,18.42,18.32,28M,9.28,27.36,0,12050980,179690,5544,565,35
1325097,"Trey Kaufman-Renn",1325097,F,PUR,QUEEN,Purdue,ACTIVE,25.5,162.5,94,27,15.87,8.11,2.21,0.04,1.56,0.3,0.34,18.08,23.98,26.19,0.64,10.32,29.27,29.27,30.19,28M,16.07,44.31,0,12051070,179945,5517,566,35
1547396,"Viktor Mikic",1547396,C,UF,PVA&M,Florida,ACTIVE,35.5,155.5,95.5,2,0.99,0.53,0.09,0.04,0.28,0.04,0.08,1.08,1.52,1.61,0.12,0.62,1.84,1.84,1.91,5M,1.91,1.91,0,12070420,505788,5407,567,35
1405595,"Antwone Woolfolk",1405595,F,MIAOH,TENN,"Miami (OH)",ACTIVE,-11.5,149.5,69,23,7.62,4.59,1.24,0.18,1.43,1.01,0.42,8.86,12.21,13.45,1.43,5.83,17.86,17.86,17.47,24M,8.51,26.43,0,12070740,244819,5552,568,35
1537287,"Colby Christiansen",1537287,G,QUEEN,PUR,"Queens Nc",ACTIVE,-25.5,162.5,68.5,0,0,0,0,0,0,0,0,0,0,0,0,0,0,0,0,0,0,0,0,12051070,458018,5517,569,35
1615211,"LaTrell Hoover",1615211,F,TTU,AKR,"Texas Tech","O(Redshirt - 01/04/2026)",7.5,155.5,81.5,0,0,0,0,0,0,0,0,0,0,0,0,0,0,0,0,0,0,0,0,12051080,663387,5560,570,35
1406035,"Dylan Darling",1406035,G,STJN,UNI,"St. John's (NY)",ACTIVE,9.5,131.5,70.5,27.5,8.39,3.52,2.58,1.18,1.81,1.5,0.41,10.97,11.91,14.49,1.91,6.1,20.41,20.41,20.17,28M,10.22,30.12,0,12050980,245477,5544,571,35
1408158,"Dillon Mitchell",1408158,F,STJN,UNI,"St. John's (NY)",ACTIVE,9.5,131.5,70.5,30,6.72,7.45,3.13,0.03,1.11,0.99,0.51,9.85,14.17,17.3,1.5,10.58,23.76,23.76,23.31,32M,13.79,32.83,0,12050980,245100,5544,572,35
1519126,"Flory Bidunga",1519126,F,KU,CALBA,Kansas,ACTIVE,13.5,138.5,76,32.5,13.02,8.81,1.29,0.02,1.54,0.68,2.75,14.31,21.83,23.12,3.43,10.1,34.29,34.29,32.47,34M,19.54,45.4,0,12051000,455358,5442,573,35
1597193,"Tanner Jones",1597193,G,UCF,UCLA,UCF,"Q(Undisclosed - 03/15/2026)",-5.5,152.5,73.5,0,0,0,0,0,0,0,0,0,0,0,0,0,0,0,0,0,0,0,0,12051020,652327,5568,574,35
1401493,"Noah Williamson",1401493,C,BAMA,HOF,Alabama,ACTIVE,11.5,158.5,85,16.5,2.88,2.94,0.46,0.11,1.15,0.6,0.35,3.34,5.82,6.28,0.95,3.4,8.79,8.79,8.62,18M,8.62,8.62,0,12051090,246251,5342,575,35
1401394,"Tre Donaldson",1401394,G,MIA,MIZZ,"Miami (FL)",ACTIVE,2.5,146.5,74.5,34,15.49,3.34,4.94,2.1,2.03,1.12,0.23,20.43,18.83,23.77,1.35,8.28,28.91,28.91,29.83,36M,18.09,41.57,0,12051130,244978,8393,576,35
1405882,"Trey Campbell",1405882,G,UNI,STJN,"Northern Iowa",ACTIVE,-9.5,131.5,61,36,12.73,4.47,3.38,1.87,2.38,1.33,0.42,16.11,17.2,20.58,1.75,7.85,26.04,26.04,26.65,40M,16.81,36.49,0,12050980,244873,5544,577,35
1405420,"Luke Northweather",1405420,C,MIZZ,MIA,Missouri,ACTIVE,-2.5,146.5,72,0,0,0,0,0,0,0,0,0,0,0,0,0,0,0,0,0,0,0,0,12051130,245043,8393,578,35
1538641,"Elijah Mahi",1538641,F,STC,UK,"Santa Clara",ACTIVE,-3.5,160.5,78.5,32,13.33,6.23,2.68,1.31,2.17,1.67,0.45,16.01,19.56,22.24,2.12,8.91,29.01,29.01,29.05,34M,17.49,40.61,0,12051140,504259,5445,579,35
1625651,"Jacob Martin",1625651,C,BAMA,HOF,Alabama,ACTIVE,11.5,158.5,85,0,0,0,0,0,0,0,0,0,0,0,0,0,0,0,0,0,0,0,0,12051090,669783,5342,580,35
1405310,"Jalen Pitre",1405310,F,TENNS,ISU,"Tennessee State",ACTIVE,-24.5,148.5,62,23,4.43,5.66,0.81,0.03,1.2,1.09,0.55,5.24,10.09,10.9,1.64,6.47,16.16,16.16,15.44,24M,7.52,23.36,0,12051160,657249,5438,581,35
1402285,"Riley Kugel",1402285,G,UCF,UCLA,UCF,ACTIVE,-5.5,152.5,73.5,29,12.78,3.21,2.28,1.9,1.68,0.9,0.18,15.06,15.99,18.27,1.08,5.49,21.61,21.61,22.48,30M,12.22,32.74,0,12051020,245068,5568,582,35
1538366,"Martin Carrere",1538366,G,UVA,WRIGH,Virginia,ACTIVE,18.5,145.5,82,0,0,0,0,0,0,0,0,0,0,0,0,0,0,0,0,0,0,0,0,12051110,504261,5580,583,35
1419247,"Elijah Hulsewe",1419247,C,UCF,UCLA,UCF,ACTIVE,-5.5,152.5,73.5,4,1.37,1.2,0.09,0.03,0.18,0.14,0.11,1.46,2.57,2.66,0.25,1.29,3.53,3.53,3.45,5M,3.45,3.45,0,12051020,247111,5568,584,35
1529599,"Christian Horry",1529599,G,UCLA,UCF,UCLA,ACTIVE,5.5,152.5,79,0,0,0,0,0,0,0,0,0,0,0,0,0,0,0,0,0,0,0,0,12051020,457500,5568,585,35
1458561,"Almar Atlason",1458561,F,MIAOH,TENN,"Miami (OH)",ACTIVE,-11.5,149.5,69,19,6.87,2.17,0.75,1.23,0.8,0.11,0.27,7.62,9.04,9.79,0.38,2.92,10.95,10.95,11.69,20M,4.64,18.74,0,12070740,289173,5552,586,35
1523550,"Sharron Young",1523550,G,AKR,TTU,Akron,ACTIVE,-7.5,155.5,74,20,6.43,2.92,1.13,1.09,0.86,1.56,0.09,7.56,9.35,10.48,1.65,4.05,15.71,15.71,15.18,22M,5.89,24.47,0,12051080,458241,5560,587,35
1324395,"Jayden Jackson",1324395,G,CALBA,KU,"California Baptist",ACTIVE,-13.5,138.5,62.5,33,9.64,3.63,1.95,2.27,1.44,0.58,0.39,11.59,13.27,15.22,0.97,5.58,18.38,18.38,19.46,34M,11.46,27.46,0,12051000,179847,5442,588,35
1401593,"Anthony Dell'Orso",1401593,G,ARIZ,LIU,Arizona,ACTIVE,30.5,150.5,90.5,21,9.86,1.98,1.32,1.78,1.04,0.86,0.11,11.18,11.84,13.16,0.97,3.3,16.1,16.1,16.63,22M,6.45,26.81,0,12051120,246480,5345,589,35
1549840,"Shadrak Lasu",1549840,F,LIU,ARIZ,"Long Island University",ACTIVE,-30.5,150.5,60,27.5,5.02,6.04,0.53,0.32,1.07,0.45,1.71,5.55,11.06,11.59,2.16,6.57,18.46,18.46,17.33,28M,9.23,25.43,0,12051120,507499,5345,590,35
1524331,"Jordyn Kee",1524331,G,MIA,MIZZ,"Miami (FL)",ACTIVE,2.5,146.5,74.5,0,0,0,0,0,0,0,0,0,0,0,0,0,0,0,0,0,0,0,0,12051130,457514,8393,591,35
1416410,"Micah Handlogten",1416410,C,UF,PVA&M,Florida,ACTIVE,35.5,155.5,95.5,13.5,3.82,5.57,0.73,0.01,0.61,0.59,0.82,4.55,9.39,10.12,1.41,6.3,15.21,15.21,14.41,14M,14.41,14.41,0,12070420,245381,5407,592,35
1405410,"AJ Brown",1405410,G,UF,PVA&M,Florida,ACTIVE,35.5,155.5,95.5,0,0,0,0,0,0,0,0,0,0,0,0,0,0,0,0,0,0,0,0,12070420,245590,5407,593,35
1349266,"Juan Reyna",1349266,G,STC,UK,"Santa Clara",ACTIVE,-3.5,160.5,78.5,0,0,0,0,0,0,0,0,0,0,0,0,0,0,0,0,0,0,0,0,12051140,180419,5445,594,35
1406752,"Jacari White",1406752,G,UVA,WRIGH,Virginia,ACTIVE,18.5,145.5,82,18,9.07,2.23,1.08,2.06,1.16,0.5,0.1,10.15,11.3,12.38,0.6,3.31,14.02,14.02,15.14,20M,5.19,25.09,0,12051110,245556,5580,595,35
1610164,"Brayden Burries",1610164,G,ARIZ,LIU,Arizona,ACTIVE,30.5,150.5,90.5,28.5,17.58,4.24,2.39,1.84,1.31,1.52,0.08,19.97,21.82,24.21,1.6,6.63,29.75,29.75,29.95,30M,16.29,43.61,0,12051120,651986,5345,596,35
1405443,"Amaree Abram",1405443,G,TENN,MIAOH,Tennessee,ACTIVE,11.5,149.5,80.5,0,0,0,0,0,0,0,0,0,0,0,0,0,0,0,0,0,0,0,0,12070740,245007,5552,597,35
1408204,"Logan Woods",1408204,G,WRIGH,UVA,"Wright State",ACTIVE,-18.5,145.5,63.5,18,4.27,2.07,1.24,0.63,0.68,0.23,0.02,5.51,6.34,7.58,0.25,3.31,8.67,8.67,9.18,20M,3.15,15.21,0,12051110,246946,5580,598,35
1599593,"Abijah Franklin",1599593,G,FUR,UCONN,Furman,ACTIVE,-20.5,136.5,58,8,2.32,1.06,0.52,0.36,0.5,0.41,0.03,2.84,3.38,3.9,0.44,1.58,5.19,5.19,5.23,10M,0,11.25,0,12051010,653544,5381,599,35
1459530,"Cooper Bowser",1459530,F,FUR,UCONN,Furman,ACTIVE,-20.5,136.5,58,29,11.15,5.22,1.32,0.06,1.45,0.43,0.92,12.47,16.37,17.69,1.35,6.54,22.01,22.01,21.71,30M,12.17,31.25,0,12051010,289678,5381,600,35
1522220,"Dallas Thomas",1522220,F,CLEM,IOWA,Clemson,ACTIVE,2.5,128.5,63,3,1.14,0.41,0.1,0.14,0.14,0.07,0.07,1.24,1.55,1.65,0.14,0.51,2.08,2.08,2.09,5M,0,5.34,0,12051200,458217,5374,601,35
1536861,"Andrea Holden",1536861,F,WRIGH,UVA,"Wright State",ACTIVE,-18.5,145.5,63.5,14,5.15,3.75,0.43,0.02,0.97,0.41,0.85,5.58,8.9,9.33,1.26,4.18,13.09,13.09,12.51,16M,3.27,21.75,0,12051110,459250,5580,602,35
1523551,"Eric Mahaffey",1523551,G,AKR,TTU,Akron,ACTIVE,-7.5,155.5,74,17.5,5.1,4.4,1.09,0.48,0.75,0.57,0.46,6.19,9.5,10.59,1.03,5.49,14.35,14.35,14.17,18M,3.98,24.36,0,12051080,458113,5560,603,35
1522594,"Jazz Henderson",1522594,G,TTU,AKR,"Texas Tech",ACTIVE,7.5,155.5,81.5,0,0,0,0,0,0,0,0,0,0,0,0,0,0,0,0,0,0,0,0,12051080,455374,5560,604,35
1549841,"Eddie Munyak",1549841,G,LIU,ARIZ,"Long Island University",ACTIVE,-30.5,150.5,60,0,0,0,0,0,0,0,0,0,0,0,0,0,0,0,0,0,0,0,0,12051120,507502,5345,605,35
1325144,"Gus Larson",1325144,F,QUEEN,PUR,"Queens Nc",ACTIVE,-25.5,162.5,68.5,7.5,1.66,1.23,0.36,0.02,0.47,0.26,0.07,2.02,2.89,3.25,0.33,1.59,4.2,4.2,4.17,10M,0,8.63,0,12051070,179910,5517,606,35
1538643,"Allen Graves",1538643,F,STC,UK,"Santa Clara",ACTIVE,-3.5,160.5,78.5,25,14.01,7.62,1.81,1.41,0.84,1.73,1.36,15.82,21.63,23.44,3.09,9.43,34.32,34.32,32.99,26M,16.82,49.16,0,12051140,504247,5445,607,35
1415586,"Tavari Johnson",1415586,G,AKR,TTU,Akron,ACTIVE,-7.5,155.5,74,33.5,17.86,3.55,4.11,1.67,2.76,1.01,0.31,21.97,21.41,25.52,1.32,7.66,29.47,29.47,30.56,34M,18,43.12,0,12051080,245824,5560,608,35
1610165,"Bryce James",1610165,G,ARIZ,LIU,Arizona,ACTIVE,30.5,150.5,90.5,0,0,0,0,0,0,0,0,0,0,0,0,0,0,0,0,0,0,0,0,12051120,652057,5345,609,35
1405367,"Fletcher Loyer",1405367,G,PUR,QUEEN,Purdue,ACTIVE,25.5,162.5,94,29,16.29,3.35,2.21,3.52,0.85,0.83,0.1,18.5,19.64,21.85,0.93,5.56,25.58,25.58,27.01,30M,14.69,39.33,0,12051070,244803,5517,610,35
1405015,"Preston Murphy",1405015,G,BAMA,HOF,Alabama,ACTIVE,11.5,158.5,85,0,0,0,0,0,0,0,0,0,0,0,0,0,0,0,0,0,0,0,0,12051090,245690,5342,611,35
1232480,"Jacob Crews",1232480,G,MIZZ,MIA,Missouri,ACTIVE,-2.5,146.5,72,13,3.68,1.86,0.15,1.05,0.36,0.06,0.04,3.83,5.54,5.69,0.1,2.01,6.1,6.1,6.79,14M,0.88,12.7,0,12051130,149237,8393,612,35
1614378,"Jaylen Petty",1614378,G,TTU,AKR,"Texas Tech",ACTIVE,7.5,155.5,81.5,35,12.41,4.78,2.28,2.36,1.4,0.6,0.02,14.69,17.19,19.47,0.62,7.06,22.03,22.03,23.55,36M,14.28,32.82,0,12051080,652341,5560,613,35
1234460,"Devin Tillis",1234460,F,UVA,WRIGH,Virginia,ACTIVE,18.5,145.5,82,12.5,3.62,2.28,1.01,0.58,0.67,0.18,0.05,4.63,5.9,6.91,0.23,3.29,7.91,7.91,8.41,14M,1.53,15.29,0,12051110,150057,5580,614,35
1406038,"MJ Collins",1406038,G,UTST,VU,"Utah State",ACTIVE,-1.5,146.5,74,31.5,15.58,2.89,1.6,2,1.15,0.82,0.08,17.18,18.47,20.07,0.9,4.49,23.01,23.01,23.83,32M,13.34,34.32,0,12051150,245474,5579,615,35
1402782,"Malik Reneau",1402782,F,MIA,MIZZ,"Miami (FL)",ACTIVE,2.5,146.5,74.5,29,16.53,6.41,1.63,0.77,2.83,0.93,0.62,18.16,22.94,24.57,1.55,8.04,28.5,28.5,29.21,30M,16.38,42.04,0,12051130,244561,8393,616,35
1458442,"Aden Holloway",1458442,G,BAMA,HOF,Alabama,"D(Legal problems - 03/17/2026)",11.5,158.5,85,0,0,0,0,0,0,0,0,0,0,0,0,0,0,0,0,0,0,0,0,12051090,289055,5342,617,35
1523552,"Conner Groce",1523552,G,AKR,TTU,Akron,ACTIVE,-7.5,155.5,74,0,0,0,0,0,0,0,0,0,0,0,0,0,0,0,0,0,0,0,0,12051080,458062,5560,618,35
1549842,"Gavin Pendergast",1549842,G,LIU,ARIZ,"Long Island University",ACTIVE,-30.5,150.5,60,0,0,0,0,0,0,0,0,0,0,0,0,0,0,0,0,0,0,0,0,12051120,507505,5345,619,35
1418832,"George Beale",1418832,G,UCF,UCLA,UCF,ACTIVE,-5.5,152.5,73.5,1,0.41,0.12,0.04,0.1,0.04,0.02,0.01,0.45,0.53,0.57,0.03,0.16,0.65,0.65,0.7,5M,0,1.96,0,12051020,247197,5568,620,35
1538644,"Jordy Barnes",1538644,G,UTST,VU,"Utah State",ACTIVE,-1.5,146.5,74,0,0,0,0,0,0,0,0,0,0,0,0,0,0,0,0,0,0,0,0,12051150,459169,5579,621,35
1547356,"Urban Klavzar",1547356,G,UF,PVA&M,Florida,ACTIVE,35.5,155.5,95.5,18.5,10.58,1.74,1.02,2.56,0.77,0.35,0.06,11.6,12.32,13.34,0.41,2.76,14.68,14.68,16.02,20M,5.49,26.55,0,12070420,505779,5407,622,35
1610166,"Ivan Kharchenkov",1610166,F,ARIZ,LIU,Arizona,ACTIVE,30.5,150.5,90.5,27,10.41,3.9,2.19,1.03,1.48,1.14,0.31,12.6,14.31,16.5,1.45,6.09,21.27,21.27,21.26,28M,11.32,31.2,0,12051120,652068,5345,623,35
1405698,"Tobe Awaka",1405698,F,ARIZ,LIU,Arizona,ACTIVE,30.5,150.5,90.5,21,9.16,8.02,0.64,0.13,0.96,0.38,0.8,9.8,17.18,17.82,1.18,8.66,22.33,22.33,22.3,22M,9.25,35.35,0,12051120,244971,5345,624,35
1549578,"Keitenn Bristow",1549578,F,BAMA,HOF,Alabama,"O(Undisclosed - 02/04/2026)",11.5,158.5,85,0,0,0,0,0,0,0,0,0,0,0,0,0,0,0,0,0,0,0,0,12051090,512185,5342,625,35
1461380,"Solomon Callaghan",1461380,G,WRIGH,UVA,"Wright State",ACTIVE,-18.5,145.5,63.5,24.5,6.4,1.94,0.95,1.49,0.73,0.5,0.02,7.35,8.34,9.29,0.52,2.89,11,11,11.68,26M,5.6,17.76,0,12051110,290338,5580,626,35
1405379,"Sam King",1405379,F,PUR,QUEEN,Purdue,ACTIVE,25.5,162.5,94,0,0,0,0,0,0,0,0,0,0,0,0,0,0,0,0,0,0,0,0,12051070,244798,5517,627,35
1541460,"Maddux Bodenhamer",1541460,G,TENNS,ISU,"Tennessee State",ACTIVE,-24.5,148.5,62,0,0,0,0,0,0,0,0,0,0,0,0,0,0,0,0,0,0,0,0,12051160,460379,5438,628,35
1532770,"Tavion Banks",1532770,G,IOWA,CLEM,Iowa,ACTIVE,-2.5,128.5,65.5,26,9.46,4.59,1.05,0.55,1.36,0.95,0.3,10.51,14.05,15.1,1.25,5.64,18.93,18.93,18.88,28M,9.56,28.2,0,12051200,505475,5374,629,35
1597274,"Kam Clark",1597274,F,QUEEN,PUR,"Queens Nc",ACTIVE,-25.5,162.5,68.5,1,0.23,0.18,0.04,0.02,0.05,0.02,0.02,0.27,0.41,0.45,0.04,0.22,0.57,0.57,0.58,5M,0,1.48,0,12051070,656609,5517,630,35
1599595,"Cole Bowser",1599595,G,FUR,UCONN,Furman,ACTIVE,-20.5,136.5,58,20,3.4,4.27,0.42,0.56,0.94,0.63,0.2,3.82,7.67,8.09,0.83,4.69,10.68,10.68,10.82,22M,4.2,17.44,0,12051010,653531,5381,631,35
1541031,"Dominic Pangonis",1541031,G,WRIGH,UVA,"Wright State",ACTIVE,-18.5,145.5,63.5,26,6.08,2.3,0.92,1.02,0.9,0.85,0.13,7,8.38,9.3,0.98,3.22,12.26,12.26,12.35,28M,6.26,18.44,0,12051110,460495,5580,632,35
1534761,"Amir Williams",1534761,G,HOF,BAMA,Hofstra,ACTIVE,-11.5,158.5,73.5,0,0,0,0,0,0,0,0,0,0,0,0,0,0,0,0,0,0,0,0,12051090,457613,5342,633,35
1459752,"Cade Kelderman",1459752,G,ISU,TENNS,"Iowa State",ACTIVE,24.5,148.5,86.5,3,0.89,0.21,0.37,0.14,0.13,0.18,0.02,1.26,1.1,1.47,0.2,0.58,2.18,2.18,2.12,5M,0,5.95,0,12051160,281791,5438,634,35
1402772,"Skyy Clark",1402772,G,UCLA,UCF,UCLA,ACTIVE,5.5,152.5,79,32,12.02,2.76,2.26,2.17,0.92,1.06,0.17,14.28,14.78,17.04,1.23,5.02,21.49,21.49,21.94,34M,12.92,30.96,0,12051020,244556,5568,635,35
1534783,"Alec Millender",1534783,G,UCONN,FUR,Connecticut,ACTIVE,20.5,136.5,78.5,0.5,0.14,0.04,0.04,0.02,0.02,0.02,0,0.18,0.18,0.22,0.02,0.08,0.3,0.3,0.3,5M,0,0.84,0,12051010,255677,5381,636,35
1459884,"Taylor Bol Bowen",1459884,F,BAMA,HOF,Alabama,ACTIVE,11.5,158.5,85,23.5,6.86,5.22,0.61,1,0.87,0.41,0.69,7.47,12.08,12.69,1.1,5.83,16.46,16.46,16.58,24M,8.07,25.09,0,12051090,281766,5342,637,35
1469696,"Mason Williams",1469696,G,ISU,TENNS,"Iowa State","O(Hip - 01/10/2026)",24.5,148.5,86.5,0,0,0,0,0,0,0,0,0,0,0,0,0,0,0,0,0,0,0,0,12051160,288957,5438,638,35
1522222,"Ace Buckner",1522222,G,CLEM,IOWA,Clemson,ACTIVE,2.5,128.5,63,29,11.23,3.8,2.68,1.3,1.99,1.05,0.12,13.91,15.03,17.71,1.17,6.48,21.32,21.32,22,30M,11.96,32.04,0,12051200,458007,5374,639,35
1413201,"Jake Ensminger",1413201,G,STC,UK,"Santa Clara",ACTIVE,-3.5,160.5,78.5,28,5.63,5.46,1.94,1.01,1.01,0.87,0.13,7.57,11.09,13.03,1,7.4,17.08,17.08,17.39,30M,9.46,25.32,0,12051140,245876,5445,640,35
1459577,"Silas Demary",1459577,G,UCONN,FUR,Connecticut,ACTIVE,20.5,136.5,78.5,30,10.92,4.44,5.21,1.09,2.29,1.52,0.15,16.13,15.36,20.57,1.67,9.65,26.79,26.79,27.08,32M,15.16,39,0,12051010,289027,5381,641,35
1401398,"Tyeree Bryan",1401398,G,TTU,AKR,"Texas Tech",ACTIVE,7.5,155.5,81.5,18,3.5,2.58,0.61,0.61,0.24,0.64,0.11,4.11,6.08,6.69,0.75,3.19,9.54,9.54,9.34,20M,3.2,15.48,0,12051080,246466,5560,642,35
1535136,"Jalen Dollar",1535136,G,CALBA,KU,"California Baptist",ACTIVE,-13.5,138.5,62.5,1,0.31,0.1,0.06,0.05,0.04,0.03,0,0.37,0.41,0.47,0.03,0.16,0.59,0.59,0.61,5M,0,1.71,0,12051000,504278,5442,643,35
1610167,"Koa Peat",1610167,F,ARIZ,LIU,Arizona,ACTIVE,30.5,150.5,90.5,27,13.51,4.99,2.59,0.33,1.93,0.69,0.84,16.1,18.5,21.09,1.53,7.58,26.06,26.06,25.93,28M,13.8,38.06,0,12051120,652126,5345,644,35
1482281,"Carlous Williams",1482281,F,TENNS,ISU,"Tennessee State",ACTIVE,-24.5,148.5,62,22,4.96,3.76,0.46,0.55,1.49,0.11,0.51,5.42,8.72,9.18,0.62,4.22,10.55,10.55,11.14,24M,5.42,16.86,0,12051160,290457,5438,645,35
1418767,"Khalil London",1418767,G,TENNS,ISU,"Tennessee State",ACTIVE,-24.5,148.5,62,0,0,0,0,0,0,0,0,0,0,0,0,0,0,0,0,0,0,0,0,12051160,246514,5438,646,35
1404016,"Jayden Dawson",1404016,G,KU,CALBA,Kansas,ACTIVE,13.5,138.5,76,4,0.86,0.29,0.22,0.19,0.12,0.12,0.03,1.08,1.15,1.37,0.15,0.51,1.86,1.86,1.88,5M,0,5.27,0,12051000,245606,5442,647,35
1460182,"JT Toppin",1460182,F,TTU,AKR,"Texas Tech","O(ACL - 02/20/2026)",7.5,155.5,81.5,0,0,0,0,0,0,0,0,0,0,0,0,0,0,0,0,0,0,0,0,12051080,288936,5560,648,35
1488661,"Jonathan Griman",1488661,F,CALBA,KU,"California Baptist",ACTIVE,-13.5,138.5,62.5,24.5,5.27,6.72,0.57,0.06,1.09,0.46,0.9,5.84,11.99,12.56,1.36,7.29,17.15,17.15,16.77,26M,8.55,24.99,0,12051000,291740,5442,649,35
1488210,"Xinyi Li",1488210,F,LIU,ARIZ,"Long Island University",ACTIVE,-30.5,150.5,60,0,0,0,0,0,0,0,0,0,0,0,0,0,0,0,0,0,0,0,0,12051120,291313,5345,650,35
1542671,"Trent Burns",1542671,C,MIZZ,MIA,Missouri,ACTIVE,-2.5,146.5,72,16,4.22,3.41,0.26,0.15,0.96,0.52,0.53,4.48,7.63,7.89,1.05,3.67,10.92,10.92,10.59,18M,10.59,10.59,0,12051130,505753,8393,651,35
1532771,"Bennett Stirtz",1532771,G,IOWA,CLEM,Iowa,ACTIVE,-2.5,128.5,65.5,39.5,18.59,3.57,3.81,1.87,2.29,1.33,0.51,22.4,22.16,25.97,1.84,7.38,31.82,31.82,32.25,40M,20.35,44.15,0,12051200,505528,5374,652,35
1257265,"Cory Wells",1257265,F,PVA&M,UF,"Prairie View",ACTIVE,-35.5,155.5,60,37,11.47,7.73,1.86,1.4,2.82,1.41,1.23,13.33,19.2,21.06,2.64,9.59,28.66,28.66,28.74,40M,18.25,39.23,0,12070420,228791,5407,653,35
1458730,"Tucker Anderson",1458730,F,UTST,VU,"Utah State",ACTIVE,-1.5,146.5,74,10.5,2.93,1.41,0.51,0.45,0.3,0.3,0.21,3.44,4.34,4.85,0.51,1.92,6.62,6.62,6.55,12M,0.79,12.31,0,12051150,289170,5579,654,35
1589784,"Peyton McCollum",1589784,G,IOWA,CLEM,Iowa,"O(Undisclosed - 01/17/2026)",-2.5,128.5,65.5,0,0,0,0,0,0,0,0,0,0,0,0,0,0,0,0,0,0,0,0,12051200,652095,5374,655,35
1599596,"Collin O'Neal",1599596,G,FUR,UCONN,Furman,ACTIVE,-20.5,136.5,58,1,0.26,0.1,0.04,0.05,0.06,0.03,0.01,0.3,0.36,0.4,0.04,0.14,0.5,0.5,0.52,5M,0,1.46,0,12051010,653564,5381,656,35
1415830,"Dallin Hall",1415830,G,UVA,WRIGH,Virginia,ACTIVE,18.5,145.5,82,29,5.92,3.42,4.06,0.96,1.42,0.84,0.02,9.98,9.34,13.4,0.86,7.48,17.28,17.28,17.78,30M,9.67,25.89,0,12051110,246047,5580,657,35
1325454,"Brenton Knapper",1325454,G,STC,UK,"Santa Clara",ACTIVE,-3.5,160.5,78.5,18,5.83,1.82,1.45,0.73,1.1,1.04,0.01,7.28,7.65,9.1,1.05,3.27,12.24,12.24,12.19,20M,4.18,20.2,0,12051140,179998,5445,658,35
1402323,"Davis Molnar",1402323,F,FUR,UCONN,Furman,ACTIVE,-20.5,136.5,58,0,0,0,0,0,0,0,0,0,0,0,0,0,0,0,0,0,0,0,0,12051010,245069,5381,659,35
1522597,"Christian Anderson",1522597,G,TTU,AKR,"Texas Tech","(Groin - 03/15/2026)",7.5,155.5,81.5,38,21.32,4.11,7.12,3.33,4.01,1.29,0.25,28.44,25.43,32.55,1.54,11.23,37.53,37.53,40.14,40M,25.32,54.96,0,12051080,455353,5560,660,35
1480390,"Kris Parker",1480390,G,UCF,UCLA,UCF,ACTIVE,-5.5,152.5,73.5,1,0.23,0.13,0.05,0.03,0.11,0.02,0.01,0.28,0.36,0.41,0.03,0.18,0.43,0.43,0.48,5M,0,1.35,0,12051020,289086,5568,661,35
1610575,"Tyler Crider",1610575,G,QUEEN,PUR,"Queens Nc",ACTIVE,-25.5,162.5,68.5,1,0.21,0.1,0.07,0.03,0.06,0.02,0,0.28,0.31,0.38,0.02,0.17,0.47,0.47,0.49,5M,0,1.37,0,12051070,656613,5517,662,35
1405304,"Evan Mahaffey",1405304,F,AKR,TTU,Akron,ACTIVE,-7.5,155.5,74,33,10.64,7.34,3.34,0.38,1.56,1.61,0.9,13.98,17.98,21.32,2.51,10.68,30.42,30.42,29.42,34M,17.71,41.13,0,12051080,244804,5560,663,35
1417525,"Alex Garcia",1417525,F,TENNS,ISU,"Tennessee State",ACTIVE,-24.5,148.5,62,3,0.83,0.49,0.11,0.08,0.3,0.06,0.08,0.94,1.32,1.43,0.14,0.6,1.71,1.71,1.78,5M,0,4.55,0,12051160,246910,5438,664,35
1611015,"Ognjen Stankovic",1611015,G,AKR,TTU,Akron,ACTIVE,-7.5,155.5,74,0,0,0,0,0,0,0,0,0,0,0,0,0,0,0,0,0,0,0,0,12051080,657518,5560,665,35
1610168,"Sidi Gueye",1610168,F,ARIZ,LIU,Arizona,ACTIVE,30.5,150.5,90.5,2,0.75,0.37,0.1,0.03,0.16,0.05,0.1,0.85,1.12,1.22,0.15,0.47,1.66,1.66,1.61,5M,0,4.12,0,12051120,662568,5345,666,35
1529604,"Eric Freeny",1529604,G,UCLA,UCF,UCLA,ACTIVE,5.5,152.5,79,12.5,2.78,2.21,0.5,0.48,0.58,0.39,0.24,3.28,4.99,5.49,0.63,2.71,7.48,7.48,7.5,14M,0.97,14.03,0,12051020,457470,5568,667,35
1461371,"Rueben Chinyelu",1461371,C,UF,PVA&M,Florida,ACTIVE,35.5,155.5,95.5,25,12.42,13.1,0.65,0.02,1.75,0.84,1.23,13.07,25.52,26.17,2.07,13.75,33.58,33.58,33.87,26M,33.87,33.87,0,12070420,288762,5407,668,35
1460282,"Eric Dailey",1460282,F,UCLA,UCF,UCLA,ACTIVE,5.5,152.5,79,30,12.59,7.18,1.23,0.93,1.74,1.08,0.37,13.82,19.77,21,1.45,8.41,25.67,25.67,26.1,32M,15.44,36.76,0,12051020,282631,5568,669,35
1595010,"Dante Allen",1595010,G,MIA,MIZZ,"Miami (FL)",ACTIVE,2.5,146.5,74.5,25,5.86,2.53,2.06,0.76,1.05,0.77,0.19,7.92,8.39,10.45,0.96,4.59,13.82,13.82,13.89,26M,6.66,21.12,0,12051130,654935,8393,670,35
1461063,"Sam Lewis",1461063,G,UVA,WRIGH,Virginia,ACTIVE,18.5,145.5,82,25,11.56,3.44,1.28,1.68,1.38,0.67,0.23,12.84,15,16.28,0.9,4.72,18.92,18.92,19.73,26M,9.47,29.99,0,12051110,289069,5580,671,35
1408439,"Joshua Jefferson",1408439,F,ISU,TENNS,"Iowa State",ACTIVE,24.5,148.5,86.5,30,17.84,7.44,4.12,1.16,2.99,1.68,1.01,21.96,25.28,29.4,2.69,11.56,38.04,38.04,38.1,32M,22.54,53.66,0,12051160,246054,5438,672,35
1541462,"Antoine Lorick",1541462,F,TENNS,ISU,"Tennessee State",ACTIVE,-24.5,148.5,62,23.5,8.43,5.02,1.17,0.25,1.58,1.14,1.55,9.6,13.45,14.62,2.69,6.19,22.72,22.72,21.21,24M,10.33,32.09,0,12051160,460468,5438,673,35
1408109,"Duke Brennan",1408109,F,VU,UTST,Villanova,ACTIVE,1.5,146.5,72.5,34,12.53,11.04,1.94,0.03,2.57,0.73,0.65,14.47,23.57,25.51,1.38,12.98,30.26,30.26,31.39,36M,19.35,43.43,0,12051150,244679,5579,674,35
1486176,"Gehrig Normand",1486176,G,STC,UK,"Santa Clara","O(Undisclosed - 11/14/2025)",-3.5,160.5,78.5,0,0,0,0,0,0,0,0,0,0,0,0,0,0,0,0,0,0,0,0,12051140,290781,5445,675,35
1431374,"Jamal Fuller",1431374,F,LIU,ARIZ,"Long Island University",ACTIVE,-30.5,150.5,60,33.5,13.13,5.92,2.49,1.43,2.12,0.95,1.22,15.62,19.05,21.54,2.17,8.41,28.35,28.35,28.33,34M,17.05,39.61,0,12051120,255839,5345,676,35
1597276,"Danzelle Bullock Coles",1597276,G,QUEEN,PUR,"Queens Nc",ACTIVE,-25.5,162.5,68.5,0,0,0,0,0,0,0,0,0,0,0,0,0,0,0,0,0,0,0,0,12051070,656610,5517,677,35
1589785,"Tate Sage",1589785,G,IOWA,CLEM,Iowa,ACTIVE,-2.5,128.5,65.5,11,3.42,1.18,0.21,0.5,0.39,0.14,0.14,3.63,4.6,4.81,0.28,1.39,5.61,5.61,5.83,12M,0.28,11.38,0,12051200,652151,5374,678,35
1533762,"Charles Johnston",1533762,F,FUR,UCONN,Furman,ACTIVE,-20.5,136.5,58,24.5,6.43,6.95,1.25,0.61,1.22,0.4,0.53,7.68,13.38,14.63,0.93,8.2,18.21,18.21,18.63,26M,9.5,27.76,0,12051010,459268,5381,679,35
1523620,"Jayden Quaintance",1523620,F,UK,STC,Kentucky,"O(Knee - 01/25/2026)",3.5,160.5,82,0,0,0,0,0,0,0,0,0,0,0,0,0,0,0,0,0,0,0,0,12051140,455396,5445,680,35
1521585,"Olivier Rioux",1521585,C,UF,PVA&M,Florida,ACTIVE,35.5,155.5,95.5,1,0.46,0.28,0.02,0.01,0.07,0.02,0.05,0.48,0.74,0.76,0.07,0.3,0.97,0.97,0.95,5M,0.95,0.95,0,12070420,457575,5407,681,35
1459754,"Milan Momcilovic",1459754,F,ISU,TENNS,"Iowa State",ACTIVE,24.5,148.5,86.5,32.5,18.06,3.55,1,3.63,1.06,0.66,0.28,19.06,21.61,22.61,0.94,4.55,25.57,25.57,27.16,34M,16.35,37.97,0,12051160,281800,5438,682,35
1611741,"Victory Onuetu",1611741,F,HOF,BAMA,Hofstra,ACTIVE,-11.5,158.5,73.5,12,2.92,4.63,0.27,0.01,0.52,0.18,0.64,3.19,7.55,7.82,0.82,4.9,10.82,10.82,10.5,14M,1.92,19.08,0,12051090,658859,5342,683,35
1536865,"Ayden Davis",1536865,C,WRIGH,UVA,"Wright State",ACTIVE,-18.5,145.5,63.5,0,0,0,0,0,0,0,0,0,0,0,0,0,0,0,0,0,0,0,0,12051110,459203,5580,684,35
1402324,"Ben VanderWal",1402324,F,FUR,UCONN,Furman,ACTIVE,-20.5,136.5,58,19,3.48,3.56,1.33,0.02,0.67,0.34,0.21,4.81,7.04,8.37,0.55,4.89,10.71,10.71,10.69,20M,4.24,17.14,0,12051010,245060,5381,685,35
1522598,"Leon Horner",1522598,F,TTU,AKR,"Texas Tech",ACTIVE,7.5,155.5,81.5,1,0.3,0.23,0.03,0.02,0.06,0.02,0.02,0.33,0.53,0.56,0.04,0.26,0.67,0.67,0.68,5M,0,1.74,0,12051080,455375,5560,686,35
1610576,"Saif-Allah Zatari",1610576,G,QUEEN,PUR,"Queens Nc",ACTIVE,-25.5,162.5,68.5,0,0,0,0,0,0,0,0,0,0,0,0,0,0,0,0,0,0,0,0,12051070,656662,5517,687,35
1401378,"Jaden Bradley",1401378,G,ARIZ,LIU,Arizona,ACTIVE,30.5,150.5,90.5,31.5,13.42,3.21,4.43,0.79,2.24,1.27,0.15,17.85,16.63,21.06,1.42,7.64,25.97,25.97,26.23,32M,14.69,37.77,0,12051120,244973,5345,688,35
1480050,"Carter Welling",1480050,C,CLEM,IOWA,Clemson,"O(Knee - 03/12/2026)",2.5,128.5,63,0,0,0,0,0,0,0,0,0,0,0,0,0,0,0,0,0,0,0,0,12051200,289958,5374,689,35
1405624,"Kolby King",1405624,G,UTST,VU,"Utah State",ACTIVE,-1.5,146.5,74,18,6.06,3.38,1.45,0.99,0.89,0.46,0.05,7.51,9.44,10.89,0.51,4.83,12.93,12.93,13.53,20M,4.64,22.42,0,12051150,245095,5579,690,35
1482360,"Jack Francis",1482360,G,TTU,AKR,"Texas Tech",ACTIVE,7.5,155.5,81.5,0,0,0,0,0,0,0,0,0,0,0,0,0,0,0,0,0,0,0,0,12051080,289228,5560,691,35
1405888,"Hunter Jacobson",1405888,G,UNI,STJN,"Northern Iowa",ACTIVE,-9.5,131.5,61,0,0,0,0,0,0,0,0,0,0,0,0,0,0,0,0,0,0,0,0,12050980,244896,5544,692,35
1460591,"Christian Hammond",1460591,G,STC,UK,"Santa Clara",ACTIVE,-3.5,160.5,78.5,33,15.31,3.12,2.44,1.51,2.17,1.03,0.03,17.75,18.43,20.87,1.06,5.56,23.71,23.71,24.65,34M,14.52,34.78,0,12051140,289563,5445,693,35
1405899,"Oziyah Sellers",1405899,G,STJN,UNI,"St. John's (NY)",ACTIVE,9.5,131.5,70.5,24,8.17,2.31,0.97,1.17,0.39,0.47,0.12,9.14,10.48,11.45,0.59,3.28,13.78,13.78,14.08,26M,6.76,21.4,0,12050980,245417,5544,694,35
1461350,"Desmond Roberts",1461350,G,UVA,WRIGH,Virginia,ACTIVE,18.5,145.5,82,0,0,0,0,0,0,0,0,0,0,0,0,0,0,0,0,0,0,0,0,12051110,281809,5580,695,35
1536249,"Carmelo Pacheco",1536249,G,UCF,UCLA,UCF,ACTIVE,-5.5,152.5,73.5,12,3.04,0.93,0.34,1.02,0.24,0.19,0.02,3.38,3.97,4.31,0.21,1.27,5.04,5.04,5.51,14M,0.71,10.31,0,12051020,459336,5568,696,35
1538438,"Dominick Nelson",1538438,G,ISU,TENNS,"Iowa State",ACTIVE,24.5,148.5,86.5,3,1.28,0.35,0.13,0.06,0.32,0.09,0.08,1.41,1.63,1.76,0.17,0.48,2.08,2.08,2.13,5M,0,5.97,0,12051160,460490,5438,697,35
1461130,"Sebastian Mack",1461130,G,MIZZ,MIA,Missouri,ACTIVE,-2.5,146.5,72,0,0,0,0,0,0,0,0,0,0,0,0,0,0,0,0,0,0,0,0,12051130,288849,8393,698,35
1417207,"Donovan Atwell",1417207,F,TTU,AKR,"Texas Tech",ACTIVE,7.5,155.5,81.5,37,17.16,3.8,0.81,4.17,0.64,1.18,0.16,17.97,20.96,21.77,1.34,4.61,26.33,26.33,27.58,40M,17.51,37.65,0,12051080,245795,5560,699,35
1595011,"Salih Altuntas",1595011,C,MIA,MIZZ,"Miami (FL)",ACTIVE,2.5,146.5,74.5,1,0.25,0.26,0.01,0,0.05,0.03,0.05,0.26,0.51,0.52,0.08,0.27,0.79,0.79,0.74,5M,0.74,0.74,0,12051130,654936,8393,700,35
1420694,"Xaivian Lee",1420694,G,UF,PVA&M,Florida,ACTIVE,35.5,155.5,95.5,27,14.06,3.83,4.54,1.93,2.62,1.37,0.06,18.6,17.89,22.43,1.43,8.37,27.14,27.14,28.21,28M,14.29,42.13,0,12070420,250149,5407,701,35
1520761,"Daniel Jacobsen",1520761,C,PUR,QUEEN,Purdue,ACTIVE,25.5,162.5,94,10,4.61,2.31,0.19,0.06,0.38,0.07,0.77,4.8,6.92,7.11,0.84,2.5,9.8,9.8,9.3,12M,9.3,9.3,0,12051070,457503,5517,702,35
1257476,"Themus Fulks",1257476,G,UCF,UCLA,UCF,ACTIVE,-5.5,152.5,73.5,36,14.63,3.02,6.3,0.7,3.66,0.64,0.06,20.93,17.65,23.95,0.7,9.32,26.15,26.15,27.9,40M,17.6,38.2,0,12051020,161415,5568,703,35
1486177,"Xavier Booker",1486177,F,UCLA,UCF,UCLA,ACTIVE,5.5,152.5,79,15,5.16,2.77,0.38,0.65,0.57,0.2,1.03,5.54,7.93,8.31,1.23,3.15,12.2,12.2,11.71,16M,3.06,20.36,0,12051020,290759,5568,704,35
1532773,"Isaia Howard",1532773,G,IOWA,CLEM,Iowa,ACTIVE,-2.5,128.5,65.5,17,4.67,2.96,1.1,0.52,0.68,0.82,0.29,5.77,7.63,8.73,1.11,4.06,12.52,12.52,12.15,18M,3.42,20.88,0,12051200,505495,5374,705,35
1597277,"Isaiah Henry",1597277,G,QUEEN,PUR,"Queens Nc",ACTIVE,-25.5,162.5,68.5,3.5,1.02,0.68,0.19,0.08,0.24,0.04,0.01,1.21,1.7,1.89,0.05,0.87,2.02,2.02,2.16,5M,0,6.06,0,12051070,656625,5517,706,35
1589786,"Trevin Jirak",1589786,C,IOWA,CLEM,Iowa,ACTIVE,-2.5,128.5,65.5,1,0.34,0.16,0.09,0.02,0.11,0.02,0.04,0.43,0.5,0.59,0.06,0.25,0.74,0.74,0.75,5M,0.75,0.75,0,12051200,652059,5374,707,35
1523621,"Joson Sanon",1523621,G,STJN,UNI,"St. John's (NY)",ACTIVE,9.5,131.5,70.5,22,7.43,2.58,0.6,1.65,0.97,0.44,0.13,8.03,10.01,10.61,0.57,3.18,12.16,12.16,13.03,24M,5.7,20.36,0,12050980,455403,5544,708,35
1600621,"Trey Perry",1600621,G,MIAOH,TENN,"Miami (OH)",ACTIVE,-11.5,149.5,69,11.5,4.03,1.23,0.95,0.37,0.47,0.3,0.01,4.98,5.26,6.21,0.31,2.18,7.38,7.38,7.56,12M,0.37,14.75,0,12070740,658417,5552,709,35
1406802,"Drake Allen",1406802,G,UTST,VU,"Utah State",ACTIVE,-1.5,146.5,74,32,10.03,4.06,4.38,1.09,2.69,1.87,0.83,14.41,14.09,18.47,2.7,8.44,26.9,26.9,26.31,34M,15.5,37.12,0,12051150,246710,5579,710,35
1592581,"Jalen Wilson",1592581,F,UNI,STJN,"Northern Iowa",ACTIVE,-9.5,131.5,61,0,0,0,0,0,0,0,0,0,0,0,0,0,0,0,0,0,0,0,0,12050980,656342,5544,711,35
1340791,"Bryce Hopkins",1340791,F,STJN,UNI,"St. John's (NY)",ACTIVE,9.5,131.5,70.5,33,12.44,7.08,1.38,0.75,1.34,1.08,0.2,13.82,19.52,20.9,1.28,8.46,25.51,25.51,25.8,34M,15.53,36.07,0,12050980,179668,5544,712,35
1408914,"Shammah Scott",1408914,G,AKR,TTU,Akron,ACTIVE,-7.5,155.5,74,30,11.58,2.49,2.68,2.06,1.19,0.24,0.15,14.26,14.07,16.75,0.39,5.17,18.57,18.57,19.93,32M,11.16,28.7,0,12051080,245325,5560,713,35
1405416,"Otega Oweh",1405416,G,UK,STC,Kentucky,ACTIVE,3.5,160.5,82,37.5,21.14,4.83,2.83,0.94,2.77,1.85,0.14,23.97,25.97,28.8,1.99,7.66,34.38,34.38,34.53,40M,21.78,47.28,0,12051140,245045,5445,714,35
1593340,"Damon Howard",1593340,G,TENNS,ISU,"Tennessee State",ACTIVE,-24.5,148.5,62,3,0.59,0.32,0.28,0.1,0.21,0.1,0.01,0.87,0.91,1.19,0.11,0.6,1.5,1.5,1.57,5M,0,4.4,0,12051160,657239,5438,715,35
1612458,"Owen Odom",1612458,G,UVA,WRIGH,Virginia,ACTIVE,18.5,145.5,82,0,0,0,0,0,0,0,0,0,0,0,0,0,0,0,0,0,0,0,0,12051110,657247,5580,716,35
1535139,"Devon Malcolm",1535139,G,CALBA,KU,"California Baptist",ACTIVE,-13.5,138.5,62.5,14.5,5.03,3.25,0.75,0.34,0.9,1.15,0.27,5.78,8.28,9.03,1.42,4,13.42,13.42,12.77,16M,2.75,22.79,0,12051000,504280,5442,717,35
1405317,"Jevon Porter",1405317,F,MIZZ,MIA,Missouri,"O(Lower Body - 01/20/2026)",-2.5,146.5,72,0,0,0,0,0,0,0,0,0,0,0,0,0,0,0,0,0,0,0,0,12051130,246074,8393,718,35
1461351,"Elijah Gertrude",1461351,G,UVA,WRIGH,Virginia,ACTIVE,18.5,145.5,82,0,0,0,0,0,0,0,0,0,0,0,0,0,0,0,0,0,0,0,0,12051110,281783,5580,719,35
1232562,"Josh Reaves",1232562,G,HOF,BAMA,Hofstra,ACTIVE,-11.5,158.5,73.5,9,2.47,1.33,0.2,0.52,0.2,0.32,0.08,2.67,3.8,4,0.4,1.53,5.38,5.38,5.41,10M,0,11.63,0,12051090,190406,5342,720,35
1461285,"RJ Taylor",1461285,G,UNI,STJN,"Northern Iowa",ACTIVE,-9.5,131.5,61,14,3.11,1.27,1.15,0.49,0.57,0.43,0.02,4.26,4.38,5.53,0.45,2.42,7.16,7.16,7.3,16M,1.57,13.03,0,12050980,289332,5544,721,35
1595012,"Shelton Henderson",1595012,F,MIA,MIZZ,"Miami (FL)",ACTIVE,2.5,146.5,74.5,32,11.86,5,1.81,0.32,1.68,0.98,0.5,13.67,16.86,18.67,1.48,6.81,23.34,23.34,23.14,34M,13.93,32.35,0,12051130,654977,8393,722,35
1541431,"Redek Born",1541431,G,UNI,STJN,"Northern Iowa",ACTIVE,-9.5,131.5,61,0,0,0,0,0,0,0,0,0,0,0,0,0,0,0,0,0,0,0,0,12050980,459175,5544,723,35
1522940,"Josiah Moseley",1522940,F,TTU,AKR,"Texas Tech",ACTIVE,7.5,155.5,81.5,19,7.56,5.52,0.73,0.36,0.86,0.47,0.82,8.29,13.08,13.81,1.29,6.25,18.29,18.29,17.92,20M,7.11,28.73,0,12051080,457540,5560,724,35
1520762,"Jack Benter",1520762,G,PUR,QUEEN,Purdue,ACTIVE,25.5,162.5,94,15.5,5.44,2.56,0.77,1.1,0.68,0.53,0.02,6.21,8,8.77,0.55,3.33,10.64,10.64,11.11,16M,2.39,19.83,0,12051070,457425,5517,725,35
1541464,"Kavien Jones",1541464,F,TENNS,ISU,"Tennessee State",ACTIVE,-24.5,148.5,62,10.5,2.03,2.38,0.22,0.05,0.31,0.19,0.2,2.25,4.41,4.63,0.39,2.6,6.08,6.08,5.99,12M,0.72,11.26,0,12051160,460457,5438,726,35
1522951,"Cooper Koch",1522951,F,IOWA,CLEM,Iowa,ACTIVE,-2.5,128.5,65.5,30,7.25,2.57,1.1,2.12,0.5,0.4,0.1,8.35,9.82,10.92,0.5,3.67,12.98,12.98,13.92,32M,8.23,19.61,0,12051200,455383,5374,727,35
1410421,"Chris Ashby",1410421,G,QUEEN,PUR,"Queens Nc",ACTIVE,-25.5,162.5,68.5,32,9.17,1.94,1.65,2.79,0.56,0.53,0.01,10.82,11.11,12.76,0.54,3.59,15.03,15.03,16.27,34M,9.58,22.96,0,12051070,247285,5517,728,35
1532774,"Joey Matteoni",1532774,F,IOWA,CLEM,Iowa,ACTIVE,-2.5,128.5,65.5,0,0,0,0,0,0,0,0,0,0,0,0,0,0,0,0,0,0,0,0,12051200,505507,5374,729,35
1597278,"Jordan Watford",1597278,G,QUEEN,PUR,"Queens Nc",ACTIVE,-25.5,162.5,68.5,22.5,11.23,2.97,3.56,0.22,2.11,0.73,0.07,14.79,14.2,17.76,0.8,6.53,20.44,20.44,20.95,24M,9.16,32.74,0,12051070,656658,5517,730,35
1459943,"Cody Head",1459943,G,AKR,TTU,Akron,ACTIVE,-7.5,155.5,74,0,0,0,0,0,0,0,0,0,0,0,0,0,0,0,0,0,0,0,0,12051080,289242,5560,731,35
1533764,"Mason Smith",1533764,F,FUR,UCONN,Furman,ACTIVE,-20.5,136.5,58,1,0.24,0.3,0.02,0.03,0.05,0.02,0.01,0.26,0.54,0.56,0.03,0.32,0.67,0.67,0.69,5M,0,1.76,0,12051010,505523,5381,732,35
1403601,"Mark Mitchell",1403601,F,MIZZ,MIA,Missouri,ACTIVE,-2.5,146.5,72,36,18.38,4.7,4.24,0.91,1.92,0.68,0.33,22.62,23.08,27.32,1.01,8.94,31.5,31.5,32.18,40M,20.43,43.93,0,12051130,245526,8393,733,35
1600622,"Justin Kirby",1600622,G,MIAOH,TENN,"Miami (OH)",ACTIVE,-11.5,149.5,69,16,4.51,2.51,0.52,0.66,0.53,0.38,0.1,5.03,7.02,7.54,0.48,3.03,9.21,9.21,9.45,18M,2.66,16.24,0,12070740,659206,5552,734,35
1426999,"Marcel Bryant",1426999,F,PVA&M,UF,"Prairie View","O(Undisclosed - 03/18/2026)",-35.5,155.5,60,0,0,0,0,0,0,0,0,0,0,0,0,0,0,0,0,0,0,0,0,12070420,290134,5407,735,35
1610446,"Fotis Konstantinidis",1610446,G,STJN,UNI,"St. John's (NY)",ACTIVE,9.5,131.5,70.5,0,0,0,0,0,0,0,0,0,0,0,0,0,0,0,0,0,0,0,0,12050980,652662,5544,736,35
1610578,"Seamus Wilson",1610578,G,QUEEN,PUR,"Queens Nc",ACTIVE,-25.5,162.5,68.5,0,0,0,0,0,0,0,0,0,0,0,0,0,0,0,0,0,0,0,0,12051070,656660,5517,737,35
1460560,"Carlos Lopez",1460560,G,HOF,BAMA,Hofstra,ACTIVE,-11.5,158.5,73.5,0,0,0,0,0,0,0,0,0,0,0,0,0,0,0,0,0,0,0,0,12051090,289581,5342,738,35
1460340,"Jaland Lowe",1460340,G,UK,STC,Kentucky,"O(Arm - 01/14/2026)",3.5,160.5,82,0,0,0,0,0,0,0,0,0,0,0,0,0,0,0,0,0,0,0,0,12051140,281794,5445,739,35
1593330,"Amari Evans",1593330,G,TENN,MIAOH,Tennessee,ACTIVE,11.5,149.5,80.5,17,4.91,3.47,0.65,0.49,0.66,1.02,0.36,5.56,8.38,9.03,1.38,4.12,13.52,13.52,12.89,18M,3.62,22.16,0,12070740,652019,5552,740,35
1460593,"Bukky Oboye",1460593,C,STC,UK,"Santa Clara",ACTIVE,-3.5,160.5,78.5,14,5.43,3.96,0.5,0.14,0.53,0.4,1.01,5.93,9.39,9.89,1.41,4.46,14.65,14.65,13.77,16M,13.77,13.77,0,12051140,289593,5445,741,35
1612459,"Thijs De Ridder",1612459,F,UVA,WRIGH,Virginia,ACTIVE,18.5,145.5,82,28,15.43,6.21,1.55,1.01,1.81,0.93,0.47,16.98,21.64,23.19,1.4,7.76,27.59,27.59,28.03,30M,15.72,40.34,0,12051110,657226,5580,742,35
1524008,"TJ Burch",1524008,G,WRIGH,UVA,"Wright State",ACTIVE,-18.5,145.5,63.5,27,10.83,2.79,3.22,0.95,2.07,2.15,0.29,14.05,13.62,16.84,2.44,6.01,24.26,24.26,23.48,28M,11.89,35.07,0,12051110,458008,5580,743,35
1612239,"Jaeden Roberts",1612239,G,HOF,BAMA,Hofstra,ACTIVE,-11.5,158.5,73.5,1,0.46,0.1,0.1,0.09,0.04,0.04,0.01,0.56,0.56,0.66,0.05,0.2,0.86,0.86,0.87,5M,0,2.44,0,12051090,658864,5342,744,35
1528628,"John Bol",1528628,F,UCF,UCLA,UCF,ACTIVE,-5.5,152.5,73.5,24,6.85,7.29,0.33,0.03,1.56,0.27,1.37,7.18,14.14,14.47,1.64,7.62,19.46,19.46,19.08,26M,9.73,28.43,0,12051020,457996,5568,745,35
1461385,"Carson Schweiger",1461385,F,QUEEN,PUR,"Queens Nc",ACTIVE,-25.5,162.5,68.5,26,8.2,2.97,0.75,2.32,0.67,0.52,0.21,8.95,11.17,11.92,0.73,3.72,14.42,14.42,15.33,28M,8.16,22.5,0,12051070,290431,5517,746,35
1460076,"Braden Pierce",1460076,C,VU,UTST,Villanova,ACTIVE,1.5,146.5,72.5,7,1.83,1.17,0.48,0.01,0.37,0.11,0.5,2.31,3,3.48,0.61,1.65,5.42,5.42,5.05,10M,5.05,5.05,0,12051150,289088,5579,747,35
1599600,"Alex Wilkins",1599600,G,FUR,UCONN,Furman,ACTIVE,-20.5,136.5,58,26.5,12.1,1.54,3.39,1.34,3.32,0.71,0.08,15.49,13.64,17.03,0.79,4.93,18.1,18.1,19.72,28M,9.99,29.45,0,12051010,653579,5381,748,35
1475223,"Greg Gordon",1475223,G,LIU,ARIZ,"Long Island University",ACTIVE,-30.5,150.5,60,32.5,10.42,4.9,2.64,0.23,1.9,1.55,0.69,13.06,15.32,17.96,2.24,7.54,25.06,25.06,24.16,34M,14.23,34.09,0,12051120,290836,5345,749,35
1340198,"Addison Arnold",1340198,G,ARIZ,LIU,Arizona,ACTIVE,30.5,150.5,90.5,2,0.45,0.25,0.18,0.07,0.15,0.05,0.03,0.63,0.7,0.88,0.08,0.43,1.1,1.1,1.14,5M,0,3.2,0,12051120,179296,5345,750,35
1520730,"Bishop Boswell",1520730,G,TENN,MIAOH,Tennessee,ACTIVE,11.5,149.5,80.5,27,6.43,4.25,3.04,0.88,1.65,1.05,0.16,9.47,10.68,13.72,1.21,7.29,18.08,18.08,18.36,28M,9.3,27.42,0,12070740,457997,5552,751,35
1458811,"Asa Thomas",1458811,F,FUR,UCONN,Furman,ACTIVE,-20.5,136.5,58,21,6.39,2.44,1.2,1.59,0.5,0.36,0.27,7.59,8.83,10.03,0.63,3.64,12.5,12.5,13.04,22M,5.41,20.67,0,12051010,281680,5381,752,35
1542664,"Marcus Allen",1542664,G,MIA,MIZZ,"Miami (FL)","O(Illness - 12/19/2025)",2.5,146.5,74.5,0,0,0,0,0,0,0,0,0,0,0,0,0,0,0,0,0,0,0,0,12051130,216948,8393,753,35
1599534,"Nginyu Ngala",1599534,G,KU,CALBA,Kansas,ACTIVE,13.5,138.5,76,0.75,0.17,0.08,0.04,0.03,0.05,0.02,0,0.21,0.25,0.29,0.02,0.12,0.35,0.35,0.37,5M,0,1.04,0,12051000,652336,5442,754,35
1522941,"Aleksandar Gavalyugov",1522941,G,STC,UK,"Santa Clara",ACTIVE,-3.5,160.5,78.5,22,9.25,1.99,3.12,1.85,1.47,0.4,0.01,12.37,11.24,14.36,0.41,5.11,16.09,16.09,17.44,24M,7.62,27.26,0,12051140,457475,5445,755,35
1343025,"Keeshawn Mason",1343025,F,PVA&M,UF,"Prairie View",ACTIVE,-35.5,155.5,60,2,0.51,0.34,0.04,0.03,0.08,0.05,0.05,0.55,0.85,0.89,0.1,0.38,1.21,1.21,1.18,5M,0,3.02,0,12070420,180562,5407,756,35
1522952,"Jacob Koch",1522952,G,IOWA,CLEM,Iowa,ACTIVE,-2.5,128.5,65.5,0,0,0,0,0,0,0,0,0,0,0,0,0,0,0,0,0,0,0,0,12051200,455384,5374,757,35
1599435,"Kelvin Odih",1599435,G,STJN,UNI,"St. John's (NY)",ACTIVE,9.5,131.5,70.5,0,0,0,0,0,0,0,0,0,0,0,0,0,0,0,0,0,0,0,0,12050980,652686,5544,758,35
1232079,"Latrell Wrightsell",1232079,G,BAMA,HOF,Alabama,ACTIVE,11.5,158.5,85,27,13.13,3.06,1.87,2.76,0.83,0.95,0.02,15,16.19,18.06,0.97,4.93,21.68,21.68,22.66,28M,11.48,33.84,0,12051090,149660,5342,759,35
1402810,"Silas Sunday",1402810,F,HOF,BAMA,Hofstra,ACTIVE,-11.5,158.5,73.5,25.5,5.99,9.05,0.76,0.03,1.73,0.47,1.71,6.75,15.04,15.8,2.18,9.81,22.81,22.81,22.16,26M,11.3,33.02,0,12051090,246685,5342,760,35
1520785,"Malachi Palmer",1520785,G,VU,UTST,Villanova,ACTIVE,1.5,146.5,72.5,29,7.35,3.15,0.76,1.29,0.91,0.73,0.15,8.11,10.5,11.26,0.88,3.91,14.02,14.02,14.39,30M,7.83,20.95,0,12051150,455393,5579,761,35
1535811,"Brant Byers",1535811,F,MIAOH,TENN,"Miami (OH)",ACTIVE,-11.5,149.5,69,33,11.28,3.55,0.59,1.51,1.08,0.59,0.38,11.87,14.83,15.42,0.97,4.14,18.24,18.24,18.76,34M,11.29,26.23,0,12070740,458011,5552,762,35
1459515,"Alex Condon",1459515,F,UF,PVA&M,Florida,ACTIVE,35.5,155.5,95.5,28.5,17.35,7.48,2.94,0.31,2.87,0.51,1.36,20.29,24.83,27.77,1.87,10.42,33.49,33.49,33.86,30M,18.99,48.73,0,12070420,289021,5407,763,35
1432169,"Marino Dubravcic",1432169,F,UNI,STJN,"Northern Iowa","O(Undisclosed - 01/21/2026)",-9.5,131.5,61,0,0,0,0,0,0,0,0,0,0,0,0,0,0,0,0,0,0,0,0,12050980,455369,5544,764,35
1401446,"Peter Suder",1401446,G,MIAOH,TENN,"Miami (OH)",ACTIVE,-11.5,149.5,69,36,13.98,4.99,3.73,1.1,2.08,1.38,0.44,17.71,18.97,22.7,1.82,8.72,28.94,28.94,29,40M,18.29,39.71,0,12070740,246242,5552,765,35
1600623,"Tyler Robbins",1600623,F,MIAOH,TENN,"Miami (OH)",ACTIVE,-11.5,149.5,69,0,0,0,0,0,0,0,0,0,0,0,0,0,0,0,0,0,0,0,0,12070740,659235,5552,766,35
1459779,"Tre'shawn Sheppard",1459779,G,LIU,ARIZ,"Long Island University",ACTIVE,-30.5,150.5,60,3,0.54,0.68,0.12,0.06,0.15,0.12,0.08,0.66,1.22,1.34,0.2,0.8,1.99,1.99,1.93,5M,0,5.41,0,12051120,289319,5345,767,35
1403889,"Shawn Phillips",1403889,F,MIZZ,MIA,Missouri,ACTIVE,-2.5,146.5,72,22,7.55,4.83,0.67,0.03,2.15,0.35,1.24,8.22,12.38,13.05,1.59,5.5,16.98,16.98,16.74,24M,8.15,25.33,0,12051130,245106,8393,768,35
1480394,"Mouhamed Dioubate",1480394,F,UK,STC,Kentucky,ACTIVE,3.5,160.5,82,21,9.01,5.69,1.1,0.25,0.84,0.82,1.01,10.11,14.7,15.8,1.83,6.79,22.13,22.13,21.18,22M,8.79,33.57,0,12051140,289029,5445,769,35
1592594,"Jacob Furphy",1592594,G,UCONN,FUR,Connecticut,ACTIVE,20.5,136.5,78.5,0.5,0.13,0.04,0.02,0.02,0.03,0.02,0,0.15,0.17,0.19,0.02,0.06,0.24,0.24,0.25,5M,0,0.7,0,12051010,652315,5381,770,35
1493275,"Luke Kearney",1493275,F,UTST,VU,"Utah State",ACTIVE,-1.5,146.5,74,0,0,0,0,0,0,0,0,0,0,0,0,0,0,0,0,0,0,0,0,12051150,291795,5579,771,35
1344720,"AJ Neal",1344720,G,LIU,ARIZ,"Long Island University",ACTIVE,-30.5,150.5,60,3,0.77,0.22,0.23,0.11,0.25,0.1,0.03,1,0.99,1.22,0.13,0.45,1.53,1.53,1.59,5M,0,4.46,0,12051120,179679,5345,772,35
1473101,"Cooper Josefsberg",1473101,G,UF,PVA&M,Florida,ACTIVE,35.5,155.5,95.5,1,0.45,0.17,0.07,0.07,0.08,0.03,0.01,0.52,0.62,0.69,0.04,0.24,0.79,0.79,0.84,5M,0,2.36,0,12070420,289063,5407,773,35
1460286,"Brandon Garrison",1460286,C,UK,STC,Kentucky,ACTIVE,3.5,160.5,82,17,5.52,4.59,1.09,0.19,1.08,0.78,0.97,6.61,10.11,11.2,1.75,5.68,16.86,16.86,15.98,18M,15.98,15.98,0,12051140,282634,5445,774,35
1420741,"Malachi Douyon",1420741,G,STC,UK,"Santa Clara",ACTIVE,-3.5,160.5,78.5,0,0,0,0,0,0,0,0,0,0,0,0,0,0,0,0,0,0,0,0,12051140,251051,5445,775,35
1461287,"Kyle Pock",1461287,F,UNI,STJN,"Northern Iowa",ACTIVE,-9.5,131.5,61,1,0.26,0.09,0.02,0.05,0.02,0.03,0.01,0.28,0.35,0.37,0.04,0.11,0.5,0.5,0.5,5M,0,1.28,0,12050980,289300,5544,776,35
1599601,"Gunnar Lewis",1599601,G,FUR,UCONN,Furman,ACTIVE,-20.5,136.5,58,0,0,0,0,0,0,0,0,0,0,0,0,0,0,0,0,0,0,0,0,12051010,653549,5381,777,35
1596697,"Markell Alston",1596697,G,UCLA,UCF,UCLA,ACTIVE,5.5,152.5,79,0,0,0,0,0,0,0,0,0,0,0,0,0,0,0,0,0,0,0,0,12051020,652300,5568,778,35
1487676,"Thomas Tillman",1487676,F,FUR,UCONN,Furman,ACTIVE,-20.5,136.5,58,1,0.28,0.18,0.03,0.02,0.06,0.02,0.02,0.31,0.46,0.49,0.04,0.21,0.62,0.62,0.62,5M,0,1.59,0,12051010,291200,5381,779,35
1595014,"John Laboy",1595014,G,MIA,MIZZ,"Miami (FL)",ACTIVE,2.5,146.5,74.5,0,0,0,0,0,0,0,0,0,0,0,0,0,0,0,0,0,0,0,0,12051130,654992,8393,780,35
1541433,"Max Weisbrod",1541433,G,UNI,STJN,"Northern Iowa",ACTIVE,-9.5,131.5,61,28,6.13,2.49,1.45,1.64,1.29,0.7,0.18,7.58,8.62,10.07,0.88,3.94,12.65,12.65,13.36,30M,7.27,19.45,0,12050980,459404,5544,781,35
1520753,"Aaron Fine",1520753,G,PUR,QUEEN,Purdue,ACTIVE,25.5,162.5,94,1,0.39,0.09,0.08,0.04,0.09,0.03,0.01,0.47,0.48,0.56,0.04,0.17,0.65,0.65,0.68,5M,0,1.91,0,12051070,457465,5517,782,35
1343026,"Houston Mallette",1343026,G,BAMA,HOF,Alabama,ACTIVE,11.5,158.5,85,22,5.2,4.33,1.06,1.58,0.43,0.61,0,6.26,9.53,10.59,0.61,5.39,13.41,13.41,14.02,24M,6.13,21.91,0,12051090,179914,5342,783,35
1402800,"Sadiku Ibine Ayo",1402800,F,STJN,UNI,"St. John's (NY)",ACTIVE,9.5,131.5,70.5,4,0.94,0.62,0.18,0.12,0.19,0.18,0.07,1.12,1.56,1.74,0.25,0.8,2.51,2.51,2.45,5M,0,6.26,0,12050980,246652,5544,784,35
1522953,"Chris Tadjo",1522953,F,STC,UK,"Santa Clara","O(Undisclosed - 12/06/2025)",-3.5,160.5,78.5,0,0,0,0,0,0,0,0,0,0,0,0,0,0,0,0,0,0,0,0,12051140,455409,5445,785,35
1420598,"Eli Yofan",1420598,G,MIAOH,TENN,"Miami (OH)",ACTIVE,-11.5,149.5,69,0,0,0,0,0,0,0,0,0,0,0,0,0,0,0,0,0,0,0,0,12070740,289116,5552,786,35
1334226,"Malachi Smith",1334226,G,UCONN,FUR,Connecticut,ACTIVE,20.5,136.5,78.5,11,2.61,1.11,1.48,0.51,0.65,0.62,0.07,4.09,3.72,5.2,0.69,2.59,7.55,7.55,7.5,12M,0.36,14.64,0,12051010,179462,5381,787,35
1521578,"Isaiah Brown",1521578,G,UF,PVA&M,Florida,ACTIVE,35.5,155.5,95.5,15.5,0,0,0,0,0,0,0,0,0,0,0,0,0,0,0,16M,0,0,0,12070420,457427,5407,788,35
1324348,"Nick Davidson",1324348,F,CLEM,IOWA,Clemson,ACTIVE,2.5,128.5,63,24.5,9.58,4.68,0.9,0.95,1.54,0.35,0.45,10.48,14.26,15.16,0.8,5.58,17.43,17.43,18.12,26M,9.24,27,0,12051200,179815,5374,789,35
1459516,"Thomas Haugh",1459516,F,UF,PVA&M,Florida,ACTIVE,35.5,155.5,95.5,31.5,18.87,6.11,1.61,2.13,1.65,1.03,1.05,20.48,24.98,26.59,2.08,7.72,33.21,33.21,33.45,32M,19.79,47.11,0,12070420,289052,5407,790,35
1522326,"Jalil Bethea",1522326,G,BAMA,HOF,Alabama,ACTIVE,11.5,158.5,85,9.5,4.53,1.62,0.61,0.7,0.53,0.22,0.07,5.14,6.15,6.76,0.29,2.23,7.72,7.72,8.13,10M,0,17.48,0,12051090,457990,5342,791,35
1459769,"Jaylen Carey",1459769,F,TENN,MIAOH,Tennessee,ACTIVE,11.5,149.5,80.5,19,6.37,6.01,1.12,0.03,0.9,0.2,0.12,7.49,12.38,13.5,0.32,7.13,15.33,15.33,15.82,20M,6.27,25.37,0,12070740,289688,5552,792,35
1600624,"Leshawn Stowers",1600624,G,MIAOH,TENN,"Miami (OH)","Q(Undisclosed - 03/18/2026)",-11.5,149.5,69,0,0,0,0,0,0,0,0,0,0,0,0,0,0,0,0,0,0,0,0,12070740,659248,5552,793,35
1402305,"Tom House",1402305,G,FUR,UCONN,Furman,ACTIVE,-20.5,136.5,58,24,6.31,2.38,1.3,1.26,0.6,0.49,0.12,7.61,8.69,9.99,0.61,3.68,12.33,12.33,12.77,26M,6.13,19.41,0,12051010,245498,5381,794,35
1423359,"Poohpha Warakulnukroh",1423359,G,UCF,UCLA,UCF,ACTIVE,-5.5,152.5,73.5,0,0,0,0,0,0,0,0,0,0,0,0,0,0,0,0,0,0,0,0,12051020,250234,5568,795,35
1406915,"Jestin Porter",1406915,G,CLEM,IOWA,Clemson,ACTIVE,2.5,128.5,63,26,7.1,1.65,1.03,1.31,0.78,0.91,0.27,8.13,8.75,9.78,1.18,2.68,13.38,13.38,13.33,28M,6.75,19.91,0,12051200,246410,5374,796,35
1481231,"Justin Cross",1481231,G,KU,CALBA,Kansas,ACTIVE,13.5,138.5,76,0,0,0,0,0,0,0,0,0,0,0,0,0,0,0,0,0,0,0,0,12051000,281777,5442,797,35
1413218,"Bryan Etumnu",1413218,F,WRIGH,UVA,"Wright State",ACTIVE,-18.5,145.5,63.5,2.5,0.64,0.55,0.06,0.08,0.1,0.05,0.07,0.7,1.19,1.25,0.12,0.61,1.64,1.64,1.64,5M,0,4.19,0,12051110,246190,5580,798,35
1460540,"Alex Kovatchev",1460540,G,UF,PVA&M,Florida,ACTIVE,35.5,155.5,95.5,2,0.51,0.25,0.11,0.1,0.13,0.06,0.03,0.62,0.76,0.87,0.09,0.36,1.11,1.11,1.14,5M,0,3.2,0,12070420,288837,5407,799,35
1592595,"Braylon Mullins",1592595,G,UCONN,FUR,Connecticut,ACTIVE,20.5,136.5,78.5,30,13.13,3.54,1.34,2.43,1.13,1.14,0.72,14.47,16.67,18.01,1.86,4.88,23.85,23.85,23.95,32M,13.41,34.49,0,12051010,652335,5381,800,35
1593332,"Clarence Massamba",1593332,G,TENN,MIAOH,Tennessee,ACTIVE,11.5,149.5,80.5,0,0,0,0,0,0,0,0,0,0,0,0,0,0,0,0,0,0,0,0,12070740,652089,5552,801,35
1593343,"Jabrion Spikes",1593343,G,TENNS,ISU,"Tennessee State",ACTIVE,-24.5,148.5,62,16,3.76,1.53,0.63,0.4,0.93,0.62,0.25,4.39,5.29,5.92,0.87,2.16,8.23,8.23,8.09,18M,2.28,13.9,0,12051160,657253,5438,802,35
1482386,"Malachi Davis",1482386,G,LIU,ARIZ,"Long Island University",ACTIVE,-30.5,150.5,60,36,13.37,4.3,3.82,1.45,2.99,1.3,0.13,17.19,17.67,21.49,1.43,8.12,25.57,25.57,26.6,40M,16.78,36.42,0,12051120,288768,5345,803,35
1461343,"Carter Lang",1461343,F,UVA,WRIGH,Virginia,ACTIVE,18.5,145.5,82,0,0,0,0,0,0,0,0,0,0,0,0,0,0,0,0,0,0,0,0,12051110,289261,5580,804,35
1460375,"Jace Rayl",1460375,G,PUR,QUEEN,Purdue,ACTIVE,25.5,162.5,94,1,0.31,0.1,0.06,0.04,0.06,0.03,0.01,0.37,0.41,0.47,0.04,0.16,0.57,0.57,0.58,5M,0,1.63,0,12051070,289090,5517,805,35
1245853,"Joey Madimba",1245853,F,PVA&M,UF,"Prairie View",ACTIVE,-35.5,155.5,60,3,1.16,0.57,0.09,0.07,0.17,0.1,0.09,1.25,1.73,1.82,0.19,0.66,2.37,2.37,2.33,5M,0,5.96,0,12070420,158465,5407,806,35
1232543,"Liam Murphy",1232543,F,PUR,QUEEN,Purdue,ACTIVE,25.5,162.5,94,1,0.32,0.2,0.04,0.04,0.04,0.02,0.03,0.36,0.52,0.56,0.05,0.24,0.72,0.72,0.72,5M,0,1.84,0,12051070,149489,5517,807,35
1552731,"Anthony Peoples",1552731,F,UCLA,UCF,UCLA,ACTIVE,5.5,152.5,79,0,0,0,0,0,0,0,0,0,0,0,0,0,0,0,0,0,0,0,0,12051020,505284,5568,808,35
1231124,"Dwayne Koroma",1231124,F,UCONN,FUR,Connecticut,ACTIVE,20.5,136.5,78.5,0.5,0.18,0.1,0.01,0.01,0.03,0.02,0.01,0.19,0.28,0.29,0.03,0.11,0.38,0.38,0.38,5M,0,0.97,0,12051010,148985,5381,809,35
1420742,"Brendan Yarusso",1420742,G,STC,UK,"Santa Clara",ACTIVE,-3.5,160.5,78.5,0,0,0,0,0,0,0,0,0,0,0,0,0,0,0,0,0,0,0,0,12051140,251052,5445,810,35
1599602,"Owen Ritger",1599602,F,FUR,UCONN,Furman,ACTIVE,-20.5,136.5,58,1,0.21,0.15,0.05,0.01,0.06,0.01,0.02,0.26,0.36,0.41,0.03,0.2,0.49,0.49,0.5,5M,0,1.28,0,12051010,653567,5381,811,35
1597556,"Trey Boyd III",1597556,G,HOF,BAMA,Hofstra,ACTIVE,-11.5,158.5,73.5,0,0,0,0,0,0,0,0,0,0,0,0,0,0,0,0,0,0,0,0,12051090,658826,5342,812,35
1595015,"Timotej Malovec",1595015,F,MIA,MIZZ,"Miami (FL)",ACTIVE,2.5,146.5,74.5,10,2.6,1.02,0.58,0.73,0.48,0.19,0.21,3.18,3.62,4.2,0.4,1.6,5.38,5.38,5.65,12M,0.68,10.62,0,12051130,655003,8393,813,35
1323513,"Charles Bediako",1323513,F,BAMA,HOF,Alabama,ACTIVE,11.5,158.5,85,0,0,0,0,0,0,0,0,0,0,0,0,0,0,0,0,0,0,0,0,12051090,179290,5342,814,35
1542666,"T.O. Barrett",1542666,G,MIZZ,MIA,Missouri,ACTIVE,-2.5,146.5,72,29,10.71,3.35,4.18,0.6,2.68,1.73,0.28,14.89,14.06,18.24,2.01,7.53,24.33,24.33,24.14,30M,13.13,35.15,0,12051130,505746,8393,815,35
1522943,"Matthew Hodge",1522943,F,VU,UTST,Villanova,"O(ACL - 03/02/2026)",1.5,146.5,72.5,0,0,0,0,0,0,0,0,0,0,0,0,0,0,0,0,0,0,0,0,12051150,457498,5579,816,35
1520765,"Gicarri Harris",1520765,G,PUR,QUEEN,Purdue,ACTIVE,25.5,162.5,94,14,5.06,1.43,0.53,0.97,0.32,0.7,0.09,5.59,6.49,7.02,0.79,1.96,9.64,9.64,9.55,16M,2.06,17.04,0,12051070,457493,5517,817,35
1599437,"Casper Pohto",1599437,G,STJN,UNI,"St. John's (NY)","O(Hip - 01/06/2026)",9.5,131.5,70.5,0,0,0,0,0,0,0,0,0,0,0,0,0,0,0,0,0,0,0,0,12050980,652697,5544,818,35
1334337,"Handje Tamba",1334337,F,STJN,UNI,"St. John's (NY)",ACTIVE,9.5,131.5,70.5,0,0,0,0,0,0,0,0,0,0,0,0,0,0,0,0,0,0,0,0,12050980,180063,5544,819,35
1610602,"Trey Thompson",1610602,F,IOWA,CLEM,Iowa,ACTIVE,-2.5,128.5,65.5,0,0,0,0,0,0,0,0,0,0,0,0,0,0,0,0,0,0,0,0,12051200,652180,5374,820,35
1401536,"RJ Godfrey",1401536,F,CLEM,IOWA,Clemson,ACTIVE,2.5,128.5,63,26.5,11.36,5.38,1.39,0.08,1.74,0.55,0.65,12.75,16.74,18.13,1.2,6.77,21.77,21.77,21.79,28M,11.6,31.98,0,12051200,281656,5374,821,35
1405903,"Tre White",1405903,G,KU,CALBA,Kansas,ACTIVE,13.5,138.5,76,30.5,12.16,5.57,1.25,1.79,1.61,0.35,0.35,13.41,17.73,18.98,0.7,6.82,21.2,21.2,22.53,32M,12.62,32.44,0,12051000,245428,5442,822,35
1403615,"German Plotnikov",1403615,G,HOF,BAMA,Hofstra,ACTIVE,-11.5,158.5,73.5,31.5,9.02,4.23,0.95,1.66,0.74,0.85,0.64,9.97,13.25,14.2,1.49,5.18,19.28,19.28,19.2,32M,10.75,27.65,0,12051090,246762,5342,823,35
1437616,"Jordan Burks",1437616,F,UCF,UCLA,UCF,ACTIVE,-5.5,152.5,73.5,31.5,13.08,5.53,0.67,1.84,1,1.12,0.42,13.75,18.61,19.28,1.54,6.2,24.33,24.33,24.55,32M,14.52,34.58,0,12051020,288751,5568,824,35
1557527,"Ogien Ayo",1557527,F,TENNS,ISU,"Tennessee State",ACTIVE,-24.5,148.5,62,0,0,0,0,0,0,0,0,0,0,0,0,0,0,0,0,0,0,0,0,12051160,547440,5438,825,35
1459528,"Eddrin Bronson",1459528,G,FUR,UCONN,Furman,ACTIVE,-20.5,136.5,58,24,5.44,2,1.21,0.81,1.44,0.55,0.32,6.65,7.44,8.65,0.87,3.21,10.83,10.83,11.19,26M,5.37,17.01,0,12051010,289681,5381,826,35
1600625,"Kyle Waltz",1600625,F,MIAOH,TENN,"Miami (OH)",ACTIVE,-11.5,149.5,69,0,0,0,0,0,0,0,0,0,0,0,0,0,0,0,0,0,0,0,0,12070740,659259,5552,827,35
1612418,"Ethan Burg",1612418,G,TENN,MIAOH,Tennessee,ACTIVE,11.5,149.5,80.5,9,2.15,0.76,0.73,0.45,0.71,0.32,0.05,2.88,2.91,3.64,0.37,1.49,4.58,4.58,4.82,10M,0,10.37,0,12070740,654387,5552,828,35
1538608,"Sven Djopmo",1538608,G,ARIZ,LIU,Arizona,ACTIVE,30.5,150.5,90.5,2,0.65,0.2,0.15,0.08,0.11,0.05,0.01,0.8,0.85,1,0.06,0.35,1.2,1.2,1.24,5M,0,3.48,0,12051120,503255,5345,829,35
1594895,"Corbin Allen",1594895,G,KU,CALBA,Kansas,ACTIVE,13.5,138.5,76,0,0,0,0,0,0,0,0,0,0,0,0,0,0,0,0,0,0,0,0,12051000,652299,5442,830,35
1592596,"Eric Reibe",1592596,C,UCONN,FUR,Connecticut,ACTIVE,20.5,136.5,78.5,13,6.22,3.27,0.46,0.03,0.35,0.34,0.51,6.68,9.49,9.95,0.85,3.73,13.01,13.01,12.52,14M,12.52,12.52,0,12051010,652344,5381,831,35
1593333,"DeWayne Brown",1593333,F,TENN,MIAOH,Tennessee,ACTIVE,11.5,149.5,80.5,8,2.27,1.89,0.52,0.01,0.38,0.17,0.29,2.79,4.16,4.68,0.46,2.41,6.32,6.32,6.15,10M,0,12.73,0,12070740,651983,5552,832,35
1593344,"Jayden Jones",1593344,G,TENNS,ISU,"Tennessee State",ACTIVE,-24.5,148.5,62,0,0,0,0,0,0,0,0,0,0,0,0,0,0,0,0,0,0,0,0,12051160,657240,5438,833,35
1460134,"Jackson Kotecki",1460134,F,MIAOH,TENN,"Miami (OH)",ACTIVE,-11.5,149.5,69,0,0,0,0,0,0,0,0,0,0,0,0,0,0,0,0,0,0,0,0,12070740,289066,5552,834,35
1353896,"Lance Williams",1353896,G,PVA&M,UF,"Prairie View",ACTIVE,-35.5,155.5,60,38,9.81,3.44,3.13,0.78,1.91,1,0.24,12.94,13.25,16.38,1.24,6.57,20.42,20.42,20.71,40M,13.07,28.35,0,12070420,229076,5407,835,35
1461047,"Ryan Bolton",1461047,F,PVA&M,UF,"Prairie View","O(Undisclosed - 03/18/2026)",-35.5,155.5,60,0,0,0,0,0,0,0,0,0,0,0,0,0,0,0,0,0,0,0,0,12070420,289675,5407,836,35
1595016,"Aaron Rowe",1595016,G,MIZZ,MIA,Missouri,ACTIVE,-2.5,146.5,72,0,0,0,0,0,0,0,0,0,0,0,0,0,0,0,0,0,0,0,0,12051130,652148,8393,837,35
1422613,"Garry Clark",1422613,F,UTST,VU,"Utah State",ACTIVE,-1.5,146.5,74,10.5,3.54,2.44,0.33,0.05,0.57,0.18,0.29,3.87,5.98,6.31,0.47,2.77,7.79,7.79,7.76,12M,0.93,14.59,0,12051150,250159,5579,838,35
1522944,"Wade Chiddick",1522944,G,VU,UTST,Villanova,"O(Knee - 01/07/2026)",1.5,146.5,72.5,0,0,0,0,0,0,0,0,0,0,0,0,0,0,0,0,0,0,0,0,12051150,457437,5579,839,35
1520766,"Raleigh Burgess",1520766,F,PUR,QUEEN,Purdue,ACTIVE,25.5,162.5,94,0,0,0,0,0,0,0,0,0,0,0,0,0,0,0,0,0,0,0,0,12051070,457428,5517,840,35
1402802,"Cruz Davis",1402802,G,HOF,BAMA,Hofstra,ACTIVE,-11.5,158.5,73.5,35,17.46,3.37,4.29,1.95,2.33,1.28,0.28,21.75,20.83,25.12,1.56,7.66,30.3,30.3,31.07,36M,18.84,43.3,0,12051090,246627,5342,841,35
1402846,"Tamin Lipsey",1402846,G,ISU,TENNS,"Iowa State",ACTIVE,24.5,148.5,86.5,30.5,13.88,3.94,4.28,1.29,2.03,1.81,0.01,18.16,17.82,22.1,1.82,8.22,28.47,28.47,28.53,32M,15.98,41.08,0,12051160,245021,5438,842,35
1610746,"Rrezon Elezaj",1610746,C,UCONN,FUR,Connecticut,ACTIVE,20.5,136.5,78.5,0,0,0,0,0,0,0,0,0,0,0,0,0,0,0,0,0,0,0,0,12051010,652311,5381,843,35
1523626,"Boogie Fland",1523626,G,UF,PVA&M,Florida,ACTIVE,35.5,155.5,95.5,30.5,14.56,3.02,3.19,1.21,1.83,1.69,0.03,17.75,17.58,20.77,1.72,6.21,26.3,26.3,26.25,32M,14.7,37.8,0,12070420,457466,5407,844,35
1611725,"Uroš Paunović",1611725,G,UCONN,FUR,Connecticut,ACTIVE,20.5,136.5,78.5,0.5,0.15,0.05,0.03,0.02,0.03,0.02,0,0.18,0.2,0.23,0.02,0.08,0.28,0.28,0.28,5M,0,0.79,0,12051010,652339,5381,845,35
1537805,"Brandon Morgan",1537805,G,HOF,BAMA,Hofstra,ACTIVE,-11.5,158.5,73.5,0,0,0,0,0,0,0,0,0,0,0,0,0,0,0,0,0,0,0,0,12051090,459317,5342,846,35
1536859,"Alex Bruskotter",1536859,G,WRIGH,UVA,"Wright State",ACTIVE,-18.5,145.5,63.5,2.5,0.8,0.39,0.1,0.13,0.14,0.08,0.01,0.9,1.19,1.29,0.09,0.49,1.56,1.56,1.62,5M,0,4.54,0,12051110,459180,5580,847,35
1523549,"Rich Brisco",1523549,F,AKR,TTU,Akron,ACTIVE,-7.5,155.5,74,0,0,0,0,0,0,0,0,0,0,0,0,0,0,0,0,0,0,0,0,12051080,458002,5560,848,35
1593982,"CJ Ingram",1593982,G,UF,PVA&M,Florida,ACTIVE,35.5,155.5,95.5,2,0.79,0.36,0.16,0.14,0.15,0.04,0.02,0.95,1.15,1.31,0.06,0.52,1.49,1.49,1.6,5M,0,4.49,0,12070420,652054,5407,849,35
1481222,"Jamar Brown",1481222,G,UCLA,UCF,UCLA,ACTIVE,5.5,152.5,79,2,0.34,0.35,0.08,0.07,0.05,0.05,0,0.42,0.69,0.77,0.05,0.43,1,1,1.01,5M,0,2.83,0,12051020,290023,5568,850,35
1593510,"Noah Badibanga",1593510,F,STC,UK,"Santa Clara",ACTIVE,-3.5,160.5,78.5,0,0,0,0,0,0,0,0,0,0,0,0,0,0,0,0,0,0,0,0,12051140,659479,5445,851,35
1548509,"Ismael Diouf",1548509,F,UNI,STJN,"Northern Iowa",ACTIVE,-9.5,131.5,61,5,1.33,0.63,0.34,0.14,0.43,0.09,0.1,1.67,1.96,2.3,0.19,0.97,2.72,2.72,2.85,10M,0,5.9,0,12050980,505199,5544,852,35
1592575,"Geon Hutchins",1592575,G,UNI,STJN,"Northern Iowa",ACTIVE,-9.5,131.5,61,5,0.79,0.72,0.15,0.14,0.26,0.19,0.04,0.94,1.51,1.66,0.23,0.87,2.31,2.31,2.31,10M,0,4.97,0,12050980,656278,5544,853,35
1593312,"Nolan Groves",1593312,G,TTU,AKR,"Texas Tech",ACTIVE,7.5,155.5,81.5,0,0,0,0,0,0,0,0,0,0,0,0,0,0,0,0,0,0,0,0,12051080,652317,5560,854,35
1591013,"Dwayne Aristode",1591013,G,ARIZ,LIU,Arizona,ACTIVE,30.5,150.5,90.5,11,3.27,1.3,0.66,0.73,0.47,0.49,0.07,3.93,4.57,5.23,0.56,1.96,7.05,7.05,7.14,12M,0.35,13.93,0,12051120,651959,5345,855,35
1594896,"Samis Calderon",1594896,F,KU,CALBA,Kansas,ACTIVE,13.5,138.5,76,0.75,0.17,0.14,0.04,0.01,0.06,0.02,0.03,0.21,0.31,0.35,0.05,0.18,0.48,0.48,0.48,5M,0,1.23,0,12051000,652305,5442,856,35
1592597,"Jacob Ross",1592597,G,UCONN,FUR,Connecticut,ACTIVE,20.5,136.5,78.5,0,0,0,0,0,0,0,0,0,0,0,0,0,0,0,0,0,0,0,0,12051010,652347,5381,857,35
1593334,"Nate Ament",1593334,F,TENN,MIAOH,Tennessee,ACTIVE,11.5,149.5,80.5,34,19.21,7.02,2.51,1.88,2.64,0.84,0.83,21.72,26.23,28.74,1.67,9.53,33.78,33.78,34.95,36M,21.55,48.35,0,12070740,651957,5552,858,35
1593345,"Jean Yvens Lafleur",1593345,F,TENNS,ISU,"Tennessee State",ACTIVE,-24.5,148.5,62,0,0,0,0,0,0,0,0,0,0,0,0,0,0,0,0,0,0,0,0,12051160,657244,5438,859,35
1365403,"Alex Karaban",1365403,F,UCONN,FUR,Connecticut,ACTIVE,20.5,136.5,78.5,35,12.4,5.38,2.22,1.73,1.27,0.85,0.68,14.62,17.78,20,1.53,7.6,25.51,25.51,25.8,36M,15.9,35.7,0,12051010,181795,5381,860,35
1460179,"Tru Washington",1460179,G,MIA,MIZZ,"Miami (FL)",ACTIVE,2.5,146.5,74.5,27,11.05,3.7,1.45,1.41,1.27,1.53,0.02,12.5,14.75,16.2,1.55,5.15,21.07,21.07,21.04,28M,10.66,31.42,0,12051130,288948,8393,861,35
1597547,"James Patterson",1597547,G,HOF,BAMA,Hofstra,ACTIVE,-11.5,158.5,73.5,23,10.07,6.48,0.49,1.18,1.24,0.78,0.08,10.56,16.55,17.04,0.86,6.97,19.94,19.94,20.7,24M,9.05,32.35,0,12051090,505280,5342,862,35
1232127,"Monty Bowser",1232127,F,CALBA,KU,"California Baptist",ACTIVE,-13.5,138.5,62.5,1,0.25,0.21,0.02,0.03,0.04,0.03,0.02,0.27,0.46,0.48,0.05,0.23,0.63,0.63,0.63,5M,0,1.61,0,12051000,149775,5442,863,35
1464106,"Tyler Perkins",1464106,G,VU,UTST,Villanova,ACTIVE,1.5,146.5,72.5,34,15.53,6.65,1.31,2.34,1.06,1.06,0.35,16.84,22.18,23.49,1.41,7.96,28.63,28.63,29.42,36M,17.84,41,0,12051150,289295,5579,864,35
1520734,"Campbell Duncan",1520734,G,TENN,MIAOH,Tennessee,ACTIVE,11.5,149.5,80.5,0,0,0,0,0,0,0,0,0,0,0,0,0,0,0,0,0,0,0,0,12070740,458035,5552,865,35
1520756,"Jack Lusk",1520756,G,PUR,QUEEN,Purdue,ACTIVE,25.5,162.5,94,1,0.3,0.13,0.06,0.04,0.06,0.03,0.01,0.36,0.43,0.49,0.04,0.19,0.59,0.59,0.61,5M,0,1.71,0,12051070,457525,5517,866,35
1599439,"Imran Suljanovic",1599439,F,STJN,UNI,"St. John's (NY)","O(Knee - 11/02/2025)",9.5,131.5,70.5,0,0,0,0,0,0,0,0,0,0,0,0,0,0,0,0,0,0,0,0,12050980,652716,5544,867,35
1459805,"Jamari McDowell",1459805,G,KU,CALBA,Kansas,ACTIVE,13.5,138.5,76,14,2.43,1.26,0.63,0.66,0.43,0.3,0.11,3.06,3.69,4.32,0.41,1.89,5.7,5.7,5.89,16M,1.27,10.51,0,12051000,281797,5442,868,35
1591640,"Chance Mallory",1591640,G,UVA,WRIGH,Virginia,ACTIVE,18.5,145.5,82,23,9.14,2.74,3.26,1.1,1.05,1.17,0.12,12.4,11.88,15.14,1.29,6,20.16,20.16,20.08,24M,8.78,31.38,0,12051110,657246,5580,869,35
1534759,"Joshua DeCady",1534759,F,HOF,BAMA,Hofstra,ACTIVE,-11.5,158.5,73.5,25,6.72,3.77,0.62,0.56,0.93,0.69,0.4,7.34,10.49,11.11,1.09,4.39,14.52,14.52,14.36,26M,7.32,21.4,0,12051090,457452,5342,870,35
1593983,"Alex Lloyd",1593983,G,UF,PVA&M,Florida,ACTIVE,35.5,155.5,95.5,2,0.66,0.26,0.11,0.11,0.16,0.04,0.02,0.77,0.92,1.03,0.06,0.37,1.18,1.18,1.26,5M,0,3.53,0,12070420,652080,5407,871,35
1591696,"Elijah Perryman",1591696,G,UTST,VU,"Utah State",ACTIVE,-1.5,146.5,74,8,2.4,1.13,1.6,0.31,0.8,0.38,0.09,4,3.53,5.13,0.47,2.73,6.74,6.74,6.89,10M,0,14.82,0,12051150,655013,5579,872,35
1593511,"Francis Chukwudebelu",1593511,C,STC,UK,"Santa Clara",ACTIVE,-3.5,160.5,78.5,2,0.48,0.46,0.12,0.02,0.07,0.05,0.12,0.6,0.94,1.06,0.17,0.58,1.64,1.64,1.54,5M,1.54,1.54,0,12051140,659487,5445,873,35
1461401,"Cam Manyawu",1461401,F,IOWA,CLEM,Iowa,ACTIVE,-2.5,128.5,65.5,23,6.85,4.75,1.01,0.03,1.15,1.06,0.49,7.86,11.6,12.61,1.55,5.76,17.54,17.54,16.84,24M,8.2,25.48,0,12051200,289584,5374,874,35
1593313,"Marial Akuentok",1593313,F,TTU,AKR,"Texas Tech",ACTIVE,7.5,155.5,81.5,5,1.38,1.19,0.19,0.07,0.35,0.1,0.1,1.57,2.57,2.76,0.2,1.38,3.36,3.36,3.43,10M,0,7.1,0,12051080,652298,5560,875,35
1594897,"Kohl Rosario",1594897,G,KU,CALBA,Kansas,ACTIVE,13.5,138.5,76,7,1.82,0.64,0.32,0.33,0.26,0.18,0.09,2.14,2.46,2.78,0.27,0.96,3.63,3.63,3.69,10M,0,7.94,0,12051000,652346,5442,876,35
1482268,"Dontae Horne",1482268,G,PVA&M,UF,"Prairie View",ACTIVE,-35.5,155.5,60,38,20.95,5.59,3.22,1.44,3.31,1.76,0.38,24.17,26.54,29.76,2.14,8.81,35.59,35.59,36.19,40M,22.83,49.55,0,12070420,289730,5407,877,35
1231567,"Nate Heise",1231567,G,ISU,TENNS,"Iowa State",ACTIVE,24.5,148.5,86.5,20,3.98,4.03,1.44,0.6,0.49,0.82,0.04,5.42,8.01,9.45,0.86,5.47,13.07,13.07,12.96,22M,5.03,20.89,0,12051160,148965,5438,878,35
1461115,"Solomon Ball",1461115,G,UCONN,FUR,Connecticut,ACTIVE,20.5,136.5,78.5,25,11.16,2.48,1.27,2.1,0.83,0.2,0.11,12.43,13.64,14.91,0.31,3.75,16.14,16.14,17.41,26M,8.35,26.47,0,12051010,288743,5381,879,35
1461126,"Brandon Williams",1461126,G,UCLA,UCF,UCLA,ACTIVE,5.5,152.5,79,15,3.49,2.25,0.39,0.27,0.36,0.53,0.35,3.88,5.74,6.13,0.88,2.64,9.07,9.07,8.61,16M,1.86,15.36,0,12051020,288955,5568,880,35
1576956,"Zach Tow",1576956,F,UK,STC,Kentucky,ACTIVE,3.5,160.5,82,0,0,0,0,0,0,0,0,0,0,0,0,0,0,0,0,0,0,0,0,12051140,596053,5445,881,35
1487427,"Aaron Nkrumah",1487427,F,TENNS,ISU,"Tennessee State",ACTIVE,-24.5,148.5,62,32,13.84,5.63,3.09,1.52,2.96,2.41,0.44,16.93,19.47,22.56,2.85,8.72,30.8,30.8,30.54,34M,18.38,42.7,0,12051160,295170,5438,882,35
1595018,"Nicholas Randall",1595018,F,MIZZ,MIA,Missouri,ACTIVE,-2.5,146.5,72,0,0,0,0,0,0,0,0,0,0,0,0,0,0,0,0,0,0,0,0,12051130,652138,8393,883,35
1541437,"Will Hornseth",1541437,F,UNI,STJN,"Northern Iowa",ACTIVE,-9.5,131.5,61,29,11.44,5.04,2.35,0.1,1.98,0.58,0.82,13.79,16.48,18.83,1.4,7.39,23.24,23.24,23.16,30M,12.99,33.33,0,12050980,459253,5544,884,35
1542669,"Annor Boateng",1542669,G,MIZZ,MIA,Missouri,"O(Leg - 02/04/2026)",-2.5,146.5,72,0,0,0,0,0,0,0,0,0,0,0,0,0,0,0,0,0,0,0,0,12051130,505749,8393,885,35
1541459,"JC Brooks",1541459,F,TENNS,ISU,"Tennessee State",ACTIVE,-24.5,148.5,62,3,0.54,0.65,0.11,0.04,0.21,0.03,0.06,0.65,1.19,1.3,0.09,0.76,1.57,1.57,1.63,5M,0,4.17,0,12051160,460385,5438,886,35
1500814,"Andrija Jelavic",1500814,F,UK,STC,Kentucky,ACTIVE,3.5,160.5,82,15,5.59,3.53,0.78,0.79,0.95,0.51,0.32,6.37,9.12,9.9,0.83,4.31,12.53,12.53,12.75,16M,3.34,22.16,0,12051140,652058,5445,887,35
1459806,"Elmarko Jackson",1459806,G,KU,CALBA,Kansas,ACTIVE,13.5,138.5,76,18,5.18,1.63,1.39,0.6,0.96,0.71,0.15,6.57,6.81,8.2,0.86,3.02,10.83,10.83,10.83,20M,3.71,17.95,0,12051000,281787,5442,888,35
1535816,"Jamichael Stillwell",1535816,F,UCF,UCLA,UCF,ACTIVE,-5.5,152.5,73.5,30,10.91,7.69,2.29,0.48,1.39,0.85,0.15,13.2,18.6,20.89,1,9.98,25.19,25.19,25.72,32M,15.22,36.22,0,12051020,459380,5568,889,35
1591641,"Johann Grünloh",1591641,C,UVA,WRIGH,Virginia,ACTIVE,18.5,145.5,82,17.5,5.92,3.61,0.41,0.56,0.76,0.38,1.39,6.33,9.53,9.94,1.77,4.02,15.4,15.4,14.47,18M,14.47,14.47,0,12051110,657236,5580,890,35
1403618,"Halil Barre",1403618,F,AKR,TTU,Akron,ACTIVE,-7.5,155.5,74,0,0,0,0,0,0,0,0,0,0,0,0,0,0,0,0,0,0,0,0,12051080,245301,5560,891,35
1460510,"Alvaro Folgueiras",1460510,F,IOWA,CLEM,Iowa,ACTIVE,-2.5,128.5,65.5,22,7.94,5.57,2.37,1.12,1.45,0.62,0.13,10.31,13.51,15.88,0.75,7.94,18.97,18.97,19.82,24M,9.65,29.99,0,12051200,290360,5374,892,35
1591697,"Brayden Boe",1591697,G,UTST,VU,"Utah State",ACTIVE,-1.5,146.5,74,0,0,0,0,0,0,0,0,0,0,0,0,0,0,0,0,0,0,0,0,12051150,654944,5579,893,35
1593512,"KJ Cochran",1593512,G,STC,UK,"Santa Clara",ACTIVE,-3.5,160.5,78.5,11,4.16,1.63,0.52,0.51,0.36,0.34,0.03,4.68,5.79,6.31,0.37,2.15,7.65,7.65,7.8,12M,0.38,15.22,0,12051140,659489,5445,894,35
1360235,"Travis Harper",1360235,G,TENNS,ISU,"Tennessee State",ACTIVE,-24.5,148.5,62,33,13.98,3.96,0.81,2.43,1.47,0.92,0.17,14.79,17.94,18.75,1.09,4.77,21.76,21.76,22.82,34M,13.44,32.2,0,12051160,221377,5438,895,35
1592577,"Levi Valdo",1592577,G,UNI,STJN,"Northern Iowa",ACTIVE,-9.5,131.5,61,0,0,0,0,0,0,0,0,0,0,0,0,0,0,0,0,0,0,0,0,12050980,656332,5544,896,35
1591367,"Kellen Pickett",1591367,F,WRIGH,UVA,"Wright State",ACTIVE,-18.5,145.5,63.5,31,9.17,6.98,1.31,0.63,1.57,0.56,1.77,10.48,16.15,17.46,2.33,8.29,24.96,24.96,24.19,32M,14.31,34.07,0,12051110,658079,5580,897,35
1460115,"Eian Elmer",1460115,F,MIAOH,TENN,"Miami (OH)",ACTIVE,-11.5,149.5,69,33,12.14,5.23,1.16,2.34,1.5,1.38,0.68,13.3,17.37,18.53,2.06,6.39,24.82,24.82,24.99,34M,15.04,34.94,0,12070740,289033,5552,898,35
1460137,"Blake Anderson",1460137,G,MIAOH,TENN,"Miami (OH)","Q(Undisclosed - 03/18/2026)",-11.5,149.5,69,0,0,0,0,0,0,0,0,0,0,0,0,0,0,0,0,0,0,0,0,12070740,289006,5552,899,35
1461116,"Jaylin Stewart",1461116,F,UCONN,FUR,Connecticut,"O(Undisclosed - 03/10/2026)",20.5,136.5,78.5,8,2.15,1.32,0.35,0.26,0.33,0.21,0.17,2.5,3.47,3.82,0.38,1.67,5.05,5.05,5.03,10M,0,10.41,0,12051010,288927,5381,900,35
1597549,"Preston Edmead",1597549,G,HOF,BAMA,Hofstra,ACTIVE,-11.5,158.5,73.5,37,18.08,4.52,5.15,2.94,1.9,0.48,0.02,23.23,22.6,27.75,0.5,9.67,30.81,30.81,33.04,40M,20.84,45.24,0,12051090,658836,5342,901,35
1488649,"Dominique Daniels",1488649,G,CALBA,KU,"California Baptist",ACTIVE,-13.5,138.5,62.5,38,20.75,4.07,3.32,2.18,2.26,1.17,0.09,24.07,24.82,28.14,1.26,7.39,32.15,32.15,33.32,40M,21.02,45.62,0,12051000,291737,5442,902,35
1520736,"Gavin Paull",1520736,G,TENN,MIAOH,Tennessee,ACTIVE,11.5,149.5,80.5,0,0,0,0,0,0,0,0,0,0,0,0,0,0,0,0,0,0,0,0,12070740,458163,5552,903,35
1541438,"Cade Courbat",1541438,G,UNI,STJN,"Northern Iowa","O(Undisclosed - 01/21/2026)",-9.5,131.5,61,0,0,0,0,0,0,0,0,0,0,0,0,0,0,0,0,0,0,0,0,12050980,459195,5544,904,35
1520747,"C.J. Cox",1520747,G,PUR,QUEEN,Purdue,ACTIVE,25.5,162.5,94,25,9.89,3.03,1.32,1.85,0.37,0.54,0.22,11.21,12.92,14.24,0.76,4.35,17.41,17.41,17.91,26M,8.59,27.23,0,12051070,457441,5517,905,35
1610606,"Reid Celestin",1610606,F,QUEEN,PUR,"Queens Nc",ACTIVE,-25.5,162.5,68.5,1,0.19,0.2,0.05,0.01,0.05,0.02,0.02,0.24,0.39,0.44,0.04,0.25,0.58,0.58,0.59,5M,0,1.51,0,12051070,656607,5517,906,35
1593930,"Mason Porter-Brown",1593930,F,LIU,ARIZ,"Long Island University",ACTIVE,-30.5,150.5,60,20.5,6.51,3.56,0.58,0.93,1.07,0.74,0.44,7.09,10.07,10.65,1.18,4.14,14.1,14.1,14.11,22M,5.85,22.37,0,12051120,655280,5345,907,35
1591642,"Silas Barksdale",1591642,F,UVA,WRIGH,Virginia,ACTIVE,18.5,145.5,82,0,0,0,0,0,0,0,0,0,0,0,0,0,0,0,0,0,0,0,0,12051110,657220,5580,908,35
1593941,"Anthony Rise",1593941,G,ISU,TENNS,"Iowa State",ACTIVE,24.5,148.5,86.5,1,0.32,0.16,0.06,0.04,0.09,0.03,0.01,0.38,0.48,0.54,0.04,0.22,0.64,0.64,0.67,5M,0,1.88,0,12051160,652144,5438,909,35
1590597,"Antione West",1590597,G,PUR,QUEEN,Purdue,ACTIVE,25.5,162.5,94,0,0,0,0,0,0,0,0,0,0,0,0,0,0,0,0,0,0,0,0,12051070,652194,5517,910,35
1591698,"David Iweze",1591698,F,UTST,VU,"Utah State",ACTIVE,-1.5,146.5,74,0,0,0,0,0,0,0,0,0,0,0,0,0,0,0,0,0,0,0,0,12051150,654979,5579,911,35
1593513,"Brad Longcor III",1593513,G,STC,UK,"Santa Clara",ACTIVE,-3.5,160.5,78.5,0,0,0,0,0,0,0,0,0,0,0,0,0,0,0,0,0,0,0,0,12051140,659500,5445,912,35
1245902,"Devin Askew",1245902,G,VU,UTST,Villanova,ACTIVE,1.5,146.5,72.5,26,11.12,3.28,1.97,2.45,1.8,1.06,0.17,13.09,14.4,16.37,1.23,5.25,19.9,19.9,20.97,28M,10.62,31.32,0,12051150,148767,5579,913,35
1591368,"PJ Douglas",1591368,G,WRIGH,UVA,"Wright State",ACTIVE,-18.5,145.5,63.5,0,0,0,0,0,0,0,0,0,0,0,0,0,0,0,0,0,0,0,0,12051110,658066,5580,914,35
1461315,"Karson Templin",1461315,F,UTST,VU,"Utah State",ACTIVE,-1.5,146.5,74,17,8.06,3.96,0.55,0.65,0.76,0.6,0.67,8.61,12.02,12.57,1.27,4.51,16.7,16.7,16.33,18M,5.56,27.1,0,12051150,288932,5579,915,35
1594899,"Bryson Tiller",1594899,F,KU,CALBA,Kansas,ACTIVE,13.5,138.5,76,23,7.32,5.27,1.07,0.26,1.7,0.33,1.15,8.39,12.59,13.66,1.48,6.34,18,18,17.78,24M,8.66,26.9,0,12051000,597345,5442,916,35
1593337,"Troy Henderson",1593337,G,TENN,MIAOH,Tennessee,ACTIVE,11.5,149.5,80.5,0,0,0,0,0,0,0,0,0,0,0,0,0,0,0,0,0,0,0,0,12070740,652044,5552,917,35
1460138,"Reece Potter",1460138,F,UK,STC,Kentucky,ACTIVE,3.5,160.5,82,0,0,0,0,0,0,0,0,0,0,0,0,0,0,0,0,0,0,0,0,12051140,289089,5445,918,35
1478838,"Trent Pierce",1478838,F,MIZZ,MIA,Missouri,ACTIVE,-2.5,146.5,72,32,10.98,3.82,1.12,2.22,0.89,1.16,0.26,12.1,14.8,15.92,1.42,4.94,20.63,20.63,20.95,34M,12.61,29.29,0,12051130,289298,8393,919,35
1422606,"Steven Jamerson",1422606,C,UCLA,UCF,UCLA,ACTIVE,5.5,152.5,79,1,0.22,0.23,0.04,0,0.07,0.05,0.06,0.26,0.45,0.49,0.11,0.27,0.8,0.8,0.74,5M,0.74,0.74,0,12051020,251033,5568,920,35
1590620,"London Jemison",1590620,F,BAMA,HOF,Alabama,ACTIVE,11.5,158.5,85,12.5,4.64,2.55,0.42,0.72,0.6,0.48,0.16,5.06,7.19,7.61,0.64,2.97,9.62,9.62,9.78,14M,1.78,17.78,0,12051090,623001,5342,921,35
1610607,"Jimma James",1610607,G,QUEEN,PUR,"Queens Nc",ACTIVE,-25.5,162.5,68.5,0,0,0,0,0,0,0,0,0,0,0,0,0,0,0,0,0,0,0,0,12051070,656631,5517,922,35
1482501,"Alex Tsynkevich",1482501,C,HOF,BAMA,Hofstra,ACTIVE,-11.5,158.5,73.5,0,0,0,0,0,0,0,0,0,0,0,0,0,0,0,0,0,0,0,0,12051090,291203,5342,923,35
1594800,"Chase Thompson",1594800,F,CLEM,IOWA,Clemson,ACTIVE,2.5,128.5,63,12,3.55,1.68,0.27,0.38,0.46,0.29,0.18,3.82,5.23,5.5,0.47,1.95,6.92,6.92,6.95,14M,1.27,12.63,0,12051200,654443,5374,924,35
1591699,"Kingston Tosi",1591699,F,UTST,VU,"Utah State",ACTIVE,-1.5,146.5,74,0,0,0,0,0,0,0,0,0,0,0,0,0,0,0,0,0,0,0,0,12051150,655033,5579,925,35
1496956,"Hassane Diallo",1496956,F,PVA&M,UF,"Prairie View",ACTIVE,-35.5,155.5,60,13,3.41,3.9,0.41,0.02,0.89,0.26,0.7,3.82,7.31,7.72,0.96,4.31,10.72,10.72,10.41,14M,1.9,18.92,0,12070420,296580,5407,926,35
1461404,"Kael Combs",1461404,G,IOWA,CLEM,Iowa,ACTIVE,-2.5,128.5,65.5,25.5,5.43,3.09,1.67,0.44,1.48,0.56,0.08,7.1,8.52,10.19,0.64,4.76,12.09,12.09,12.56,26M,6.03,19.09,0,12051200,289535,5374,927,35
1592579,"Tristan Smith",1592579,F,UNI,STJN,"Northern Iowa",ACTIVE,-9.5,131.5,61,21,7.3,5.25,1.43,0.15,1.22,0.85,0.47,8.73,12.55,13.98,1.32,6.68,18.51,18.51,18.16,22M,7.54,28.78,0,12050980,656324,5544,928,35
1591369,"Michael Cooper",1591369,G,WRIGH,UVA,"Wright State",ACTIVE,-18.5,145.5,63.5,24.5,9.81,2.64,1.69,1.33,1.05,0.49,0.24,11.5,12.45,14.14,0.73,4.33,16.65,16.65,17.24,26M,8.27,26.21,0,12051110,658064,5580,929,35
1231438,"Jayden Stone",1231438,G,MIZZ,MIA,Missouri,ACTIVE,-2.5,146.5,72,25,9.5,3.74,1.48,2.01,1.16,0.73,0.18,10.98,13.24,14.72,0.91,5.22,17.79,17.79,18.66,26M,8.95,28.37,0,12051130,158394,8393,930,35
1461349,"Blake Buchanan",1461349,F,ISU,TENNS,"Iowa State",ACTIVE,24.5,148.5,86.5,23,8.39,5.57,1.24,0.02,1.24,0.64,0.95,9.63,13.96,15.2,1.59,6.81,20.44,20.44,19.8,24M,9.64,29.96,0,12051160,281768,5438,931,35
1487507,"Nasir Mann",1487507,F,QUEEN,PUR,"Queens Nc",ACTIVE,-25.5,162.5,68.5,30,10.2,5.82,2.23,0.8,1.74,0.87,0.13,12.43,16.02,18.25,1,8.05,21.76,21.76,22.39,32M,13.25,31.53,0,12051070,290692,5517,932,35
1478839,"Anthony Robinson",1478839,G,MIZZ,MIA,Missouri,ACTIVE,-2.5,146.5,72,27,6.98,5.9,1.31,0.55,1.49,0.94,0.75,8.29,12.88,14.19,1.69,7.21,19.59,19.59,19.26,28M,9.76,28.76,0,12051130,289313,8393,933,35
1522938,"Lefteris Liotopoulos",1522938,G,STJN,UNI,"St. John's (NY)",ACTIVE,9.5,131.5,70.5,2.5,0.83,0.33,0.11,0.18,0.16,0.06,0.01,0.94,1.16,1.27,0.07,0.44,1.43,1.43,1.55,5M,0,4.35,0,12050980,457524,5544,934,35
1480434,"Motiejus Krivas",1480434,C,ARIZ,LIU,Arizona,ACTIVE,30.5,150.5,90.5,23,10.19,6.77,0.75,0.15,1.48,0.73,1.95,10.94,16.96,17.71,2.68,7.52,25.99,25.99,24.58,24M,24.58,24.58,0,12051120,288838,5345,935,35
1594900,"Darryn Peterson",1594900,G,KU,CALBA,Kansas,ACTIVE,13.5,138.5,76,32,20.64,4.84,1.59,2.67,1.66,1.51,0.51,22.23,25.48,27.07,2.02,6.43,33.24,33.24,33.66,34M,19.83,47.49,0,12051000,652340,5442,936,35
1591644,"Christian Jeffrey",1591644,G,VU,UTST,Villanova,ACTIVE,1.5,146.5,72.5,8,2.53,1.05,0.78,0.19,0.41,0.45,0.02,3.31,3.58,4.36,0.47,1.83,5.99,5.99,5.86,10M,0,12.6,0,12051150,654981,5579,937,35
1593943,"Dominykas Pleta",1593943,F,ISU,TENNS,"Iowa State",ACTIVE,24.5,148.5,86.5,14,5.41,3.02,0.61,0.02,0.93,0.53,0.3,6.02,8.43,9.04,0.83,3.63,11.52,11.52,11.32,16M,2.96,19.68,0,12051160,652133,5438,938,35
1473428,"A.J. Wills",1473428,G,HOF,BAMA,Hofstra,ACTIVE,-11.5,158.5,73.5,1,0.31,0.06,0.07,0.04,0.04,0.03,0,0.38,0.37,0.44,0.03,0.13,0.56,0.56,0.57,5M,0,1.6,0,12051090,290458,5342,939,35
1473208,"Avantae Parker",1473208,F,QUEEN,PUR,"Queens Nc",ACTIVE,-25.5,162.5,68.5,24,9.07,6,1.02,0.05,1.41,0.74,1.2,10.09,15.07,16.09,1.94,7.02,22.2,22.2,21.36,26M,10.89,31.83,0,12051070,289771,5517,940,35
1461119,"Jayden Ross",1461119,F,UCONN,FUR,Connecticut,ACTIVE,20.5,136.5,78.5,19,5.26,2.66,0.99,0.79,0.76,0.83,0.48,6.25,7.92,8.91,1.31,3.65,13.1,13.1,12.7,20M,5.04,20.36,0,12051010,288906,5381,941,35
1522939,"Rub√©n Prey",1522939,G,STJN,UNI,STJN,ACTIVE,0,0,0,0,0,0,0,0,0,0,0,0,0,0,0,0,0,0,0,0,0,0,0,0,457561,0,942,35
1591700,"Adlan Elamin",1591700,F,UTST,VU,"Utah State",ACTIVE,-1.5,146.5,74,19.5,5.6,3.65,0.81,0.77,0.72,0.69,0.3,6.41,9.25,10.06,0.99,4.46,13.44,13.44,13.38,20M,5.31,21.45,0,12051150,654963,5579,943,35
1261876,"Michael Imariagbe",1261876,F,WRIGH,UVA,"Wright State",ACTIVE,-18.5,145.5,63.5,25.5,9.66,7.1,1.68,0.03,1.62,0.67,0.6,11.34,16.76,18.44,1.27,8.78,22.89,22.89,22.94,26M,11.69,34.19,0,12051110,222127,5580,944,35
1535809,"Luke Skaljac",1535809,G,MIAOH,TENN,"Miami (OH)",ACTIVE,-11.5,149.5,69,28.5,8.57,2.74,3.95,1.08,2.01,1.29,0.17,12.52,11.31,15.26,1.46,6.69,20.17,20.17,20.39,30M,11.09,29.69,0,12070740,458192,5552,945,35
1593922,"Jomo Goings",1593922,G,LIU,ARIZ,"Long Island University",ACTIVE,-30.5,150.5,60,28,7.09,4.16,1.81,0.97,1.72,1.2,0.57,8.9,11.25,13.06,1.77,5.97,18.39,18.39,18.17,30M,9.88,26.46,0,12051120,655233,5345,946,35
1460954,"Cade Phillips",1460954,F,TENN,MIAOH,Tennessee,"O(Shoulder - 12/08/2025)",11.5,149.5,80.5,0,0,0,0,0,0,0,0,0,0,0,0,0,0,0,0,0,0,0,0,12070740,289297,5552,947,35
1593944,"Killyan Toure",1593944,G,ISU,TENNS,"Iowa State",ACTIVE,24.5,148.5,86.5,20,6.04,2.59,1.48,0.6,1.31,0.97,0.21,7.52,8.63,10.11,1.18,4.07,13.63,13.63,13.52,22M,5.24,21.8,0,12051160,652181,5438,948,35
1594802,"Zac Foster",1594802,G,CLEM,IOWA,Clemson,"O(Knee - 12/17/2025)",2.5,128.5,63,0,0,0,0,0,0,0,0,0,0,0,0,0,0,0,0,0,0,0,0,12051200,654400,5374,949,35
1243628,"Martel Williams",1243628,G,CALBA,KU,"California Baptist",ACTIVE,-13.5,138.5,62.5,35,10.04,5.62,1.71,0.92,1.76,0.76,0.2,11.75,15.66,17.37,0.96,7.33,20.47,20.47,21.18,36M,12.84,29.52,0,12051000,149679,5442,950,35
1460119,"Evan Ipsaro",1460119,G,MIAOH,TENN,"Miami (OH)","Q(Undisclosed - 03/18/2026)",-11.5,149.5,69,0,0,0,0,0,0,0,0,0,0,0,0,0,0,0,0,0,0,0,0,12070740,289057,5552,951,35
1594902,"Paul Mbiya",1594902,C,KU,CALBA,Kansas,ACTIVE,13.5,138.5,76,0.75,0.23,0.15,0.02,0.01,0.04,0.01,0.04,0.25,0.38,0.4,0.05,0.17,0.54,0.54,0.52,5M,0.52,0.52,0,12051000,652332,5442,952,35
1460955,"J.P. Estrella",1460955,F,TENN,MIAOH,Tennessee,ACTIVE,11.5,149.5,80.5,21,11.66,5.84,0.91,0.25,1.07,0.27,0.59,12.57,17.5,18.41,0.86,6.75,21.53,21.53,21.69,22M,9,34.38,0,12070740,289220,5552,953,35
1591646,"Nico Onyekwere",1591646,C,VU,UTST,Villanova,ACTIVE,1.5,146.5,72.5,0,0,0,0,0,0,0,0,0,0,0,0,0,0,0,0,0,0,0,0,12051150,655012,5579,954,35
1593945,"Xzavion Mitchell",1593945,F,ISU,TENNS,"Iowa State",ACTIVE,24.5,148.5,86.5,0,0,0,0,0,0,0,0,0,0,0,0,0,0,0,0,0,0,0,0,12051160,652103,5438,955,35
1594803,"Blake Davidson",1594803,F,CLEM,IOWA,Clemson,ACTIVE,2.5,128.5,63,0,0,0,0,0,0,0,0,0,0,0,0,0,0,0,0,0,0,0,0,12051200,654393,5374,956,35
1482306,"Melvin Council",1482306,G,KU,CALBA,Kansas,ACTIVE,13.5,138.5,76,36,11.75,3.39,4.71,0.74,2.15,1.32,0.16,16.46,15.14,19.85,1.48,8.1,25.2,25.2,25.35,40M,15.99,34.71,0,12051000,289539,5442,957,35
1461308,"Jake Wahlin",1461308,F,CLEM,IOWA,Clemson,ACTIVE,2.5,128.5,63,19,4.4,3.41,0.55,0.79,1.07,0.41,0.29,4.95,7.81,8.36,0.7,3.96,10.35,10.35,10.75,20M,4.26,17.24,0,12051200,288946,5374,958,35
1231419,"Tai'Reon Joseph",1231419,G,PVA&M,UF,"Prairie View",ACTIVE,-35.5,155.5,60,13,6.14,0.89,0.45,0.8,0.86,0.49,0.01,6.59,7.03,7.48,0.5,1.34,8.52,8.52,8.9,14M,1.15,16.65,0,12070420,,5407,959,35
1234818,"Evan Nelson",1234818,G,ARIZ,LIU,Arizona,ACTIVE,30.5,150.5,90.5,2,0.54,0.23,0.16,0.12,0.17,0.08,0.02,0.7,0.77,0.93,0.1,0.39,1.2,1.2,1.25,5M,0,3.51,0,12051120,190377,5345,960,35
1251736,"Dante Harris",1251736,G,TENNS,ISU,"Tennessee State",ACTIVE,-24.5,148.5,62,31,8.61,3.46,4.65,0.47,2.28,1.19,0.01,13.26,12.07,16.72,1.2,8.11,21.05,21.05,21.42,32M,11.99,30.85,0,12051160,161441,5438,961,35
1593935,"Jamarion Batemon",1593935,G,ISU,TENNS,"Iowa State",ACTIVE,24.5,148.5,86.5,20,9.44,1.73,0.53,1.86,0.95,0.72,0.12,9.97,11.17,11.7,0.84,2.26,13.91,13.91,14.55,22M,5.64,23.46,0,12051160,651966,5438,962,35
1591647,"Acaden Lewis",1591647,G,VU,UTST,Villanova,ACTIVE,1.5,146.5,72.5,32,11.78,3.14,4.35,0.92,2.88,1.66,0.15,16.13,14.92,19.27,1.81,7.49,24.62,24.62,24.88,34M,14.66,35.1,0,12051150,654997,5579,963,35
1594804,"Trent Steinour",1594804,C,CLEM,IOWA,Clemson,ACTIVE,2.5,128.5,63,0,0,0,0,0,0,0,0,0,0,0,0,0,0,0,0,0,0,0,0,12051200,654437,5374,964,35
1482307,"Oscar Cluff",1482307,F,PUR,QUEEN,Purdue,ACTIVE,25.5,162.5,94,27,12.91,8.1,1.58,0.03,1.15,0.54,1.22,14.49,21.01,22.59,1.76,9.68,29.12,29.12,28.66,28M,15.26,42.06,0,12051070,288764,5517,965,35
1607390,"Miles Daniels",1607390,G,CALBA,KU,"California Baptist",ACTIVE,-13.5,138.5,62.5,1,0.19,0.17,0.04,0.03,0.06,0.02,0.01,0.23,0.36,0.4,0.03,0.21,0.49,0.49,0.51,5M,0,1.43,0,12051000,92300,5442,966,35
1460308,"Thomas Ndong",1460308,F,CALBA,KU,"California Baptist",ACTIVE,-13.5,138.5,62.5,17.5,4.18,6.28,0.38,0.05,0.88,0.46,0.47,4.56,10.46,10.84,0.93,6.66,14.19,14.19,14.07,18M,4.79,23.35,0,12051000,288876,5442,967,35
1193415,"Devan Cambridge",1193415,G,UCF,UCLA,UCF,ACTIVE,-5.5,152.5,73.5,13,3.62,2.17,0.44,0.45,0.28,0.4,0.35,4.06,5.79,6.23,0.75,2.61,8.85,8.85,8.57,14M,1.11,16.03,0,12051020,92182,5568,968,35
1472914,"Bryce Lindsay",1472914,G,VU,UTST,Villanova,ACTIVE,1.5,146.5,72.5,30,9.84,1.96,1.56,1.84,1.29,0.66,0.01,11.4,11.8,13.36,0.67,3.52,15.24,15.24,16.23,32M,9.09,23.37,0,12051150,289263,5579,969,35
1480438,"Jackson Cook",1480438,G,ARIZ,LIU,Arizona,ACTIVE,30.5,150.5,90.5,0,0,0,0,0,0,0,0,0,0,0,0,0,0,0,0,0,0,0,0,12051120,288766,5345,970,35
1594904,"Jasper Johnson",1594904,G,UK,STC,Kentucky,ACTIVE,3.5,160.5,82,8,2.97,0.66,0.91,0.64,0.92,0.17,0.01,3.88,3.63,4.54,0.18,1.57,4.75,4.75,5.38,10M,0,11.57,0,12051140,652061,5445,971,35
1593936,"Collins Onyejiaka",1593936,C,BAMA,HOF,Alabama,"O(Undisclosed - 11/12/2025)",11.5,158.5,85,0,0,0,0,0,0,0,0,0,0,0,0,0,0,0,0,0,0,0,0,12051090,652122,5342,972,35
1482748,"Chris Johnson",1482748,G,UCF,UCLA,UCF,ACTIVE,-5.5,152.5,73.5,17.5,6.23,1.54,1.91,1.16,0.63,0.39,0.25,8.14,7.77,9.68,0.64,3.45,12.23,12.23,12.56,18M,3.53,21.59,0,12051020,290769,5568,973,35
1342916,"Chase Courbat",1342916,F,UNI,STJN,"Northern Iowa",ACTIVE,-9.5,131.5,61,0,0,0,0,0,0,0,0,0,0,0,0,0,0,0,0,0,0,0,0,12050980,179861,5544,974,35
1607391,"Rene D'Amelio",1607391,F,CALBA,KU,"California Baptist",ACTIVE,-13.5,138.5,62.5,1,0.23,0.29,0.02,0.01,0.05,0.03,0.04,0.25,0.52,0.54,0.07,0.31,0.76,0.76,0.74,5M,0,1.89,0,12051000,652002,5442,975,35
1594905,"Braydon Hawthorne",1594905,F,UK,STC,Kentucky,ACTIVE,3.5,160.5,82,0,0,0,0,0,0,0,0,0,0,0,0,0,0,0,0,0,0,0,0,12051140,652043,5445,976,35
1482408,"Caleb Johnson",1482408,F,LIU,ARIZ,"Long Island University",ACTIVE,-30.5,150.5,60,10,1.8,2.03,0.44,0.05,0.36,0.49,0.23,2.24,3.83,4.27,0.72,2.47,6.69,6.69,6.28,12M,0.75,11.81,0,12051120,297215,5345,977,35
,1,,3,4,5,6,7,8,9,10,11,12,13,14,15,16,17,18,19,20,21,22,23,24,25,26,27,28,29,30,31,32,33,34,35
