Player,team,opponent,proj_mins,conf,last_5_games,last_5_games_fouls,pos,stat,bet_side,stat_projection,line,odds,book,win_pct,expected_value,xAiScore,manualRtg,manualNotes,full_odds_meta_data,team_averages,minutes_injury_summary,minutes_confidence_justification,xAiContext,matched_sim_means,sim_source,game_time_cst,kenpom_player_url
Nate Ament,Tennessee,Virginia,20.0,0.82,"[0, 0, 32, 30, 19]","[0, 0, 1.9, 1.8, 1.1]",C,points,under,9.779,16.5,-115,fanatics,0.91,1.7033,90,,,caesars 15.5 O -120; U -112 | fanatics 16.5 O -115; U -115 | fanduel 15.5 O -118; U -110 | prophetx 15.5 O -161; U -122 | splash_sports 15.5 O -118; U -118,"Team REB: 42.67, Team AST: 17.20, Team 3PM: 6.67, Team STL: 7.63, Team BLK: 3.43, Team TO: 11.97",High right ankle sprain; minor knee soreness; limited to 18min (5 in 2H scoreless) in first-round tournament win due to leg soreness; expects to play vs Virginia but pain tolerance issues persist per coach,Adjusted down slightly to reflect recent tournament limitation despite expectation to play through; balanced with prior high usage,"Minutes proj (20) vulnerable: 18min/0pts vs Miami (tourney), fatigued after 30+min games (1-13FG/12pts Vandy). Injury limits explosiveness; coach managing load, wincing in practice, 'do more with less'. Recent pts volatile (0,12,27 post-injury), poor efficiency. Virginia pack-line D + TN 70pts proj (down from 80avg) favors low output vs 16.5 line/9.8 proj. Role stable but production fragile.",9.78,interpolated_sim,2026-03-22 05:10 PM CDT,https://kenpom.com/player.php?p=58152
Nate Ament,Tennessee,Virginia,20.0,0.82,"[0, 0, 32, 30, 19]","[0, 0, 1.9, 1.8, 1.1]",C,points_rebounds,under,13.8936,22.5,-120,fanduel,0.93,1.6987,85,,,fanduel 22.5 O -106; U -120,"Team REB: 42.67, Team AST: 17.20, Team 3PM: 6.67, Team STL: 7.63, Team BLK: 3.43, Team TO: 11.97",High right ankle sprain; minor knee soreness; limited to 18min (5 in 2H scoreless) in first-round tournament win due to leg soreness; expects to play vs Virginia but pain tolerance issues persist per coach,Adjusted down slightly to reflect recent tournament limitation despite expectation to play through; balanced with prior high usage,"Adversarial review confirms injury limits: 18min, 0pts+3reb (PRA=3) vs Miami OH despite blowout. Coach: not 100% healthy, pain tolerance issues persist. Recent: 23PRA (30min poor 1-13FG vs Vandy), prior highs but fragile shooting. Minutes proj 20 reasonable but unstable (last5:0,0,32,30,19). VA elite D, low team total (70pts) favors under 22.5 vs proj 13.9. Components align w/recent trends; edge solid despite volatility.","9.78,4.11","interpolated_sim,interpolated_sim",2026-03-22 05:10 PM CDT,https://kenpom.com/player.php?p=58152
Nate Ament,Tennessee,Virginia,20.0,0.82,"[0, 0, 32, 30, 19]","[0, 0, 1.9, 1.8, 1.1]",C,points_rebounds_assists,under,15.2502,23.5,-118,splash_sports,0.92,1.6905,92,,,splash_sports 23.5 O -118; U -118,"Team REB: 42.67, Team AST: 17.20, Team 3PM: 6.67, Team STL: 7.63, Team BLK: 3.43, Team TO: 11.97",High right ankle sprain; minor knee soreness; limited to 18min (5 in 2H scoreless) in first-round tournament win due to leg soreness; expects to play vs Virginia but pain tolerance issues persist per coach,Adjusted down slightly to reflect recent tournament limitation despite expectation to play through; balanced with prior high usage,"Adversarial review confirms under edge: ankle injury limits Ament (18min, 0pts/3reb/1ast=4PRA in 1st rd blowout). Coach: not 100% til offseason, wincing in practice, load managed. Recent PRA volatile (4,25,39,5,26) tied to min/injury. 20min proj apt; 15PRA reasonable vs recent low output. VA D, low team total cap upside. Unstable but under trustworthy.","9.78,4.11,1.36","interpolated_sim,interpolated_sim,interpolated_sim",2026-03-22 05:10 PM CDT,https://kenpom.com/player.php?p=58152
Otega Oweh,Kentucky,Iowa St.,38.0,0.95,"[38, 39, 35, 39, 43]","[3, 3.1, 2.8, 3.1, 3.4]",GF,points,under,17.3192,23.5,-115,fanatics,0.83,1.5489,72,,,fanatics 23.5 O -115; U -115 | sleeper 23.5 O -123; U -133 | splash_sports 23.5 O -118; U -118,"Team REB: 38.20, Team AST: 16.17, Team 3PM: 8.33, Team STL: 7.10, Team BLK: 4.33, Team TO: 10.73",N/A,N/A,"Minutes proj 38 solid (last5:43,39,35,39,38). Recent pts volatile:35(SCU),10(FLA),21(MIZ),23(LSU),28(FLA) avg23.4. Duds vs strong teams (10@FLA,8@SC). Hero vs SCU but ISU #2 seed top D, Jefferson out aids drives yet team total 70 low. Under vulnerable to usage spike but matchup supports proj17.3.",17.32,interpolated_sim,2026-03-22 01:45 PM CDT,https://kenpom.com/player.php?p=52919
Darryn Peterson,Kansas,St. John's,36.0,0.92,"[35, 29, 37, 28, 37]","[1.9, 1.6, 2, 1.5, 2]",GF,steals,over,1.8471,1.5,185,fanatics,0.54,1.5321,78,,,fanatics 1.5 O +185; U -250,"Team REB: 38.63, Team AST: 14.40, Team 3PM: 7.37, Team STL: 5.50, Team BLK: 5.87, Team TO: 10.73","History of cramping, hamstring, ankle issues but cleared for NCAA Tournament and played fully in first round","Consistent 30+ min load recently (avg 33), no recent absences","Minutes stable at ~33avg last5 (35,29,37,28,37), full 37min/2STL in 1st rd vs CalB despite cramp history (6 straight full games). Season ~1.5STL, recent 2 vs KSt/CalB. Proj 1.85 o1.5 reasonable for lead guard role/high usage, but StJ #11 def could limit TO opps (team STL~5.8). Injury risk dings edge slightly.",1.85,interpolated_sim,2026-03-22 04:15 PM CDT,https://kenpom.com/player.php?p=58391
Otega Oweh,Kentucky,Iowa St.,38.0,0.95,"[38, 39, 35, 39, 43]","[3, 3.1, 2.8, 3.1, 3.4]",GF,points_rebounds_assists,under,25.6703,32.5,-118,splash_sports,0.82,1.5197,62,,,sleeper 32.5 O -133; U -123 | splash_sports 32.5 O -118; U -118,"Team REB: 38.20, Team AST: 16.17, Team 3PM: 8.33, Team STL: 7.10, Team BLK: 4.33, Team TO: 10.73",N/A,N/A,"Minutes stable at 35-43 last 6+ games, no injury. Recent PRA volatile: 15,20,24,26,29,35,36,39,50 (last tourney), avg ~28-32 last 7-10 vs proj 25.7. Hot streak 23+ PPG/32 PRA last7 undervalued in proj (pts 17<23). Iowa St missing Jefferson aids UK scoring, but strong def. Stale proj ignores surge; under edge fragile vs hero form.","17.32,5.67,2.68","interpolated_sim,interpolated_sim,interpolated_sim",2026-03-22 01:45 PM CDT,https://kenpom.com/player.php?p=52919
Nate Ament,Tennessee,Virginia,20.0,0.82,"[0, 0, 32, 30, 19]","[0, 0, 1.9, 1.8, 1.1]",C,rebounds,under,4.1146,6.5,-118,splash_sports,0.81,1.4981,82,,,caesars 6.5 O -105; U -129 | fanatics 6.5 O +100; U -130 | fanduel 6.5 O -108; U -122 | prophetx 6.5 O -107; U -145 | splash_sports 6.5 O -118; U -118,"Team REB: 42.67, Team AST: 17.20, Team 3PM: 6.67, Team STL: 7.63, Team BLK: 3.43, Team TO: 11.97",High right ankle sprain; minor knee soreness; limited to 18min (5 in 2H scoreless) in first-round tournament win due to leg soreness; expects to play vs Virginia but pain tolerance issues persist per coach,Adjusted down slightly to reflect recent tournament limitation despite expectation to play through; balanced with prior high usage,"Minutes volatile (0,0,32,30,19); recent tournament 19min/3reb due to ankle/knee soreness persisting per coach/news. Healthy reb 6-11 in 30+min, but limited role now supports 4.1 proj under 6.5. Virginia matchup lowers team REB env. Injury fragile but no worse news; edge holds despite vol.",4.11,interpolated_sim,2026-03-22 05:10 PM CDT,https://kenpom.com/player.php?p=58152
Ivan Kharchenkov,Arizona,Utah St.,29.0,0.95,"[24, 29, 32, 36, 26]","[1.4, 1.7, 1.8, 2.1, 1.5]",F,rebounds,under,4.2934,5.5,110,fanatics,0.71,1.4958,88,,,caesars 5.5 O -145; U +109 | fanatics 5.5 O -145; U +110 | prophetx 5.5 O -200; U -124 | splash_sports 5.5 O -118; U -118,"Team REB: 43.23, Team AST: 17.23, Team 3PM: 5.87, Team STL: 8.07, Team BLK: 4.27, Team TO: 11.03",N/A,N/A,"Minutes stable recent tourney (29-36 MPG avg 32.3); last5 REB 4.0 avg (7@36min HOU close,3@32 ISU close,3@29 UCF blowout,3@24 COLO,4@20 ISU). Season 4.1/27.7MP; per36~5.3 but recent 4/5 under 5.5. UCF blowout mirrors LIU expectation: low REB. Proj 4.24 reasonable vs volatile but downward trend. No injuries/news risks; solid under edge.",4.29,interpolated_sim,2026-03-22 06:50 PM CDT,https://kenpom.com/player.php?p=59287
Ernest Udeh,Miami FL,Purdue,33.0,0.87,"[27, 37, 36, 25, 36]","[2.3, 3.1, 3.1, 2.1, 3.1]",C,points_rebounds_assists,over,19.0764,13.5,-118,splash_sports,0.8,1.4792,70,,,splash_sports 13.5 O -118; U -118,"Team REB: 38.20, Team AST: 16.40, Team 3PM: 6.67, Team STL: 8.00, Team BLK: 3.33, Team TO: 11.57",N/A,"High std dev (5.11); mix of 25-37 min games, projecting sustainable central estimate","Last5 PRA:14(Mizzou 36min/5PF),7(UVA 25min),16(LOU 36/4PF),19(LOU 37),18(SMU 27); avg14.8>13.5 but volatile/low end fragile. Reb8.4<proj10.9, pts5.4<7.5. Foul trouble trend (PF2.6avg) risks vs Purdue bigs. Team low REB35.7/PTS73 limits possessions/role. Proj19 optimistic; edge erodes.","7.54,10.94,0.59","interpolated_sim,interpolated_sim,poisson_fallback",2026-03-22 11:10 AM CDT,https://kenpom.com/player.php?p=53674
Ian Jackson,St. John's,Kansas,8.0,0.92,"[3, 19, 14, 15, 9]","[0.2, 1.6, 1.2, 1.2, 0.7]",GF,points,under,3.334,5.5,-118,splash_sports,0.8,1.4729,68,,,sleeper 5.5 O -128; U -128 | splash_sports 5.5 O -118; U -118,,N/A,Sub rotation for Sellers; volatile recent minutes,"Minutes proj 8.0 underrates recent avg 12 (last5:3,19,14,15,9), volatile bench role behind Sellers. Recent pts:0,14,4,3,9 (avg6>proj3.3); <18min 5.6PPG near line. UNI blowout 9min/9pts shows over risk. Tough KS matchup may boost min/usage, fragile production lowers trust in under edge.",3.33,interpolated_sim,2026-03-22 04:15 PM CDT,https://kenpom.com/player.php?p=57339
Thomas Haugh,Florida,Iowa,30.0,0.9,"[0, 37, 35, 35, 23]","[0, 2.6, 2.4, 2.4, 1.6]",FC,points_rebounds_assists,under,19.3279,24.5,-118,splash_sports,0.8,1.4688,68,,,splash_sports 24.5 O -118; U -118,"Team REB: 45.67, Team AST: 16.83, Team 3PM: 7.57, Team STL: 6.67, Team BLK: 5.07, Team TO: 11.73",Past ankle injury early March; full minutes since return,"High stdDev (13.91) due to prior absence, but stable high usage recently (23-37); key in top lineups","Minutes proj 30 reliable (last5:23-37 post-injury, ironman role). Recent PRA avg 27.6 (25@PVAM blowout,31,21,32,29); pts17.6/reb7/ast3 vs proj12.9/4.9/1.6. Season25.4PRA. Low team pace/REB proj aids under but Haugh usage high, recent crushes line. No news/injury risks. Edge ok but fragile vs form.","12.88,4.85,1.59","interpolated_sim,interpolated_sim,interpolated_sim",2026-03-22 06:10 PM CDT,https://kenpom.com/player.php?p=54392
Sam Lewis,Virginia,Tennessee,28.0,0.92,"[31, 26, 26, 28, 29]","[2.3, 2, 2, 2.1, 2.2]",F,points,under,9.1262,12.5,-118,fanduel,0.77,1.429,78,,,caesars 12.5 O -110; U -121 | fanduel 12.5 O -110; U -118 | prophetx 12.5 O -122; U -128 | splash_sports 12.5 O -118; U -118,"Team REB: 40.93, Team AST: 16.73, Team 3PM: 10.13, Team STL: 6.57, Team BLK: 6.23, Team TO: 10.80",N/A,N/A,"Minutes proj solid: last5 avg28min stable, conf0.92. Recent pts volatile but avg14.4 last5 (12,17,16,12,15); 2/5 under12.5. Wrist injury vsWright but brace/29min/12pts,no issue previews. Tenn physical D,teamPTS69<<81avg favors under. Hot streak fragile vs top matchup;proj9.1 trustworthy edge.",9.13,interpolated_sim,2026-03-22 05:10 PM CDT,https://kenpom.com/player.php?p=54854
Tru Washington,Miami FL,Purdue,27.0,0.98,"[28, 26, 27, 28, 23]","[1.8, 1.6, 1.7, 1.8, 1.4]",F,points,under,9.8063,12.5,-104,fanduel,0.73,1.4264,82,,,caesars 12.5 O -122; U -109 | fanatics 12.5 O -120; U -110 | fanduel 12.5 O -125; U -104 | prophetx 12.5 O -135; U -116 | splash_sports 12.5 O -118; U -118,"Team REB: 38.20, Team AST: 16.40, Team 3PM: 6.67, Team STL: 8.00, Team BLK: 3.33, Team TO: 11.57",N/A,N/A,"Minutes stable at 26.4 avg last 5 (23-28), matches 27 proj, high conf. Recent pts: 9,13,17,12,15 avg 13.2>12.5 line, 3/5 over, season 12.0 ppg. Volatile production (1-6 FG/Mizzou, 5-13/UVA), inefficient. Purdue stout def (opp 70.1 ppg allowed), Miami proj 73 pts <<82.5 avg. Sixth-man role firm, no injuries/news changes. Projection 9.8 reasonable in tough matchup but recent avg slightly undermines edge.",9.81,interpolated_sim,2026-03-22 11:10 AM CDT,https://kenpom.com/player.php?p=54634
Malachi Moreno,Kentucky,Iowa St.,22.0,0.85,"[28, 12, 32, 21, 20]","[2.7, 1.1, 3, 2, 1.9]",C,points,over,7.3345,4.5,-105,sleeper,0.73,1.4245,65,,,sleeper 4.5 O -105; U -156,"Team REB: 38.20, Team AST: 16.17, Team 3PM: 8.33, Team STL: 7.10, Team BLK: 4.33, Team TO: 10.73",Minor right leg soreness from SEC Tournament resolved; fully available per coach Pope.,"High recent minutes average (~22) and key role in top lineups support slight upward adjustment, tempered by high std dev, poor SCU performance, and variability.","Minutes proj 22 aligns w/ last5 avg 22.4 (20,21,32,12,28?), but high var/foul trouble (3-5 fouls/gm). Recent pts: 3@20m,6@21m,7@32m,4@12m,6@27m (avg5.2<proj7.3). Under in SCU NCAA rd1 (poor perf). Foul-prone freshman C vs stout ISU def/team-low70pts. Injury resolved but leg risk. Edge fragile, recent slump/tourney slump lowers trust.",7.33,interpolated_sim,2026-03-22 01:45 PM CDT,https://kenpom.com/player.php?p=58397
Mason Falslev,Utah St.,Arizona,34.0,0.97,"[35, 34, 31, 31, 35]","[2.3, 2.2, 2, 2, 2.3]",F,rebounds,over,7.13,5.5,122,fanduel,0.64,1.422,52,,,caesars 5.5 O +111; U -148 | fanatics 5.5 O +115; U -150 | fanduel 5.5 O +122; U -162 | prophetx 5.5 O -116; U -214,"Team REB: 34.63, Team AST: 17.70, Team 3PM: 8.83, Team STL: 8.77, Team BLK: 2.97, Team TO: 10.67",N/A,N/A,"Minutes stable (31-35 last10, proj 34). Recent reb volatile: last10 avg 5.9 (4 overs/6 unders 5.5), last5 6.4 (2/5 overs). Season 5.8. Proj 7.2 too high vs trends. No injuries/news changes role. Villanova allows avg opp REB (34.6). Edge fragile due to inconsistency.",7.13,interpolated_sim,2026-03-22 06:50 PM CDT,https://kenpom.com/player.php?p=53101
Darryn Peterson,Kansas,St. John's,36.0,0.92,"[35, 29, 37, 28, 37]","[1.9, 1.6, 2, 1.5, 2]",GF,points,under,19.2151,22.5,102,caesars,0.7,1.4074,78,,,caesars 22.5 O -135; U +102 | fanatics 22.5 O -125; U -105 | fanduel 22.5 O -122; U -106 | prophetx 22.5 O -139; U -112 | sleeper 23.5 O -120; U -135 | splash_sports 23.5 O -118; U -118,"Team REB: 38.63, Team AST: 14.40, Team 3PM: 7.37, Team STL: 5.50, Team BLK: 5.87, Team TO: 10.73","History of cramping, hamstring, ankle issues but cleared for NCAA Tournament and played fully in first round","Consistent 30+ min load recently (avg 33), no recent absences","Minutes proj 36 aligns w/recent high load (last5:37,28,37,29,34 avg33+), stable post-injury. Pts last5:28,14,24,27,15 (avg21.6>19.2proj, 3/5>22.5), volatile vs tough foes (14@Hou,15@ASU losses). Cleared/healthy, full min expect by Self. StJ #11 def, team71pts low scoring env support under vs recent hot streak risk.",19.22,interpolated_sim,2026-03-22 04:15 PM CDT,https://kenpom.com/player.php?p=58391
Trey Kaufman-Renn,Purdue,Miami FL,28.0,0.9,"[29, 30, 26, 28, 25]","[2.3, 2.4, 2.1, 2.2, 2]",C,points,under,13.7892,16.5,101,caesars,0.7,1.4005,68,,,caesars 16.5 O -136; U +101 | fanatics 17.5 O -110; U -120 | fanduel 16.5 O -125; U -104 | prophetx 16.5 O -176; U -147 | splash_sports 17.5 O -118; U -118,"Team REB: 35.60, Team AST: 19.67, Team 3PM: 9.40, Team STL: 5.67, Team BLK: 2.67, Team TO: 9.17",Shoulder scare in Big Ten final but fully progressed and available,N/A,"Minutes stable at 25-30 last 10g (avg 28min), no injury/rotation issues despite recent shoulder tweak (scored 20pts post-pain vs Mich). Recent pts: last5 avg17.6 (20,12,10,19,17), 3/5 over 16.5 vs tough foes. Queens weak reb/int def favors TKR post-ups; team PTS93>>season81.9 risks inflated usage. Proj14 conservative but recent hot streak fragile vs blowout.",13.79,interpolated_sim,2026-03-22 11:10 AM CDT,https://kenpom.com/player.php?p=51194
Mason Falslev,Utah St.,Arizona,34.0,0.97,"[35, 34, 31, 31, 35]","[2.3, 2.2, 2, 2, 2.3]",F,steals,over,1.8279,1.5,165,fanatics,0.53,1.3996,68,,,fanatics 1.5 O +165; U -225,"Team REB: 34.63, Team AST: 17.70, Team 3PM: 8.83, Team STL: 8.77, Team BLK: 2.97, Team TO: 10.67",N/A,N/A,"Minutes proj 34 solid (last5:35/32/31/34/35, high conf). No inj/rot changes. Steals recent5 avg1.4 (0vsVillanova,1vsSDSU,3vsNEV,3vsUNLV,0vsUNM); 2/5 over1.5. Season2.0spg but dip vs strong teams (0vsVill like AZ matchup). Proj1.83 optimistic; volatile prod lowers trust. AZ TO10.9 avg opp opps.",1.83,interpolated_sim,2026-03-22 06:50 PM CDT,https://kenpom.com/player.php?p=53101
Brayden Burries,Arizona,Utah St.,30.0,0.95,"[33, 33, 19, 33, 28]","[2.3, 2.3, 1.3, 2.3, 2]",F,points_rebounds_assists,under,21.0196,25.5,-118,splash_sports,0.76,1.3993,68,,,splash_sports 25.5 O -118; U -118,"Team REB: 43.23, Team AST: 17.23, Team 3PM: 5.87, Team STL: 8.07, Team BLK: 4.27, Team TO: 11.03",N/A,N/A,"Minutes proj 30 reliable (last5 avg 29, low due to resolved illness). PRA recent:25(LIU28m),26(HOU33),4(ISU20 ill),25(UCF33),39(COLO33); excl ill avg~29>25.5. Pts proj 14.3 low vs recent 20+. Minor fall vs LIU but 'ok'. Hot form/hot streak makes under projection stale, edge less trustworthy vs Utah St.","14.29,4.41,2.32","interpolated_sim,interpolated_sim,interpolated_sim",2026-03-22 06:50 PM CDT,https://kenpom.com/player.php?p=59285
Thomas Haugh,Florida,Iowa,30.0,0.9,"[0, 37, 35, 35, 23]","[0, 2.6, 2.4, 2.4, 1.6]",FC,points_rebounds,under,17.7334,21.5,-113,fanduel,0.74,1.393,68,,,fanduel 21.5 O -113; U -113,"Team REB: 45.67, Team AST: 16.83, Team 3PM: 7.57, Team STL: 6.67, Team BLK: 5.07, Team TO: 11.73",Past ankle injury early March; full minutes since return,"High stdDev (13.91) due to prior absence, but stable high usage recently (23-37); key in top lineups","Minutes stable at 23-37 post-injury (no new issues), avg 32MP last 5. Recent PR:18(23min blowout),28,21,29,27; avg24.6>21.5. 3/5 over/under line. Lead scorer (17SPG), key role certain. Low team PTS/REB proj vs Iowa may suppress, but recent outpaces model proj17.7. Edge ok but variance high, recent form questions aggressive 74% win.","12.88,4.85","interpolated_sim,interpolated_sim",2026-03-22 06:10 PM CDT,https://kenpom.com/player.php?p=54392
Dallin Hall,Virginia,Tennessee,29.0,0.95,"[28, 31, 31, 29, 27]","[2.2, 2.4, 2.4, 2.2, 2.1]",G,points_rebounds_assists,over,14.1524,10.5,-118,splash_sports,0.75,1.381,82,,,splash_sports 10.5 O -118; U -118,"Team REB: 40.93, Team AST: 16.73, Team 3PM: 10.13, Team STL: 6.57, Team BLK: 6.23, Team TO: 10.80",N/A,N/A,"Minutes proj 29 accurate (last5:27-31). Recent PRA:14(Wright),11(Duke),10(Miami),18(NCSt),11(VT) avg12.8>10.5,4/5 over. Season13.9. Starter PG, no injury/rotation issues. Components:pts recent5.0(vs proj7.1),reb2.8(3.65),ast5.0(3.38). Low team proj PTS69/AST13 vs TN defense caps upside, but line low, edge holds.","7.12,3.65,3.38","interpolated_sim,interpolated_sim,interpolated_sim",2026-03-22 05:10 PM CDT,https://kenpom.com/player.php?p=53592
Fletcher Loyer,Purdue,Miami FL,29.0,0.92,"[28, 32, 27, 32, 25]","[1, 1.1, 0.9, 1.1, 0.9]",GF,points_rebounds_assists,under,15.8624,19.5,-118,splash_sports,0.74,1.3752,68,,,splash_sports 19.5 O -118; U -118,"Team REB: 35.60, Team AST: 19.67, Team 3PM: 9.40, Team STL: 5.67, Team BLK: 2.67, Team TO: 9.17",N/A,N/A,"Minutes stable ~30 avg last5 (25-33), proj accurate. Recent PRA avg 20.4 (17-24 range): Queens17(25min),Mich23,UCLA20,Neb24,NW18. Points 15.2>11.6 proj, ast2.6>1.8. Hot tourney streak, senior shooter role firm, no injuries/news issues. Proj low vs form; under vulnerable to continued production vs Miami.","11.62,2.42,1.82","interpolated_sim,interpolated_sim,interpolated_sim",2026-03-22 11:10 AM CDT,https://kenpom.com/player.php?p=52899
Malachi Moreno,Kentucky,Iowa St.,22.0,0.85,"[28, 12, 32, 21, 20]","[2.7, 1.1, 3, 2, 1.9]",C,points_rebounds_assists,over,15.1311,11.5,-110,sleeper,0.72,1.3752,48,,,sleeper 11.5 O -110; U -149 | splash_sports 11.5 O -118; U -118,"Team REB: 38.20, Team AST: 16.17, Team 3PM: 8.33, Team STL: 7.10, Team BLK: 4.33, Team TO: 10.73",Minor right leg soreness from SEC Tournament resolved; fully available per coach Pope.,"High recent minutes average (~22) and key role in top lineups support slight upward adjustment, tempered by high std dev, poor SCU performance, and variability.","Last 5 PRA:10(SCU20m),11(FLA21m),14(MIZ32m),7(LSU12m),16(FLA27m); avg11.6<proj15.1. Tourney avg~10.3PRA. Recent SCU poor(10PRA), swarmed in paint. Iowa St elite def>SCU, team PTS proj70<<81. Mins volatile(12-32), freshman TOs/pass issues per X/news. Fragile prod, low env edge shaky.","7.33,6.32,1.48","interpolated_sim,interpolated_sim,interpolated_sim",2026-03-22 01:45 PM CDT,https://kenpom.com/player.php?p=58397
Thomas Haugh,Florida,Iowa,30.0,0.9,"[0, 37, 35, 35, 23]","[0, 2.6, 2.4, 2.4, 1.6]",FC,points,under,12.8798,15.5,-105,fanatics,0.7,1.3736,82,,,caesars 15.5 O -124; U -107 | fanatics 15.5 O -125; U -105 | fanduel 15.5 O -108; U -120 | prophetx 15.5 O -157; U -167 | splash_sports 15.5 O -118; U -118,"Team REB: 45.67, Team AST: 16.83, Team 3PM: 7.57, Team STL: 6.67, Team BLK: 5.07, Team TO: 11.73",Past ankle injury early March; full minutes since return,"High stdDev (13.91) due to prior absence, but stable high usage recently (23-37); key in top lineups","Adversarial review: Iowa elite D (65.8 PA/G, top-16) justifies low proj 12.9 vs line 15.5; team PTS proj 77<88 avg. Mins proj 30 solid (last5 avg31.8, stable post-injury). Recent pts avg17.6/5 (14 blowout,19L,13W,20W,22 blowout),15.1/10 but variance vs top D like Ky(13-20). Key starter/role certain,no news risks. Edge trustworthy despite recent avg.",12.88,interpolated_sim,2026-03-22 06:10 PM CDT,https://kenpom.com/player.php?p=54392
Malik Thomas,Virginia,Tennessee,24.0,0.92,"[24, 20, 22, 30, 22]","[2.5, 2.1, 2.3, 3.2, 2.3]",F,points,under,10.1696,12.5,-105,fanatics,0.7,1.3721,78,,,caesars 12.5 O -121; U -110 | fanatics 12.5 O -125; U -105 | fanduel 12.5 O -114; U -114 | prophetx 12.5 O -127; U -122 | splash_sports 12.5 O -118; U -118,"Team REB: 40.93, Team AST: 16.73, Team 3PM: 10.13, Team STL: 6.57, Team BLK: 6.23, Team TO: 10.80",N/A,N/A,"Minutes proj 24 solid vs last5 avg23.4 (21,30,22,20,24); no injury/foul issues, starter role firm. Recent pts high:11(Wright21m),18(Duke30m),15(MIA22m),16(NCSU20m),16(VT24m) avg15.2, but Wright tourney limited him; Tenn elite D likely caps output. Team PTS proj69<<81avg supports under12.5@10.2proj. Hot streak fragile vs top D.",10.17,interpolated_sim,2026-03-22 05:10 PM CDT,https://kenpom.com/player.php?p=52071
Jacari White,Virginia,Tennessee,20.0,0.9,"[18, 21, 15, 10, 24]","[1.2, 1.4, 1, 0.6, 1.6]",GF,points,under,7.7058,9.5,-104,fanduel,0.69,1.3561,78,,,caesars 9.5 O -129; U -105 | fanatics 9.5 O -125; U -105 | fanduel 9.5 O -125; U -104 | prophetx 9.5 O -135; U -116 | splash_sports 9.5 O -118; U -118,"Team REB: 40.93, Team AST: 16.73, Team 3PM: 10.13, Team STL: 6.57, Team BLK: 6.23, Team TO: 10.80",Recovered from December wrist fracture; exploded for 26 pts in 24 min vs Wright State,"Recent NCAA Tournament performance (24 min, 26 pts) and coach comments affirming key role post-ACC final reduce uncertainty","Minutes proj 20 aligns w/ recent avg ~18 (last5:24,10,15,21,18), but volatile (lows 9-10 vs Duke/MIA due to matchups, coach downplays). Points last5:26,6,4,13,7 (avg11.2 skewed by outlier 26 vs weak WRST; prior4 avg~7.5). Season~8.8PPG. TN elite D, team proj69PTS low vs81avg favors under. Hot hand risk fragile vs tough matchup/role uncertainty as bench spark.",7.71,interpolated_sim,2026-03-22 05:10 PM CDT,https://kenpom.com/player.php?p=53155
Donovan Atwell,Texas Tech,Alabama,36.0,0.95,"[38, 36, 40, 33, 35]","[2.5, 2.3, 2.6, 2.1, 2.3]",GF,points,under,13.3258,16.5,-118,splash_sports,0.73,1.351,68,,,fanatics 15.5 O -125; U -105 | sleeper 16.5 O -135; U -122 | splash_sports 16.5 O -118; U -118,"Team REB: 37.30, Team AST: 16.07, Team 3PM: 11.47, Team STL: 5.93, Team BLK: 3.87, Team TO: 10.90",N/A,N/A,"Minutes proj solid (37min, last5 avg37.2, no injury/rot changes). Recent pts:9,23,19,18,12 (avg16.2<16.5 but 3/5 over). High 3PA(9-13/game),49% 3PT last10. Increased role post-Toppin injury,19+PPG prior stretch. Akron 3ptD vulnerable per previews; team PTS84>season81. Streaky shooter risks over; proj13.6 undervalues recent but variance tempers edge.",13.33,interpolated_sim,2026-03-22 08:45 PM CDT,https://kenpom.com/player.php?p=53696
Fletcher Loyer,Purdue,Miami FL,29.0,0.92,"[28, 32, 27, 32, 25]","[1, 1.1, 0.9, 1.1, 0.9]",GF,points,under,11.6237,14.5,-115,fanatics,0.72,1.3467,35,,,caesars 14.5 O -107; U -125 | fanatics 14.5 O -115; U -115 | fanduel 14.5 O -102; U -128 | prophetx 14.5 O -112; U -139 | splash_sports 14.5 O -118; U -118,"Team REB: 35.60, Team AST: 19.67, Team 3PM: 9.40, Team STL: 5.67, Team BLK: 2.67, Team TO: 9.17",N/A,N/A,"Minutes proj solid (29min, last5 avg~29, stable). But pts projection 11.6 ignores hot streak: 15.0 PPG last5 (14,14,14,19,14 all >=14), 42%+ 3PT recently as key shooter. Season 13.8, but tourney form elite. No injuries, role certain. Market O14.5 ~even. Miami D not elite vs guards. Stale model, fragile under edge vs recent production.",11.62,interpolated_sim,2026-03-22 11:10 AM CDT,https://kenpom.com/player.php?p=52899
Sam Lewis,Virginia,Tennessee,28.0,0.92,"[31, 26, 26, 28, 29]","[2.3, 2, 2, 2.1, 2.2]",F,points_rebounds_assists,under,14.4236,17.5,-118,splash_sports,0.73,1.3432,65,,,splash_sports 17.5 O -118; U -118,"Team REB: 40.93, Team AST: 16.73, Team 3PM: 10.13, Team STL: 6.57, Team BLK: 6.23, Team TO: 10.80",N/A,N/A,"Minutes stable at ~28 (last5:29,28,26,26,31), no injury despite minor wrist scare vs Wright St (played full, 12-4-2=18PRA). Recent PRA:18(WRST),22(Duke),21(Mia),16(NCSU),26(VT) avg20.6>>14.4proj; pts avg14.4>9.1proj. Hot streak, starter role solid but low team PTS69/TN physical D supports under edge, though proj seems stale.","9.13,4.00,1.30","interpolated_sim,interpolated_sim,interpolated_sim",2026-03-22 05:10 PM CDT,https://kenpom.com/player.php?p=54854
Tamin Lipsey,Iowa St.,Kentucky,33.0,0.9,"[34, 30, 31, 30, 17]","[2, 1.8, 1.9, 1.8, 1]",G,points_rebounds_assists,over,26.1175,21.5,-118,splash_sports,0.73,1.3399,68,,,sleeper 21.5 O -139; U -119 | splash_sports 21.5 O -118; U -118,"Team REB: 35.60, Team AST: 17.40, Team 3PM: 8.83, Team STL: 8.77, Team BLK: 2.87, Team TO: 10.37",N/A,"17 min in blowout last game, prior groin tweak resolved per coach, fully healthy","Minutes proj 33.0 optimistic after 18min in blowout & groin history (recent tweak vs ARIZ resolved per coach). Last5 PRA avg 18.4 (7 in blowout, prior 19-26); volatile production. Component projs inflated: pts15.6>12.9avg, ast5.5>4.8, reb5.1>3.9. Jefferson out boosts role but team slow proj (77pts<81avg, AST16<17). Solid edge but unstable mins/role make over 21.5 risky vs KY.","15.57,5.07,5.48","interpolated_sim,interpolated_sim,interpolated_sim",2026-03-22 01:45 PM CDT,https://kenpom.com/player.php?p=52597
Malik Thomas,Virginia,Tennessee,24.0,0.92,"[24, 20, 22, 30, 22]","[2.5, 2.1, 2.3, 3.2, 2.3]",F,threes,under,1.4243,1.5,125,fanatics,0.59,1.3382,68,,,caesars 1.5 O -164; U +122 | fanatics 1.5 O -175; U +125 | prophetx 1.5 O -171; U +110,"Team REB: 40.93, Team AST: 16.73, Team 3PM: 10.13, Team STL: 6.57, Team BLK: 6.23, Team TO: 10.80",N/A,N/A,"Minutes proj 25 aligns w/ last5 avg 24.4 & recent 20-30 range; stable role as starter. Recent 3PM: last5 avg 1.6 (1,2,1,2,2), 3/5 hit 2+; last10 avg 1.8. Season 32.4% on ~5 vol. Proj 1.69 matches recent; no injuries/news. Team 3PM proj 9.4 similar to avg. Edge for under fragile due to recent 2+ frequency in tourney games vs weaker Wright St.",1.42,interpolated_sim,2026-03-22 05:10 PM CDT,https://kenpom.com/player.php?p=52071
Darryn Peterson,Kansas,St. John's,36.0,0.92,"[35, 29, 37, 28, 37]","[1.9, 1.6, 2, 1.5, 2]",GF,points_rebounds_assists,under,26.3216,30.5,-118,splash_sports,0.72,1.3284,68,,,sleeper 30.5 O -123; U -133 | splash_sports 30.5 O -118; U -118,"Team REB: 38.63, Team AST: 14.40, Team 3PM: 7.37, Team STL: 5.50, Team BLK: 5.87, Team TO: 10.73","History of cramping, hamstring, ankle issues but cleared for NCAA Tournament and played fully in first round","Consistent 30+ min load recently (avg 33), no recent absences","Minutes proj 36 reliable (last5 avg 33.2, tourney 37 full). Recent PRA mixed: CalBap 28p/1r/1a=30, KSU27/5/4=36, TCU24/8/?~34; often near/over 30.5 in 30+min. Pts proj19 underrates star (28 last); market o23.5pts/o4.5reb/o1.5ast=~31PRA. Tough SJU D11, low team71pts env caps. Health stable now, but variance fragile.","19.22,5.11,2.00","interpolated_sim,interpolated_sim,interpolated_sim",2026-03-22 04:15 PM CDT,https://kenpom.com/player.php?p=58391
Mason Falslev,Utah St.,Arizona,34.0,0.97,"[35, 34, 31, 31, 35]","[2.3, 2.2, 2, 2, 2.3]",F,assists,under,2.6707,3.5,-118,splash_sports,0.72,1.328,68,,,splash_sports 3.5 O -118; U -118,"Team REB: 34.63, Team AST: 17.70, Team 3PM: 8.83, Team STL: 8.77, Team BLK: 2.97, Team TO: 10.67",N/A,N/A,"Minutes proj 34 stable (last5:35,34,31,31,35; conf 0.97), no injuries/news changes. Recent AST:4(Vill),6(SDSU),5(Nev),3(UNLV),4(UNM) avg4.4>3.5, hot streak. Season3.1,proj2.67 reasonable vs AZ tough D, team AST14.4<17.7 season. Volatile recent but matchup favors under; edge solid but recent form fragility lowers score.",2.67,interpolated_sim,2026-03-22 06:50 PM CDT,https://kenpom.com/player.php?p=53101
Joson Sanon,St. John's,Kansas,18.0,0.92,"[20, 26, 23, 16, 18]","[2, 2.7, 2.4, 1.6, 1.8]",GF,points,under,5.6615,7.5,-118,splash_sports,0.72,1.3245,82,,,sleeper 7.5 O -114; U -145 | splash_sports 7.5 O -118; U -118,,N/A,Rotation overlap with Sellers; recent avg ~21 MPG,"Minutes proj 18 vs recent avg 21 (20,26,23,16,18); stable but overlap w/ Sellers/Jackson/Darling caps upside. Recent pts: 15@Seton(3/13),15@Geo(3/4),10@UConn(2/25); streaky 3PT shooter (dropped 2H prod). Tough KS D, team 73 PTS proj limits shots. Under edge solid but variance risk lowers from elite.",5.66,interpolated_sim,2026-03-22 04:15 PM CDT,https://kenpom.com/player.php?p=56211
Jaden Bradley,Arizona,Utah St.,32.0,0.88,"[35, 31, 31, 34, 23]","[2.2, 1.9, 1.9, 2.1, 1.4]",G,assists,under,4.2649,5.5,-125,caesars,0.73,1.3207,85,,,caesars 5.5 O -106; U -125 | fanatics 5.5 O +105; U -140,"Team REB: 43.23, Team AST: 17.23, Team 3PM: 5.87, Team STL: 8.07, Team BLK: 4.27, Team TO: 11.03",Tweaked left wrist/finger in Big 12 final but returned to game and practicing normally,Healthy now but slight uncertainty post-injury; blowout limited last game's minutes,"Minutes proj 32 reliable (last5 avg30.8, stable 30+ except blowout); injury minor, full practice/taped but played full prior. Ast last5:4(LIU blowout),2(HOU inj),7(ISU close),3(UCF),6(COLO) avg4.4=proj4.26. Season4.5-4.8, under5.5 in 8/10 recent. Team AST proj down. Variance risk in close game but blowout favors under. Strong edge.",4.26,interpolated_sim,2026-03-22 06:50 PM CDT,https://kenpom.com/player.php?p=52396
Thomas Haugh,Florida,Iowa,30.0,0.9,"[0, 37, 35, 35, 23]","[0, 2.6, 2.4, 2.4, 1.6]",FC,rebounds,under,4.8536,5.5,106,fanduel,0.64,1.317,72,,,caesars 5.5 O -136; U +102 | fanatics 5.5 O -140; U +105 | fanduel 5.5 O -140; U +106 | prophetx 5.5 O -184; U -135,"Team REB: 45.67, Team AST: 16.83, Team 3PM: 7.57, Team STL: 6.67, Team BLK: 5.07, Team TO: 11.73",Past ankle injury early March; full minutes since return,"High stdDev (13.91) due to prior absence, but stable high usage recently (23-37); key in top lineups","Minutes proj 30 reliable, recent 23-37 post-injury stable, high role certainty as key F. Rebs last5 played:4(PVA blowout),9(Vandy),8(SEC Ky),5(Ark),0(Tx)-avg5.2, variable(0-9) fragile. Full min comp games often 8-9>5.5. Season6.2rpg. Proj4.85 under reasonable in low team REB37vs45env but Iowa poor reb def risks over. No injuries/news vs. Unstable prod lowers score.",4.85,interpolated_sim,2026-03-22 06:10 PM CDT,https://kenpom.com/player.php?p=54392
Solo Ball,Connecticut,UCLA,25.0,0.92,"[24, 25, 17, 29, 25]","[1.5, 1.6, 1.1, 1.8, 1.6]",GF,points,under,9.7563,11.5,-104,fanduel,0.67,1.3166,92,,,caesars 11.5 O -125; U -106 | fanatics 11.5 O -125; U -105 | fanduel 11.5 O -125; U -104 | prophetx 11.5 O -171; U -147 | sleeper 11.5 O -137; U -120 | splash_sports 11.5 O -118; U -118,"Team REB: 36.37, Team AST: 18.63, Team 3PM: 8.57, Team STL: 7.00, Team BLK: 5.47, Team TO: 10.87",N/A,N/A,"Adversarial review: Last5 pts 9(Furman 3-12FG),3(StJ),7(GT),19(Xav),8(Marq) avg9.2=proj9.8. Minutes stable25min avg(conf0.92),one17min blowout. Shooting slump<30%FG recent,no bounceback vs Furman.Twitter notes poor def/form,suggest bench? No injuries/role change.UCLA matchup,team PTS72proj<78avg supports under.Edge solid,minor volatility deduct.",9.76,interpolated_sim,2026-03-22 07:45 PM CDT,https://kenpom.com/player.php?p=54875
Donovan Atwell,Texas Tech,Alabama,36.0,0.95,"[38, 36, 40, 33, 35]","[2.5, 2.3, 2.6, 2.1, 2.3]",GF,points_rebounds_assists,under,18.5238,21.5,-115,sleeper,0.7,1.3085,62,,,sleeper 21.5 O -143; U -115 | splash_sports 21.5 O -118; U -118,"Team REB: 37.30, Team AST: 16.07, Team 3PM: 11.47, Team STL: 5.93, Team BLK: 3.87, Team TO: 10.90",N/A,N/A,"Minutes proj 36 stable vs last5 (35-40). Recent PRA:20(AKR),13(ISU),31(BYU),23(TCU),19(ISU) avg21.2>proj18.5. Points recent avg16.8>13.3proj, shooter hot45%3pt. Reb avg3.2<4.3proj. Ast~1. High variance, tournament vs high-pace ALA favors overs. Projection undervalues recent form; under edge fragile.","13.33,4.32,0.87","interpolated_sim,interpolated_sim,poisson_fallback",2026-03-22 08:45 PM CDT,https://kenpom.com/player.php?p=53696
Dallin Hall,Virginia,Tennessee,29.0,0.95,"[28, 31, 31, 29, 27]","[2.2, 2.4, 2.4, 2.2, 2.1]",G,points,over,7.1163,4.5,-118,splash_sports,0.71,1.3081,62,,,splash_sports 4.5 O -118; U -118,"Team REB: 40.93, Team AST: 16.73, Team 3PM: 10.13, Team STL: 6.57, Team BLK: 6.23, Team TO: 10.80",N/A,N/A,"Minutes stable at 27-31 last 10g (avg 29), matching proj. Points recent last5: 8,7,2,8,0 (avg5.0), volatile w/2 unders. Season 5.9PPG but proj7.1 high vs recent trend. Tough TN defense, team PTS proj69<<81avg. Role secure PG but scoring fragile, 2/5 overs recently. Edge ok but overstated.",7.12,interpolated_sim,2026-03-22 05:10 PM CDT,https://kenpom.com/player.php?p=53592
Dillon Mitchell,St. John's,Kansas,34.0,0.85,"[37, 14, 36, 38, 32]","[2.3, 0.9, 2.2, 2.4, 2]",FC,points,over,10.588,8.5,105,fanatics,0.63,1.2994,42,,,caesars 8.5 O +103; U -137 | fanatics 8.5 O +105; U -140 | prophetx 8.5 O -133; U -137 | sleeper 8.5 O -110; U -149 | splash_sports 8.5 O -118; U -118,,N/A,"Recent tournament minutes consistently high (32 vs UNI, 36 vs Seton Hall semi, 39 vs UConn final) after outlier 14-min Big East quarterfinal; coach Pitino highlights 'played all those minutes' and praises consistency post-meeting.","Last5 pts avg 7.2 (9,13,6,6,2); last10 5.6pts despite 30min avg. Volatile mins (14min vs Prov w/3PF early fouls); recent 0pt games in 37/30min. Foul trouble persistent (avg 2.3PF last10). Blowout risk vs UNI like Creigh blowout (6pts/29min). Low scoring vol as glue guy; proj 9.5 stale/overstated.",10.59,interpolated_sim,2026-03-22 04:15 PM CDT,https://kenpom.com/player.php?p=53280
Brayden Burries,Arizona,Utah St.,30.0,0.95,"[33, 33, 19, 33, 28]","[2.3, 2.3, 1.3, 2.3, 2]",F,points,under,14.2905,17.5,-125,fanatics,0.72,1.2991,68,,,caesars 16.5 O -115; U -115 | fanatics 17.5 O -105; U -125 | fanduel 16.5 O +100; U -130 | prophetx 16.5 O -145; U -141,"Team REB: 43.23, Team AST: 17.23, Team 3PM: 5.87, Team STL: 8.07, Team BLK: 4.27, Team TO: 11.03",N/A,N/A,"Minutes proj solid at 28 (last5 avg 28.4), but volatile (19-33). Recent pts:11@ISU(ankle),31@COLO,21@UCF,3@ISU semi(leg),21@HOU avg17.4. Healthy games 20-31. No new injury; rebounded post-leg. LIU weak (allow74pts), Az PTS proj89>86.6; mismatch favors O17.5 explosion for star Burries. Fragile recent, blowout rest risk lower edge trust. Proj14 low vs role.",14.29,interpolated_sim,2026-03-22 06:50 PM CDT,https://kenpom.com/player.php?p=59285
Otega Oweh,Kentucky,Iowa St.,38.0,0.95,"[38, 39, 35, 39, 43]","[3, 3.1, 2.8, 3.1, 3.4]",GF,threes,under,1.3179,1.5,105,fanatics,0.63,1.2969,65,,,fanatics 1.5 O -140; U +105 | sleeper 1.5 O -145; U -114 | splash_sports 1.5 O -118; U -118,"Team REB: 38.20, Team AST: 16.17, Team 3PM: 8.33, Team STL: 7.10, Team BLK: 4.33, Team TO: 10.73",N/A,N/A,"Minutes stable at ~38/gm last5, no injuries or rotation issues. Recent 3PM: 0,2,0,4,3 (avg 1.8 last5, but 0.67 last3 SEC tourney). High volume 5+ att/gm volatile; 2/5 unders. Proj 1.4 reasonable vs season but recent swings fragile. Santa Clara avg 3pt def. Edge ok but not strong due to inconsistency.",1.32,interpolated_sim,2026-03-22 01:45 PM CDT,https://kenpom.com/player.php?p=52919
Braden Smith,Purdue,Miami FL,35.0,0.95,"[36, 37, 32, 38, 32]","[1.7, 1.8, 1.5, 1.8, 1.5]",G,points,over,17.8031,14.5,-108,fanduel,0.67,1.2938,42,,,caesars 14.5 O -113; U -118 | fanatics 14.5 O -110; U -120 | fanduel 14.5 O -108; U -120 | prophetx 14.5 O -120; U -129 | splash_sports 14.5 O -118; U -118,"Team REB: 35.60, Team AST: 19.67, Team 3PM: 9.40, Team STL: 5.67, Team BLK: 2.67, Team TO: 9.17",N/A,N/A,"Minutes proj solid (35min, 95% conf, last5:36/37/32/38/32 stable). No injuries. But points fragile: last5 avg 11pts (26 blowout Queens,14 Mich,5x3 BTT vs Neb/UCLA/NW). Last10:4/10 over 14.5, avg~12. Proj 17.8 optimistic vs Miami (tougher than Queens); Smith's facilitator role leads to volatile scoring. Team 80pts proj lower pace. Unstable production kills edge trust.",17.80,interpolated_sim,2026-03-22 11:10 AM CDT,https://kenpom.com/player.php?p=52901
Christian Anderson,Texas Tech,Alabama,37.0,0.95,"[32, 40, 40, 31, 39]","[1.6, 2, 2, 1.6, 2]",G,turnovers,over,3.6709,2.5,-118,splash_sports,0.7,1.2909,72,,,splash_sports 2.5 O -118; U -118,"Team REB: 37.30, Team AST: 16.07, Team 3PM: 11.47, Team STL: 5.93, Team BLK: 3.87, Team TO: 10.90","Groin strain from Big 12 tournament resolved; cleared, full strength, scored 18pts/5ast/4stl in first round vs Akron",Post-injury game confirms full workload capacity despite prior std dev; no limitations reported,"Minutes projection solid at 37min (last5 avg 36.4, post-injury 39min vs Akron full go). Season TO 3.4 aligns w/ proj 3.67, but recent 3g: 2,1,2 TO despite high min; prior streak 6TOx3 broken. Volatile TO (1-7 range) fragile for over 2.5. Injury resolved, no role change vs Bama. Team TO neutral. Edge ok but recent trend & instability ding trust.",3.67,interpolated_sim,2026-03-22 08:45 PM CDT,https://kenpom.com/player.php?p=56143
Ivan Kharchenkov,Arizona,Utah St.,29.0,0.95,"[24, 29, 32, 36, 26]","[1.4, 1.7, 1.8, 2.1, 1.5]",F,points_rebounds_assists,under,16.777,19.5,-118,splash_sports,0.7,1.2896,28,,,splash_sports 19.5 O -118; U -118,"Team REB: 43.23, Team AST: 17.23, Team 3PM: 5.87, Team STL: 8.07, Team BLK: 4.27, Team TO: 11.03",N/A,N/A,"Last 5 PRA: 26(LIU),20(HOU),25(ISU),14(UCF),17(COLO) avg 20.4>19.5; last 3 tourney/conf: avg 23.7. Minutes stable 29avg last5, starter role certain, no injuries/news changes. Components: pts avg12.6>10.3, reb5.2>4.3, ast2.6>2.2. Projection stale vs hot streak; under fragile.","10.30,4.29,2.18","interpolated_sim,interpolated_sim,interpolated_sim",2026-03-22 06:50 PM CDT,https://kenpom.com/player.php?p=59287
Solo Ball,Connecticut,UCLA,25.0,0.92,"[24, 25, 17, 29, 25]","[1.5, 1.6, 1.1, 1.8, 1.6]",GF,points_rebounds_assists,under,14.0064,16.5,-118,splash_sports,0.7,1.2895,82,,,sleeper 16.5 O -128; U -128 | splash_sports 16.5 O -118; U -118,"Team REB: 36.37, Team AST: 18.63, Team 3PM: 8.57, Team STL: 7.00, Team BLK: 5.47, Team TO: 10.87",N/A,N/A,"Minutes proj 25 aligns w/ last5 avg (24.4: 25,30,17,25,25). Recent PRA avg 13.8 (15@FUR,7@SJU,7@GTWN,25@XAV,15@MARQ), proj 14 spot-on. Volatile: two sub-10s but 25 outlier. Poor shooting (30% 3PT, 3-12 vs FUR). No injury, starter role stable despite teammate outs (Demary/Stewart). UCLA tougher D, team low PTS proj (72) favors under. Edge trustworthy but fragile streak.","9.76,3.01,1.24","interpolated_sim,interpolated_sim,interpolated_sim",2026-03-22 07:45 PM CDT,https://kenpom.com/player.php?p=54875
Tre White,Kansas,St. John's,33.0,0.9,"[37, 30, 38, 21, 32]","[2.2, 1.8, 2.3, 1.3, 1.9]",FC,rebounds,over,6.9385,5.5,110,caesars,0.61,1.2854,82,,,caesars 5.5 O +110; U -148 | fanatics 5.5 O +100; U -130 | fanduel 4.5 O -144; U +108 | prophetx 5.5 O -141; U -176,"Team REB: 38.63, Team AST: 14.40, Team 3PM: 7.37, Team STL: 5.50, Team BLK: 5.87, Team TO: 10.73",N/A,"Key rotation player in top lineups, strong first-round performance; avg ~31 min despite std dev 6.09","Minutes proj 33 matches last5 avg 31.6 (37/30/38/21/32), but high std dev w/ 21min outlier (no fouls). Reb last5:7(CBU tourn),3(HOU),3(TCU 38min),11(KSU),14(ASU) avg7.6>5.5, but two low-reb games despite mins expose fragility. Season 6.7reb/32min. Starter, no injury. Team REB proj35.7<38.6 vs stout SJU. Solid edge, minor deduction for reb variance.",6.94,interpolated_sim,2026-03-22 04:15 PM CDT,https://kenpom.com/player.php?p=53086
Josiah Moseley,Texas Tech,Alabama,22.0,0.9,"[21, 22, 15, 18, 25]","[1.9, 2, 1.4, 1.6, 2.2]",FC,points_rebounds_assists,over,17.9393,14.5,-118,splash_sports,0.69,1.2824,68,,,sleeper 14.5 O -147; U -112 | splash_sports 14.5 O -118; U -118,"Team REB: 37.30, Team AST: 16.07, Team 3PM: 11.47, Team STL: 5.93, Team BLK: 3.87, Team TO: 10.90",N/A,N/A,"Minutes proj 22 aligns w/ recent avg 20+ (last5:25,18,15,23,22), stable off bench role splitting C w/Bamgboye amid Toppin injury. PRA last5 avg14.6 (21,10,7,15,20) volatile vs proj17.9; pts~9 ok, reb7.7 high vs recent~5, ast1 fine. Post-fracture hot streak (13G total) but small sample risks regression. Fast Alabama pace aids upside, but matchup rebound woes & variance cap trust.","9.23,7.66,1.04","interpolated_sim,interpolated_sim,interpolated_sim",2026-03-22 08:45 PM CDT,https://kenpom.com/player.php?p=56172
Motiejus Krivas,Arizona,Utah St.,25.0,0.98,"[25, 23, 27, 25, 22]","[2.7, 2.5, 2.9, 2.7, 2.4]",C,blocks,under,1.5619,1.5,130,fanatics,0.56,1.2818,28,,,fanatics 1.5 O -170; U +130,"Team REB: 43.23, Team AST: 17.23, Team 3PM: 5.87, Team STL: 8.07, Team BLK: 4.27, Team TO: 11.03",N/A,N/A,"Minutes proj 25 stable (last5:22-27), high conf, consistent starter post-injury. Recent BLK:4(LIU),1(HOU),2(ISU),2(UCF),3(COLO) avg2.4 last5; last10 avg1.9. Season2.0. Proj1.56 underestimates hot streak. No injuries/foul issues. Utah St paint focus aids blocks. Team BLK proj down but Krivas anchors D. Under lacks edge.",1.56,interpolated_sim,2026-03-22 06:50 PM CDT,https://kenpom.com/player.php?p=55294
Josiah Moseley,Texas Tech,Alabama,22.0,0.9,"[21, 22, 15, 18, 25]","[1.9, 2, 1.4, 1.6, 2.2]",FC,rebounds,over,7.6639,5.5,-118,splash_sports,0.68,1.2648,58,,,sleeper 5.5 O -120; U -137 | splash_sports 5.5 O -118; U -118,"Team REB: 37.30, Team AST: 16.07, Team 3PM: 11.47, Team STL: 5.93, Team BLK: 3.87, Team TO: 10.90",N/A,N/A,"Minutes proj 22 stable, last5:25/4reb(Akron),18/4(ISU),15/2(BYU),23/6(TCU),22/9(ISU); avg 20.6min/5reb. Volatile REB (2-9), recent 4,4 under line. Post-injury small sample(13G,3.7season avg). Toppin out boosts role but Alabama frontcourt tough, aware of surge. Team REB proj40>37avg favorable but 7.7proj aggressive vs trends.",7.66,interpolated_sim,2026-03-22 08:45 PM CDT,https://kenpom.com/player.php?p=56172
Donovan Dent,UCLA,Connecticut,36.0,0.92,"[34, 39, 38, 10, 40]","[1.7, 2, 1.9, 0.5, 2]",G,assists,under,5.8504,6.5,101,sleeper,0.63,1.2621,78,,,caesars 5.5 O -205; U +151 | fanatics 6.5 O -105; U -125 | sleeper 6.5 O -167; U +101,"Team REB: 32.30, Team AST: 16.00, Team 3PM: 7.87, Team STL: 6.40, Team BLK: 3.00, Team TO: 9.07",Recovered from prior calf strain; full participation in UCF game (40 min),"High recent usage (38-40 min), key PG in all top lineups, sustainable in close tournament game","Minutes proj reliable (36min, 0.92 conf; 40min post-injury vs UCF). Recent AST: 5(UCF40m),1(PUR10m inj),12(MSU38),12(RUTG39),7(USC34); avg 7.4 last5 but 5 latest full game. Post-hot streak cooldown. Team AST 13.3 proj <16 szn avg, low PTS68. UConn top D limits opps/assists. Under 6.5 edge holds vs previews pushing over on stale form.",5.85,interpolated_sim,2026-03-22 07:45 PM CDT,https://kenpom.com/player.php?p=52830
Tre Donaldson,Miami FL,Purdue,33.0,0.88,"[36, 37, 38, 24, 34]","[1.7, 1.8, 1.8, 1.1, 1.6]",G,points_assists,under,19.7166,22.5,-118,fanduel,0.68,1.262,75,,,fanduel 22.5 O -108; U -118,"Team REB: 38.20, Team AST: 16.40, Team 3PM: 6.67, Team STL: 8.00, Team BLK: 3.33, Team TO: 11.57",N/A,"High std dev (5.08); recent variability (24-38 min), projecting near avg for tournament","Minutes proj 33 aligns w/ last5 avg ~33 but high var/foul risk (24min vs VA). Recent PA: last5 avg22 (23MO,10VA,20LOU,31LOU,26SMU), variable 10-31. Season 16.5pts+5.8ast=22.3 near line. Proj 19.7 reflects Purdue D/team low PTS73/AST14.7. Key PG role stable, no inj, but volatility & matchup favor under modestly.","14.79,4.92","interpolated_sim,interpolated_sim",2026-03-22 11:10 AM CDT,https://kenpom.com/player.php?p=52408
Drake Allen,Utah St.,Arizona,33.0,0.95,"[37, 30, 31, 30, 33]","[3.5, 2.8, 2.9, 2.8, 3.1]",G,steals,over,2.3317,1.5,-115,fanatics,0.67,1.2619,84,,,fanatics 1.5 O -115; U -115 | splash_sports 1.5 O -118; U -118,"Team REB: 34.63, Team AST: 17.70, Team 3PM: 8.83, Team STL: 8.77, Team BLK: 2.97, Team TO: 10.67",N/A,N/A,"Minutes proj 33 solid vs last5 avg 32+, high conf, no injury news. Recent steals last5:3,1,4,2,2 (avg2.4), last10 2.3 matching proj2.33. Role as PG starter certain. But AZ allows just 6.0 opp STL/g (elite), team STL proj down vs season. Foul trouble risk (recent 5PF games). Edge good but matchup tempers.",2.33,interpolated_sim,2026-03-22 06:50 PM CDT,https://kenpom.com/player.php?p=53191
Trey Kaufman-Renn,Purdue,Miami FL,28.0,0.9,"[29, 30, 26, 28, 25]","[2.3, 2.4, 2.1, 2.2, 2]",C,points_rebounds_assists,under,25.3474,28.5,-118,splash_sports,0.68,1.26,85,,,splash_sports 28.5 O -118; U -118,"Team REB: 35.60, Team AST: 19.67, Team 3PM: 9.40, Team STL: 5.67, Team BLK: 2.67, Team TO: 9.17",Shoulder scare in Big Ten final but fully progressed and available,N/A,"Minutes stable at 25-30 in L5 (proj 28 reliable). Injury resolved, fully healthy. Recent PRA:37(Queens blowout),24(Mich),23(UCLA),22(Neb),27(NU); avg 26.6 skewed by outlier, median 24<28.5. Season PRA~24 aligns w/proj 25.3. Hot pts(17.2) but reb/ast steady; team env slightly down vs Miami def. Under trustworthy, recent form not fragile.","13.79,9.08,2.48","interpolated_sim,interpolated_sim,interpolated_sim",2026-03-22 11:10 AM CDT,https://kenpom.com/player.php?p=51194
Braylon Mullins,Connecticut,UCLA,32.0,0.95,"[33, 34, 32, 27, 37]","[3.3, 3.4, 3.2, 2.7, 3.7]",GF,threes,under,1.9807,2.5,-118,splash_sports,0.68,1.2589,88,,,caesars 2.5 O +100; U -134 | fanatics 2.5 O +100; U -130 | prophetx 2.5 O -149; U -171 | sleeper 2.5 O -115; U -143 | splash_sports 2.5 O -118; U -118,"Team REB: 36.37, Team AST: 18.63, Team 3PM: 8.57, Team STL: 7.00, Team BLK: 5.47, Team TO: 10.87",N/A,N/A,"Minutes proj 30 solid (conf 0.9, last5 avg ~30 stable,no changes/injuries). Recent 5g 3PM:1.2 (1,2,1,1,1) on 6.8 att (17.6%), cold streak vs season 2.3/7.2 (34.5%). Big East tourn low effcy despite vol. Key shooter role intact, coach wants more shots. Furman weaker opp may incr att but recent fragile form favors under 2.5 (proj 2.11). Team 3PM~8.5 std. Strong edge.",1.98,interpolated_sim,2026-03-22 07:45 PM CDT,https://kenpom.com/player.php?p=58096
Tre Donaldson,Miami FL,Purdue,33.0,0.88,"[36, 37, 38, 24, 34]","[1.7, 1.8, 1.8, 1.1, 1.6]",G,assists,under,4.9243,5.5,100,caesars,0.63,1.2584,78,,,caesars 5.5 O -134; U +100 | fanatics 5.5 O -130; U +100 | prophetx 5.5 O -188; U -141,"Team REB: 38.20, Team AST: 16.40, Team 3PM: 6.67, Team STL: 8.00, Team BLK: 3.33, Team TO: 11.57",N/A,"High std dev (5.08); recent variability (24-38 min), projecting near avg for tournament","Minutes proj 33 aligns w/ last5 avg 34.6 (36,38,24,36,34 var std5); recent low 24min vs UVA w/2AST. AST last5 avg5.8 (6,2,6,6,9), last10 5.1; variable 2-9 but high-min games 5-9. Season 5.8APG as lead PG starter. Purdue opp AST 14.6 low, team proj14.7<season16.4 pace down. No injuries/news hurts under. Edge ok but prod fragility/variability lowers trust.",4.92,interpolated_sim,2026-03-22 11:10 AM CDT,https://kenpom.com/player.php?p=52408
Tre White,Kansas,St. John's,33.0,0.9,"[37, 30, 38, 21, 32]","[2.2, 1.8, 2.3, 1.3, 1.9]",FC,points_rebounds_assists,over,20.9818,17.5,-118,splash_sports,0.68,1.257,78,,,sleeper 17.5 O -133; U -123 | splash_sports 17.5 O -118; U -118,"Team REB: 38.63, Team AST: 14.40, Team 3PM: 7.37, Team STL: 5.50, Team BLK: 5.87, Team TO: 10.73",N/A,"Key rotation player in top lineups, strong first-round performance; avg ~31 min despite std dev 6.09","Minutes volatile w/ 21-min low in B12 semi (std dev 6); PRA last5: 20/8/12/36/33 (avg21.8), under in 2/3 recent tourney/B12 games; pts efficiency poor lately (12/5/8); reb strong avg7.6 but regression noted; key role stable, no injury, but low team PTS proj & Peterson usage risk fragile edge.","12.41,6.94,1.63","interpolated_sim,interpolated_sim,interpolated_sim",2026-03-22 04:15 PM CDT,https://kenpom.com/player.php?p=53086
Melvin Council,Kansas,St. John's,37.0,0.95,"[39, 31, 40, 35, 31]","[1.8, 1.4, 1.8, 1.6, 1.4]",G,points_rebounds_assists,over,22.9347,19.5,-118,splash_sports,0.68,1.2566,42,,,sleeper 19.5 O -128; U -128 | splash_sports 19.5 O -118; U -118,"Team REB: 38.63, Team AST: 14.40, Team 3PM: 7.37, Team STL: 5.50, Team BLK: 5.87, Team TO: 10.73",N/A,N/A,"Minutes stable at ~35-40, matching proj & last5 log. But PRA avg 19.2 last5 (14,11,17,35,19), drops to 14 avg last3 tourney games (CBU/HOU/TCU). Scoring slump: 4/4/7 pts vs 13.2 proj. Fatigue noted (day off pre-NCAAs, led mins). Team proj PTS/AST down vs season. St. John's tough matchup risks under. Fragile recent prod lowers edge trust.","13.15,5.05,4.74","interpolated_sim,interpolated_sim,interpolated_sim",2026-03-22 04:15 PM CDT,https://kenpom.com/player.php?p=55518
Tobe Awaka,Arizona,Utah St.,17.0,0.9,"[20, 20, 27, 14, 18]","[2.6, 2.6, 3.5, 1.8, 2.3]",FC,points_rebounds_assists,under,16.1182,18.5,-118,splash_sports,0.68,1.2565,72,,,splash_sports 18.5 O -118; U -118,"Team REB: 43.23, Team AST: 17.23, Team 3PM: 5.87, Team STL: 8.07, Team BLK: 4.27, Team TO: 11.03",N/A,Recent minutes trending down but key bench piece in lineups,"Minutes proj 17 vs last5 avg 19.8 (20,20,27,14,18), recent downtrend 14-18min in tourney/blowout. PRA last5 avg18 (24,18,21,7,20) exceeds 16.1 proj but outlier low7; per-min consistent ~0.9. Reb proj7.6 low vs recent8.4avg/season9.5, matchup vs small Utah St frontcourt (<6'9) favors higher reb. Role stable key bench big, no injuries/news. Variance in min/PRA from fouls lowers trust in under edge.","7.92,7.56,0.63","interpolated_sim,interpolated_sim,poisson_fallback",2026-03-22 06:50 PM CDT,https://kenpom.com/player.php?p=53032
Jaden Bradley,Arizona,Utah St.,32.0,0.88,"[35, 31, 31, 34, 23]","[2.2, 1.9, 1.9, 2.1, 1.4]",G,threes,over,0.8968,0.5,112,caesars,0.59,1.2553,65,,,caesars 0.5 O +112; U NA,"Team REB: 43.23, Team AST: 17.23, Team 3PM: 5.87, Team STL: 8.07, Team BLK: 4.27, Team TO: 11.03",Tweaked left wrist/finger in Big 12 final but returned to game and practicing normally,Healthy now but slight uncertainty post-injury; blowout limited last game's minutes,"Minutes rock-solid (31-36 last 5, 0.92 conf); wrist scare resolved (neg X-ray, full play). But Bradley low-vol 3PT guard (seas 0.8 3PM/1.9PA/41%; last5:2,0,0,0,0 for 0.4avg, minimal att in B12 tourney). Not primary shooter-role; recent cold streak fragile vs proj 0.87. LIU blowout may boost but edge shaky/stale.",0.90,poisson_fallback,2026-03-22 06:50 PM CDT,https://kenpom.com/player.php?p=52396
Xaivian Lee,Florida,Iowa,30.0,0.95,"[25, 31, 31, 30, 23]","[1.7, 2.1, 2.1, 2, 1.6]",G,assists,under,3.8618,4.5,-110,fanatics,0.66,1.2511,68,,,fanatics 4.5 O -120; U -110 | splash_sports 4.5 O -118; U -118,"Team REB: 45.67, Team AST: 16.83, Team 3PM: 7.57, Team STL: 6.67, Team BLK: 5.07, Team TO: 11.73",N/A,N/A,"Minutes proj 30 aligns w/ last5 avg ~28, stable role as starting guard. Recent 5g ast avg 5.2 (5,4,6,5,6) exceeds 3.86 proj & 4.2 season, questioning model freshness. Iowa elite limiting opp ast (11.6/gm, #37), team AST proj down to 14.5 vs 16.8 szn. Blowout risk low vs methodical IA; under edge holds but recent hot streak caps trust.",3.86,interpolated_sim,2026-03-22 06:10 PM CDT,https://kenpom.com/player.php?p=53977
Trey Kaufman-Renn,Purdue,Miami FL,28.0,0.9,"[29, 30, 26, 28, 25]","[2.3, 2.4, 2.1, 2.2, 2]",C,points_rebounds,under,22.8719,25.5,-113,fanduel,0.66,1.2479,78,,,fanduel 25.5 O -113; U -113,"Team REB: 35.60, Team AST: 19.67, Team 3PM: 9.40, Team STL: 5.67, Team BLK: 2.67, Team TO: 9.17",Shoulder scare in Big Ten final but fully progressed and available,N/A,"Last 5: pts+reb 23(20+3),22(12+10),19(10+9),25(19+6),20(17+3) avg21.8 under 25.5. Mins avg28 (data last5 27.2), proj25 conservative. Shoulder pain 3/15 vs Mich but 28min/20pts. Stable starter role, no injury news. Queens poor reb (worst nationally), risks reb spike to 10+ despite recent tourney lows (avg6.2reb vs tough D). High team PTS/REB proj favors mild over threat. Edge ok but opp mismatch dings.","13.79,9.08","interpolated_sim,interpolated_sim",2026-03-22 11:10 AM CDT,https://kenpom.com/player.php?p=51194
Braden Smith,Purdue,Miami FL,35.0,0.95,"[36, 37, 32, 38, 32]","[1.7, 1.8, 1.5, 1.8, 1.5]",G,assists,under,7.9536,8.5,110,fanatics,0.59,1.2459,38,,,caesars 9.5 O +111; U -148 | fanatics 8.5 O -145; U +110 | prophetx 9.5 O +107; U -167,"Team REB: 35.60, Team AST: 19.67, Team 3PM: 9.40, Team STL: 5.67, Team BLK: 2.67, Team TO: 9.17",N/A,N/A,"Minutes stable ~35/min proj matches last5 (32-38). But assists recent last5:8,11,9,10,16 (avg10.8, 4/5 over8.5); last10 avg9.7 (7/10 over). Season9.0APG. Broke NCAA ast record vsQueens(8ast). Previews push over9.5; Miami must stop him but no D news. Projection7.95 stale vs hot streak/role; under edge fragile/untrustworthy.",7.95,interpolated_sim,2026-03-22 11:10 AM CDT,https://kenpom.com/player.php?p=52901
Darryn Peterson,Kansas,St. John's,36.0,0.92,"[35, 29, 37, 28, 37]","[1.9, 1.6, 2, 1.5, 2]",GF,points_rebounds,under,24.3258,27.5,-120,fanduel,0.68,1.2451,68,,,fanduel 27.5 O -106; U -120,"Team REB: 38.63, Team AST: 14.40, Team 3PM: 7.37, Team STL: 5.50, Team BLK: 5.87, Team TO: 10.73","History of cramping, hamstring, ankle issues but cleared for NCAA Tournament and played fully in first round","Consistent 30+ min load recently (avg 33), no recent absences","Minutes proj 36 reliable (last5 avg~33, tournament 37 full). Cleared injuries, no recent issues. Season PRA~24.3 matches proj; recent volatile: CBU 28pts/1reb=29, Houston14/low=low, KSt27/5=32, Az15/10=25. Rebs swingy 1-10. Star role certain, high usage. Market props o23.5pts/o4.5reb imply ~28PRA risk vs low team PTS proj. Solid edge but fragile high-end vulnerable.","19.22,5.11","interpolated_sim,interpolated_sim",2026-03-22 04:15 PM CDT,https://kenpom.com/player.php?p=58391
Tre White,Kansas,St. John's,33.0,0.9,"[37, 30, 38, 21, 32]","[2.2, 1.8, 2.3, 1.3, 1.9]",FC,points_rebounds,over,19.3474,16.5,-108,fanduel,0.65,1.2449,68,,,fanduel 16.5 O -108; U -118,"Team REB: 38.63, Team AST: 14.40, Team 3PM: 7.37, Team STL: 5.50, Team BLK: 5.87, Team TO: 10.73",N/A,"Key rotation player in top lineups, strong first-round performance; avg ~31 min despite std dev 6.09","Minutes proj 33 reliable avg~31 last5 but std6+21min outlier in loss. Recent tourney PRA:19(CBU poor shoot),8(HOU),11(TCU); avg13<proj19. Season13.8/6.7 solid but post cold streak, jacking bad 3s, waving off star. Tougher StJ, low team PTS/REB proj risks output. Key role but fragile form lowers edge.","12.41,6.94","interpolated_sim,interpolated_sim",2026-03-22 04:15 PM CDT,https://kenpom.com/player.php?p=53086
C.J. Cox,Purdue,Miami FL,25.0,0.9,"[28, 22, 27, 27, 25]","[1.5, 1.2, 1.4, 1.4, 1.3]",G,threes,under,1.478,1.5,114,caesars,0.58,1.2448,68,,,caesars 1.5 O -152; U +114 | fanatics 1.5 O -145; U +110 | prophetx 1.5 O -214; U -119,"Team REB: 35.60, Team AST: 19.67, Team 3PM: 9.40, Team STL: 5.67, Team BLK: 2.67, Team TO: 9.17",N/A,N/A,"Minutes proj 25 solid, last5 avg 25.8 match data. Recent 3PM: 3,0,1,3,1 (avg1.6>1.48proj), highs 3-5 lately but variance high (0-3 range). 4.4 3PA/37% recent supports ~1.6-1.7. Hot streak 10/3games prior, 3/4 vs Queens. No injuries/role changes. Miami matchup needs Purdue 3s, but projection undervalues recent form making under edge fragile/untrustworthy.",1.48,interpolated_sim,2026-03-22 11:10 AM CDT,https://kenpom.com/player.php?p=56089
Felix Okpara,Tennessee,Virginia,30.0,0.98,"[28, 32, 31, 27, 29]","[2.5, 2.9, 2.8, 2.4, 2.6]",C,points_rebounds_assists,under,14.4378,16.5,-118,splash_sports,0.67,1.24,62,,,splash_sports 16.5 O -118; U -118,"Team REB: 42.67, Team AST: 17.20, Team 3PM: 6.67, Team STL: 7.63, Team BLK: 3.43, Team TO: 11.97",N/A,N/A,"Minutes stable at ~29-30 last 5-10 games, high conf, starter w/ Estrella sharing frontcourt. Recent PRA avg 17.8 last10/17.8 last5 >> proj 14.4 (pts 10.2>7.3, reb 7.4>6.7). 3/5 last5 over 16.5; highs 28,23,27 earlier. Foul trouble risk (PF3.4avg, 16min once). Calf injury Feb resolved. VA def/low pace game favors under but stale proj/hot streak lowers trust. PRA variable/fragile.","7.34,6.65,0.44","interpolated_sim,interpolated_sim,poisson_fallback",2026-03-22 05:10 PM CDT,https://kenpom.com/player.php?p=53372
Melvin Council,Kansas,St. John's,37.0,0.95,"[39, 31, 40, 35, 31]","[1.8, 1.4, 1.8, 1.6, 1.4]",G,points,over,13.15,10.5,-113,prophetx,0.66,1.2393,38,,,caesars 10.5 O -120; U -112 | fanatics 10.5 O -115; U -115 | fanduel 10.5 O -118; U -110 | prophetx 10.5 O -113; U -161 | sleeper 10.5 O -125; U -132 | splash_sports 10.5 O -118; U -118,"Team REB: 38.63, Team AST: 14.40, Team 3PM: 7.37, Team STL: 5.50, Team BLK: 5.87, Team TO: 10.73",N/A,N/A,"Minutes proj solid (last5:31-40min avg35+), no injuries, rested post-B12 slump. But points last5:4,4,7,17,7 (avg7.8), postseason 4.3avg on 6/35FG(17%). Cold streak fragile; 1/5 over10.5. Proj13.15 stale vs recent log/team low PTS71. St.Johns elite D. Edge untrustworthy.",13.15,interpolated_sim,2026-03-22 04:15 PM CDT,https://kenpom.com/player.php?p=55518
LeJuan Watts,Texas Tech,Alabama,24.0,0.9,"[25, 19, 18, 27, 25]","[2.2, 1.7, 1.6, 2.4, 2.2]",F,points,under,12.6255,14.5,-115,fanatics,0.66,1.2371,88,,,fanatics 14.5 O -115; U -115 | sleeper 14.5 O -115; U -143 | splash_sports 14.5 O -118; U -118,"Team REB: 37.30, Team AST: 16.07, Team 3PM: 11.47, Team STL: 5.93, Team BLK: 3.87, Team TO: 10.90",Reported injury exit in Big 12 tournament semifinal,N/A,"Minutes stable at ~23-24 avg last 5 (24,28,18,19,26), proj 24 solid post-injury; played Akron full 24min/14pts (under line), Big12 semi 28min/12pts despite exit. Recent pts:14,12,7,4,5 (avg8.4)<proj12.6<line14.5. Toppin out boosts role but production capped; TTU high PTS proj but Watts secondary. No new injury; under trustworthy.",12.63,interpolated_sim,2026-03-22 08:45 PM CDT,https://kenpom.com/player.php?p=53283
Alex Condon,Florida,Iowa,29.0,0.95,"[27, 28, 36, 31, 25]","[2.4, 2.5, 3.2, 2.8, 2.2]",C,points_rebounds_assists,under,21.9206,24.5,-118,splash_sports,0.67,1.2334,42,,,splash_sports 24.5 O -118; U -118,"Team REB: 45.67, Team AST: 16.83, Team 3PM: 7.57, Team STL: 6.67, Team BLK: 5.07, Team TO: 11.73",N/A,N/A,"Minutes proj 29 solid vs last5 avg 29.4, stable role as starting F key vs Iowa's small frontcourt. Recent PRA avg 27.2 last5 (21,22,34,23,36), all near/over 24.5, hot streak 20+pts often. Proj 21.9 undervals matchup/ form; team low REB/PTS proj but Condon feasts inside. Edge fragile, lowers under trust.","12.88,6.24,2.79","interpolated_sim,interpolated_sim,interpolated_sim",2026-03-22 06:10 PM CDT,https://kenpom.com/player.php?p=54391
Otega Oweh,Kentucky,Iowa St.,38.0,0.95,"[38, 39, 35, 39, 43]","[3, 3.1, 2.8, 3.1, 3.4]",GF,steals,over,1.7691,1.5,140,fanatics,0.51,1.2326,72,,,fanatics 1.5 O +140; U -180,"Team REB: 38.20, Team AST: 16.17, Team 3PM: 8.33, Team STL: 7.10, Team BLK: 4.33, Team TO: 10.73",N/A,N/A,"Minutes proj solid at 38min w/ consistent last5 (35-43). Oweh season 1.8 SPG leader, proj 1.77 matches. Last5 STL:1,2,2,1,1 (avg1.4, over1.5 in 3/5). Recent tourney 1STL despite heroics. Team STL proj down to6.3 vs7.1. IowaSt allows avg opp STL. Fragile steals variance (0-5), but role secure. Slight edge holds.",1.77,interpolated_sim,2026-03-22 01:45 PM CDT,https://kenpom.com/player.php?p=52919
Tamin Lipsey,Iowa St.,Kentucky,33.0,0.9,"[34, 30, 31, 30, 17]","[2, 1.8, 1.9, 1.8, 1]",G,points,over,15.5723,12.5,-118,splash_sports,0.67,1.2309,75,,,sleeper 12.5 O -128; U -128 | splash_sports 12.5 O -118; U -118,"Team REB: 35.60, Team AST: 17.40, Team 3PM: 8.83, Team STL: 8.77, Team BLK: 2.87, Team TO: 10.37",N/A,"17 min in blowout last game, prior groin tweak resolved per coach, fully healthy","Minutes proj 33 reliable in comp games (30-35 last4); blowout capped 18/3pts. Recent pts volatile:3(18m),8(31m),20(32m),11(30m),16(35m) avg~11.6 last5 vs proj15.6/season13.1. Groin tweak resolved per coach/NCAA avail. Jefferson ankle out boosts usage? But team PTS proj77<81.6, KY tough D. Solid but fragile recent, volatile prod lowers trust.",15.57,interpolated_sim,2026-03-22 01:45 PM CDT,https://kenpom.com/player.php?p=52597
Tavion Banks,Iowa,Florida,27.0,0.95,"[27, 26, 34, 19, 25]","[3.4, 3.2, 4.2, 2.4, 3.1]",FC,points_rebounds_assists,over,18.5805,15.5,-118,splash_sports,0.67,1.2304,58,,,splash_sports 15.5 O -118; U -118,"Team REB: 29.83, Team AST: 15.14, Team 3PM: 7.83, Team STL: 7.07, Team BLK: 2.10, Team TO: 9.48",N/A,N/A,"Minutes proj 27 aligns w/ last5 avg 26min (26,19,34,26,26), but 19min from foul trouble risk persists. Last5 PRA:10(Clem),12(OSU),16(MD),20(Neb),17(Mich) avg15.0<proj18.6; pts avg9.4<10.9, reb4.6<6.4, ast0.8<1.2. Season PRA~16.1 but recent low/volatile. Injury ques undisclosed, low team PTS70 vs Florida tough D. Over edge shaky.","10.91,6.44,1.23","interpolated_sim,interpolated_sim,interpolated_sim",2026-03-22 06:10 PM CDT,https://kenpom.com/player.php?p=56548
Bennett Stirtz,Iowa,Florida,40.0,1.0,"[40, 45, 39, 39, 40]","[2.2, 2.5, 2.1, 2.1, 2.2]",G,steals,over,1.7337,1.5,140,fanatics,0.51,1.2291,42,,,fanatics 1.5 O +140; U -180,"Team REB: 29.83, Team AST: 15.14, Team 3PM: 7.83, Team STL: 7.07, Team BLK: 2.10, Team TO: 9.48",N/A,N/A,"Minutes ironclad: 40+ last 12+ games, no injury/rotation issues. Season STL ~2.1pg per ESPN but D1 March Madness career avg 1.0 in 3 games; vs Clemson R1, Iowa team just 3 STL total (Stirtz struggled offensively, likely 0-1 STL). Florida athletic elite D, neutral TO margin, low-scoring proj (70pts) limits opps. Thin 1.73 proj/win lik 51% fragile vs tourney trends.",1.73,interpolated_sim,2026-03-22 06:10 PM CDT,https://kenpom.com/player.php?p=56549
Nate Ament,Tennessee,Virginia,20.0,0.82,"[0, 0, 32, 30, 19]","[0, 0, 1.9, 1.8, 1.1]",C,threes,under,0.81,1.5,-190,caesars,0.81,1.229,68,,,caesars 1.5 O +140; U -190 | fanatics 1.5 O +130; U -190 | prophetx 1.5 O +131; U -209,"Team REB: 42.67, Team AST: 17.20, Team 3PM: 6.67, Team STL: 7.63, Team BLK: 3.43, Team TO: 11.97",High right ankle sprain; minor knee soreness; limited to 18min (5 in 2H scoreless) in first-round tournament win due to leg soreness; expects to play vs Virginia but pain tolerance issues persist per coach,Adjusted down slightly to reflect recent tournament limitation despite expectation to play through; balanced with prior high usage,"Minutes unstable due to ankle sprain/pain tolerance; 18min/0-1 3PM last game vs Miami OH, prior 30min/0-5 vs Vandy. Volatile recent 3PM (0,0,4,0,2 last 5); season 1.3/4.0 but injury limits volume/mobility. 20min proj reasonable but fragile; Virginia strong 3pt D (opp 30.7%). Under viable but mins/role risk caps edge.",0.81,poisson_fallback,2026-03-22 05:10 PM CDT,https://kenpom.com/player.php?p=58152
Solo Ball,Connecticut,UCLA,25.0,0.92,"[24, 25, 17, 29, 25]","[1.5, 1.6, 1.1, 1.8, 1.6]",GF,threes,under,1.453,2.5,-190,fanatics,0.8,1.2279,78,,,caesars 2.5 O +146; U -197 | fanatics 2.5 O +130; U -190 | prophetx 2.5 O -106; U -260,"Team REB: 36.37, Team AST: 18.63, Team 3PM: 8.57, Team STL: 7.00, Team BLK: 5.47, Team TO: 10.87",N/A,N/A,"Minutes proj 27 aligns w/ recent avg 25.2 (31,24,25,17,29; high std 4.83, dip to 17). Last5 3PM: 0(@SJU 30min),1(GTWN17min),4(XAV25min),2(MARQ25),2(HALL31) avg1.8. Season1.6@30.6%. Recent cold streak (0/4 last), bench calls amid poor def/shooting. No injury. Streaky vol high, Furman blowout risks rest/vol limit. Under edge solid but fragile role/prod lowers trust.",1.45,interpolated_sim,2026-03-22 07:45 PM CDT,https://kenpom.com/player.php?p=54875
Jack Benter,Purdue,Miami FL,18.0,0.88,"[11, 10, 15, 24, 20]","[1.2, 1, 1.6, 2.5, 2.1]",F,points,over,5.2725,3.5,-118,splash_sports,0.66,1.2229,68,,,splash_sports 3.5 O -118; U -118,"Team REB: 35.60, Team AST: 19.67, Team 3PM: 9.40, Team STL: 5.67, Team BLK: 2.67, Team TO: 9.17",Recent wrist injury but played through with strong minutes,High std dev and minor injury introduce some uncertainty,"Minutes volatile (last5:24,15,10,10,17 avg15.2<18proj, high std dev); pts recent:7,8,2,0,4 (avg4.2, only 2/5>3.5); wrist injury since OSU affects shot but played thru w/ key 3s (UCLA8,Mich7); bench role solid amid rotation tweaks/ TKR injury but unstable production fragile in tourney; low line but edge vulnerable to min drop vs Miami D.",5.27,interpolated_sim,2026-03-22 11:10 AM CDT,https://kenpom.com/player.php?p=56093
Collin Chandler,Kentucky,Iowa St.,34.0,0.9,"[35, 30, 33, 28, 42]","[2.8, 2.4, 2.6, 2.2, 3.4]",GF,points,over,9.9244,7.5,-118,splash_sports,0.66,1.2227,68,,,fanatics 8.5 O -110; U -120 | sleeper 7.5 O -143; U -115 | splash_sports 7.5 O -118; U -118,"Team REB: 38.20, Team AST: 16.17, Team 3PM: 8.33, Team STL: 7.10, Team BLK: 4.33, Team TO: 10.73",N/A,N/A,"Minutes stable ~33 avg last 10, proj 34 reliable, starter. Points volatile: last 6 games avg 6.5 (5,6,15,8,2,3 pts), season 9.8. Recent shooting poor (e.g. 2/10 vs Santa Clara). Team PTS proj 70 vs 81 avg signals lower output. Iowa St def strong, but previews note Chandler open for 3s as shooter. No injuries, role clear, but fragile recent prod lowers trust in 9.9 proj over 7.5.",9.92,interpolated_sim,2026-03-22 01:45 PM CDT,https://kenpom.com/player.php?p=56073
Urban Klavzar,Florida,Iowa,18.0,0.95,"[21, 16, 14, 16, 17]","[1.5, 1.2, 1, 1.2, 1.2]",G,points,under,6.3315,7.5,-118,splash_sports,0.66,1.2204,78,,,splash_sports 7.5 O -118; U -118,"Team REB: 45.67, Team AST: 16.83, Team 3PM: 7.57, Team STL: 6.67, Team BLK: 5.07, Team TO: 11.73",N/A,N/A,"Minutes proj 18 aligns w/ last5 avg ~17-18; stable bench role as SEC 6MOY, no injuries. Recent pts: 11,5,6,14,8 (avg 8.8>7.5) but volatile shooter (cooled in SEC tourney). Low team pts proj (77 vs 88 avg), Iowa slow pace favors under. Fragile hot streak, but matchup edges proj 6.3 trustworthy.",6.33,interpolated_sim,2026-03-22 06:10 PM CDT,https://kenpom.com/player.php?p=57483
Drake Allen,Utah St.,Arizona,33.0,0.95,"[37, 30, 31, 30, 33]","[3.5, 2.8, 2.9, 2.8, 3.1]",G,points,over,11.0613,8.5,-118,splash_sports,0.66,1.2192,92,,,caesars 9.5 O +102; U -136 | fanatics 9.5 O +105; U -140 | fanduel 8.5 O -125; U -104 | prophetx 9.5 O -101; U -153 | splash_sports 8.5 O -118; U -118,"Team REB: 34.63, Team AST: 17.70, Team 3PM: 8.83, Team STL: 8.77, Team BLK: 2.97, Team TO: 10.67",N/A,N/A,"Minutes stable 30-37 last 5 (avg 32+ min), high confidence starter/PG role confirmed via lineups/news. Recent tournament: 11,13,12 pts in 33/30/31 min; last 9 avg 11.3 pts 53%FG/48%3PT post-fatherhood per coach praise. Season 7.8PPG/25min underrates current usage. AZ top D lowers team tot to 72PTS, but 11 proj >8.5 reasonable w/ 66% win prob. No injuries/foul trends. Solid edge.",11.06,interpolated_sim,2026-03-22 06:50 PM CDT,https://kenpom.com/player.php?p=53191
Bishop Boswell,Tennessee,Virginia,28.0,0.95,"[29, 29, 31, 21, 21]","[3.2, 3.2, 3.4, 2.3, 2.3]",F,points_rebounds_assists,over,13.9301,11.5,-118,splash_sports,0.66,1.2113,38,,,splash_sports 11.5 O -118; U -118,"Team REB: 42.67, Team AST: 17.20, Team 3PM: 6.67, Team STL: 7.63, Team BLK: 3.43, Team TO: 11.97",N/A,N/A,"Adversarial review disproves over: Last 5 PRA avg 8.4 (10@Miami22min,4@Van21,8@Aub31,9@Van29,11@SC29) << proj 13.9; pts 3.6/6.9, reb 2.2/4.5 down. Hip flexor per Barnes, 4+ fouls 2/5gs, 4TO last. Minutes stable ~26 but VA pack-line/low team proj(70pts/37reb/14ast) caps output. Fragile recent form, stale season-based proj erodes 66% edge.","6.88,4.52,2.54","interpolated_sim,interpolated_sim,interpolated_sim",2026-03-22 05:10 PM CDT,https://kenpom.com/player.php?p=56085
Fletcher Loyer,Purdue,Miami FL,29.0,0.92,"[28, 32, 27, 32, 25]","[1, 1.1, 0.9, 1.1, 0.9]",GF,threes,under,2.4278,2.5,111,caesars,0.57,1.2099,28,,,caesars 2.5 O -148; U +111 | fanatics 2.5 O -145; U +110 | prophetx 2.5 O -159; U +102,"Team REB: 35.60, Team AST: 19.67, Team 3PM: 9.40, Team STL: 5.67, Team BLK: 2.67, Team TO: 9.17",N/A,N/A,"Loyer's last 5: 3/4,4/10,4/9,2/7,6/9 threes (avg 3.8 3PM, 44% on 7.8 att). Minutes avg 31.2 match proj, stable. Hot streak in B1G tourney vs quality foes. No injuries/role changes. Queens poor D, blowout favors volume/shots. Team 3PM up; proj 2.93 ignores surge, under fragile/untrustworthy.",2.43,interpolated_sim,2026-03-22 11:10 AM CDT,https://kenpom.com/player.php?p=52899
Dillon Mitchell,St. John's,Kansas,34.0,0.85,"[37, 14, 36, 38, 32]","[2.3, 0.9, 2.2, 2.4, 2]",FC,points_rebounds_assists,over,22.5392,19.5,-118,splash_sports,0.65,1.2083,78,,,sleeper 19.5 O -128; U -128 | splash_sports 19.5 O -118; U -118,,N/A,"Recent tournament minutes consistently high (32 vs UNI, 36 vs Seton Hall semi, 39 vs UConn final) after outlier 14-min Big East quarterfinal; coach Pitino highlights 'played all those minutes' and praises consistency post-meeting.","Minutes proj 34 reliable post-14min foul outlier; last5 avg 31.4min, tournament 32-39min w/ PRA 17(UNI),21(UConn),24(SH),16(Prov),20(HALL)=19.6avg. Season PRA~18.3, recent pts~8<proj10.6, reb~8<9, ast~3.6~3. No injuries, Pitino praises consistency, starter role solid. Proj optimistic vs Kansas D, team low PTS73env; 3/5 recent overs but fragile pts/reb. Edge ok not elite.","10.59,8.98,2.98","interpolated_sim,interpolated_sim,interpolated_sim",2026-03-22 04:15 PM CDT,https://kenpom.com/player.php?p=53280
Boogie Fland,Florida,Iowa,31.0,0.95,"[29, 33, 35, 34, 25]","[2, 2.3, 2.4, 2.4, 1.8]",G,assists,under,2.9588,3.5,-118,splash_sports,0.65,1.2075,78,,,splash_sports 3.5 O -118; U -118,"Team REB: 45.67, Team AST: 16.83, Team 3PM: 7.57, Team STL: 6.67, Team BLK: 5.07, Team TO: 11.73",N/A,N/A,"Minutes proj 31 reliable (last5:25-35min avg29, stable role as starting PG, no injury/news). Recent asts:4(PV blowout),4(Vandy),1(KY),6(KY),3(MSST) avg3.6>proj2.96 but volatile(1-6). 3/5 over3.5. Season3.4ast. Team AST14.5<16.8 suggests fewer opps. Iowa matchup untested but proj conservative; fragile recent highs in variance lower trust in under edge.",2.96,interpolated_sim,2026-03-22 06:10 PM CDT,https://kenpom.com/player.php?p=56216
Christian Anderson,Texas Tech,Alabama,37.0,0.95,"[32, 40, 40, 31, 39]","[1.6, 2, 2, 1.6, 2]",G,threes,over,3.4829,2.5,-118,splash_sports,0.65,1.2035,78,,,fanatics 2.5 O -130; U +100 | sleeper 2.5 O -135; U -122 | splash_sports 2.5 O -118; U -118,"Team REB: 37.30, Team AST: 16.07, Team 3PM: 11.47, Team STL: 5.93, Team BLK: 3.87, Team TO: 10.90","Groin strain from Big 12 tournament resolved; cleared, full strength, scored 18pts/5ast/4stl in first round vs Akron",Post-injury game confirms full workload capacity despite prior std dev; no limitations reported,"Minutes proj 37 solid (last5 avg 36.4, 39 post-injury vs Akron); no limits reported. 3PM last5: 2,2,6,1,2 (avg 2.6), volatile w/ recent tourney 2/6 ea (33%). Last10 avg 3.4 aligns proj 3.48 on 7.8 att. Alabama opp3P% 33.9% (173rd, avg). Star role secure, high team 3PM env. Edge ok but fragile recent prod/variance vs tougher foe lowers trust.",3.48,interpolated_sim,2026-03-22 08:45 PM CDT,https://kenpom.com/player.php?p=56143
Labaron Philon,Alabama,Texas Tech,36.0,0.95,"[28, 34, 29, 34, 36]","[1.5, 1.8, 1.5, 1.8, 1.9]",G,points,under,23.5272,26.5,-125,fanatics,0.67,1.2021,68,,,fanatics 26.5 O -105; U -125 | sleeper 25.5 O -133; U -123 | splash_sports 25.5 O -118; U -118,"Team REB: 40.73, Team AST: 16.33, Team 3PM: 12.97, Team STL: 6.50, Team BLK: 5.07, Team TO: 10.00",N/A,N/A,"Minutes proj 36 matches recent avg ~32 & last game 36min; stable role as lead guard w/ Holloway suspended (out for tourney). Recent pts hot:29(Hofstra36min),26(Georgia34min), but season 22PPG. No injury news. TTU def allows 72.6PPG. Team proj 86PTS<92avg. Under 26.5 edge ok but vulnerable to usage spike/hot streak; proj 23.5 not stale but recent over-risk lowers trust.",23.53,interpolated_sim,2026-03-22 08:45 PM CDT,https://kenpom.com/player.php?p=56059
Collin Chandler,Kentucky,Iowa St.,34.0,0.9,"[35, 30, 33, 28, 42]","[2.8, 2.4, 2.6, 2.2, 3.4]",GF,points_rebounds_assists,over,16.0715,13.5,-118,splash_sports,0.65,1.2017,38,,,sleeper 13.5 O -130; U -127 | splash_sports 13.5 O -118; U -118,"Team REB: 38.20, Team AST: 16.17, Team 3PM: 8.33, Team STL: 7.10, Team BLK: 4.33, Team TO: 10.73",N/A,N/A,"Minutes stable at ~34 avg last 5 (42,28,33,31,35), but PRA avg 12.2 (12,12,19,12,6) <13.5 line & 16.1 proj. Points crashed to 7.2 avg amid 6-28 3PT slump last 6 gms (1-9 vs SCU). Reb 2.0 vs proj 3.7. Tough IA St D, low team proj (70 PTS). Shooting fragile vs pressure; only 2/5 over. Edge overstated.","9.92,3.69,2.46","interpolated_sim,interpolated_sim,interpolated_sim",2026-03-22 01:45 PM CDT,https://kenpom.com/player.php?p=56073
Karson Templin,Utah St.,Arizona,18.0,0.9,"[23, 18, 14, 14, 24]","[3.4, 2.7, 2.1, 2.1, 3.5]",C,points,under,7.2984,8.5,-118,splash_sports,0.65,1.2009,82,,,splash_sports 8.5 O -118; U -118,"Team REB: 34.63, Team AST: 17.70, Team 3PM: 8.83, Team STL: 8.77, Team BLK: 2.97, Team TO: 10.67",N/A,N/A,"Minutes proj 18 matches last5 avg 18.6 (24,14,14,18,23). Recent pts:4,2,11,8,15 (avg8.0), tournament last4 avg6.25. Season9.0 but cooling vs tougher foes. Foul trouble common (4-5PF often) risks early exit. Stable 6MOY role. AZ strong D, team72pts proj supports low output. High variance fragile but edge holds.",7.30,interpolated_sim,2026-03-22 06:50 PM CDT,https://kenpom.com/player.php?p=54924
Johnny Kinziger,Illinois St.,Wake Forest,34.0,1.0,"[35, 37, 34, 38, 33]","[1.8, 1.9, 1.8, 2, 1.7]",G,turnovers,under,2.2338,2.5,-105,fanatics,0.61,1.198,78,,,fanatics 2.5 O -125; U -105,"Team REB: 36.00, Team AST: 13.68, Team 3PM: 8.77, Team STL: 5.68, Team BLK: 2.29, Team TO: 11.39",N/A,N/A,"Minutes proj 34 locked in, last5 33-38min stable. TO recent last5:0(KentNIT),2,2,2,6(Brad)-avg2.4; last10 avg2.3 matches proj2.23&season2.0. High variance(0-6) signals risk esp away@Wake(ACC pressure?). No injuries/news/rotation issues. Team TO stable. Usage guard role firm but fragile prod lowers trust slightly. Solid under but volatile.",2.23,interpolated_sim,2026-03-22 03:30 PM CDT,https://kenpom.com/player.php?p=54443
Felix Okpara,Tennessee,Virginia,30.0,0.98,"[28, 32, 31, 27, 29]","[2.5, 2.9, 2.8, 2.4, 2.6]",C,points,under,7.3422,8.5,-118,splash_sports,0.65,1.1966,78,,,splash_sports 8.5 O -118; U -118,"Team REB: 42.67, Team AST: 17.20, Team 3PM: 6.67, Team STL: 7.63, Team BLK: 3.43, Team TO: 11.97",N/A,N/A,"Minutes stable at ~29-30 last 5 (28-32), high confidence, no injury/rotation issues post-Feb calf. PTS last5:12,8,6,8,20 (avg10.8>7.34proj, but 3/5 under8.5; volatile on low-volume dunks/putbacks). Defensive anchor role limits shots; efficient but foul-prone. Low team PTS proj(70vs80avg) in VA matchup favors under vs physical center duel. Solid edge, minor volatility ding.",7.34,interpolated_sim,2026-03-22 05:10 PM CDT,https://kenpom.com/player.php?p=53372
Oziyah Sellers,St. John's,Kansas,29.0,0.95,"[32, 32, 16, 19, 25]","[2.2, 2.2, 1.1, 1.3, 1.8]",GF,points,under,8.7827,10.5,-130,fanatics,0.68,1.1961,78,,,caesars 9.5 O -130; U -103 | fanatics 10.5 O +100; U -130 | fanduel 9.5 O -110; U -118 | prophetx 9.5 O -159; U -155 | sleeper 9.5 O -128; U -128 | splash_sports 9.5 O -118; U -118,,Minor hip tweak in Big East semifinal (Mar 13) but returned and played full role since,"Recent minutes: 32 (vs Providence), 25 (vs UNI); averaging 29.6 MPG pre-tournament; top lineup player & coach praise (Pitino: 'lock NBA player')","Minutes stable at 25-32 MPG recently (UNI 25/11pts, Prov 32/14, Conn 20/14), matching 29 proj. Points volatile: 11-14 in tourney overs but season 10.5avg, low 4pt games in 30+min. Hip resolved, Pitino praises role/shooting but urges more attempts vs UNI (passed opens). KU elite D may suppress proj 8.78; recent overs fragile for under edge.",8.78,interpolated_sim,2026-03-22 04:15 PM CDT,https://kenpom.com/player.php?p=53085
Tarris Reed,Connecticut,UCLA,30.0,0.92,"[30, 27, 23, 29, 35]","[3.3, 3, 2.5, 3.2, 3.8]",C,points_rebounds_assists,under,28.0127,30.5,-118,splash_sports,0.65,1.1954,42,,,sleeper 30.5 O -130; U -125 | splash_sports 30.5 O -118; U -118,"Team REB: 36.37, Team AST: 18.63, Team 3PM: 8.57, Team STL: 7.00, Team BLK: 5.47, Team TO: 10.87",N/A,N/A,"Minutes stable at 23-35 last 10 (avg 28), proj 30 reasonable. Last 5 PRA:61(Furman),24,21,33,28 (avg33.4); w/o outlier avg26.5. Season25.4. UCLA poor rim prot (bot-200 2pt%), favors Reed pts/reb. UConn shorthanded backcourt increases role reliance. Proj28 underestimates hot streak/tourney; under fragile/stale.","14.96,10.42,2.63","interpolated_sim,interpolated_sim,interpolated_sim",2026-03-22 07:45 PM CDT,https://kenpom.com/player.php?p=53353
Melvin Council,Kansas,St. John's,37.0,0.95,"[39, 31, 40, 35, 31]","[1.8, 1.4, 1.8, 1.6, 1.4]",G,points_rebounds,over,18.1986,15.5,-118,fanduel,0.65,1.1931,58,,,fanduel 15.5 O -118; U -108,"Team REB: 38.63, Team AST: 14.40, Team 3PM: 7.37, Team STL: 5.50, Team BLK: 5.87, Team TO: 10.73",N/A,N/A,"Minutes stable at ~35-40, proj 37 reasonable (last5 avg 35.2). No injuries. But recent PRA fragile: est ~6/5=11 vs CBU, 4/3=7 vs HOU, 7/5=12 vs TCU (postseason cold shooting 6/35 FG). Season PRA ~18 ok, but pts crashed recently (poor form, 1/10 3PT post). Team proj 71 PTS low vs 75 avg. StJ strong D. Overproj ignores hot/cold streak.","13.15,5.05","interpolated_sim,interpolated_sim",2026-03-22 04:15 PM CDT,https://kenpom.com/player.php?p=55518
Zuby Ejiofor,St. John's,Kansas,30.0,0.95,"[23, 24, 33, 33, 27]","[1.9, 2, 2.7, 2.7, 2.2]",C,points,under,15.5833,17.5,-120,fanatics,0.65,1.1931,38,,,caesars 16.5 O -127; U -105 | fanatics 17.5 O -110; U -120 | fanduel 16.5 O -108; U -120 | prophetx 16.5 O -120; U -165 | sleeper 16.5 O -123; U -133 | splash_sports 16.5 O -118; U -118,,N/A,N/A,"Last 5: 33m/18p,34m/20p,23m/21p,24m/21p,33m/23p; all O17.5, avg 20.6pts/29.4m. Stable high mins, star role/POY hot streak. UNI strong D slows pace (team proj 71pts), but size mismatch favors Ejiofor. No injuries/news. Proj 16 stale vs recent surge; under edge fragile.",15.58,interpolated_sim,2026-03-22 04:15 PM CDT,https://kenpom.com/player.php?p=53675
Felix Okpara,Tennessee,Virginia,30.0,0.98,"[28, 32, 31, 27, 29]","[2.5, 2.9, 2.8, 2.4, 2.6]",C,rebounds,under,6.6549,7.5,-118,splash_sports,0.64,1.1893,68,,,splash_sports 7.5 O -118; U -118,"Team REB: 42.67, Team AST: 17.20, Team 3PM: 6.67, Team STL: 7.63, Team BLK: 3.43, Team TO: 11.97",N/A,N/A,"Minutes proj 30 stable (last5:28-32 avg29.6, conf0.98). Rebs last5:5(MiamiT),6(Vandy),7(Auburn),10(Vandy),8(SC) avg7.2>proj6.65. Season avg6.2. Hit 8+ in 3/10 recent but low in tourney start. Fluctuates 4-10. No injury news. Shared role w/Estrella. Team REB37.5 low vs seas42.7, VA strong off reb/def. Fragile recent highs lower trust in under edge.",6.65,interpolated_sim,2026-03-22 05:10 PM CDT,https://kenpom.com/player.php?p=53372
Aiden Sherrell,Alabama,Texas Tech,32.0,0.95,"[33, 27, 23, 31, 30]","[2.8, 2.3, 2, 2.6, 2.6]",C,rebounds,over,8.694,7.5,110,fanatics,0.57,1.1886,87,,,fanatics 7.5 O +110; U -145 | sleeper 7.5 O -110; U -149 | splash_sports 7.5 O -118; U -118,"Team REB: 40.73, Team AST: 16.33, Team 3PM: 12.97, Team STL: 6.50, Team BLK: 5.07, Team TO: 10.00",N/A,N/A,"Minutes proj 32 (recent avg 28.6, last5:33/8reb,27/4,23/6,30/6,30/15) solid confidence but optimistic. Reb avg last5 7.8 (2/5 over 7.5), per36min 9.7 supports 8.7proj at 32min. Hot streak 15reb vs Hofstra (9OREB), foul history (5fouls prior) but no recent injury. TTU weak reb def (87th), missing Toppin? Favorable matchup, team REB stable. Volatile totals lower score slightly.",8.69,interpolated_sim,2026-03-22 08:45 PM CDT,https://kenpom.com/player.php?p=56025
Donovan Dent,UCLA,Connecticut,36.0,0.92,"[34, 39, 38, 10, 40]","[1.7, 2, 1.9, 0.5, 2]",G,points,over,15.111,12.5,-118,splash_sports,0.64,1.1877,52,,,caesars 12.5 O -125; U -107 | fanatics 12.5 O -125; U -105 | fanduel 12.5 O -122; U -106 | prophetx 12.5 O -155; U -139 | sleeper 12.5 O -135; U -122 | splash_sports 12.5 O -118; U -118,"Team REB: 32.30, Team AST: 16.00, Team 3PM: 7.87, Team STL: 6.40, Team BLK: 3.00, Team TO: 9.07",Recovered from prior calf strain; full participation in UCF game (40 min),"High recent usage (38-40 min), key PG in all top lineups, sustainable in close tournament game","Minutes proj solid post-recovery (40min vs UCF), but pts just 10 on poor 4-17 FG amid rust from calf strain. Pre-injury games high (23,12,25pts), yet recent inefficiency + UConn's elite D in low team PTS proj (68 vs 77.6 avg) questions 15.1 over 12.5. Fragile scoring edge vulnerable.",15.11,interpolated_sim,2026-03-22 07:45 PM CDT,https://kenpom.com/player.php?p=52830
Zuby Ejiofor,St. John's,Kansas,30.0,0.95,"[23, 24, 33, 33, 27]","[1.9, 2, 2.7, 2.7, 2.2]",C,points_rebounds_assists,under,26.1907,28.5,-118,splash_sports,0.64,1.1868,72,,,sleeper 28.5 O -128; U -128 | splash_sports 28.5 O -118; U -118,,N/A,N/A,"Minutes stable at ~28 avg last 5 (23-34), proj 30 reasonable. Recent PRA: 27(UNI),29(UConn),27(Seton),36(Prov),24(Seton) avg 28.6 near line. Season ~26.5 PRA. Hot tournament streak but UNI blowout under in 28 min. Kansas tougher D may limit; low team pts proj 73. No injuries/role changes. Under edge holds but recent form caps score.","15.58,7.78,2.83","interpolated_sim,interpolated_sim,interpolated_sim",2026-03-22 04:15 PM CDT,https://kenpom.com/player.php?p=53675
Jacari White,Virginia,Tennessee,20.0,0.9,"[18, 21, 15, 10, 24]","[1.2, 1.4, 1, 0.6, 1.6]",GF,threes,under,1.7512,1.5,136,caesars,0.5,1.1839,42,,,caesars 1.5 O -182; U +136 | fanatics 1.5 O -190; U +130,"Team REB: 40.93, Team AST: 16.73, Team 3PM: 10.13, Team STL: 6.57, Team BLK: 6.23, Team TO: 10.80",Recovered from December wrist fracture; exploded for 26 pts in 24 min vs Wright State,"Recent NCAA Tournament performance (24 min, 26 pts) and coach comments affirming key role post-ACC final reduce uncertainty","Minutes proj 20 aligns with last5 avg ~18min (18,21,15,10,24), but volatile (low 9-10min in ACC final). Recent 3s: 6,2,0,3,1 (avg 2.4>1.75proj); hot streak 6/8 vs Wright St, prior 5/9 FSU, but 0/3 prior. Season 2.2 3PM. TN strong D, team 3PM proj down to 8.5. Unstable role/min, outlier risk high; under fragile vs momentum.",1.75,interpolated_sim,2026-03-22 05:10 PM CDT,https://kenpom.com/player.php?p=53155
Amari Allen,Alabama,Texas Tech,31.0,0.95,"[26, 21, 24, 25, 32]","[2.7, 2.2, 2.5, 2.6, 3.3]",FC,rebounds,over,7.7411,5.5,-140,fanatics,0.69,1.1793,38,,,fanatics 5.5 O -140; U +105 | sleeper 6.5 O -123; U -133 | splash_sports 6.5 O -118; U -118,"Team REB: 40.73, Team AST: 16.33, Team 3PM: 12.97, Team STL: 6.50, Team BLK: 5.07, Team TO: 10.00",N/A,N/A,"Minutes proj 31> recent 25.6 avg last5 (32,25,24,21,26); rebs avg 4.8 (5,11,5,1,2 RPG), only 1/5 over 5.5. Per-min rebs low recently. Coach Oats: 'need Amari going early' vs TTU, signaling struggles. Team REB proj 38.7<40.7 season. Fragile streak, stale model assumptions reduce edge trust.",7.74,interpolated_sim,2026-03-22 08:45 PM CDT,https://kenpom.com/player.php?p=57933
Tobe Awaka,Arizona,Utah St.,17.0,0.9,"[20, 20, 27, 14, 18]","[2.6, 2.6, 3.5, 1.8, 2.3]",FC,rebounds,under,7.565,8.5,-118,splash_sports,0.64,1.1787,68,,,splash_sports 8.5 O -118; U -118,"Team REB: 43.23, Team AST: 17.23, Team 3PM: 5.87, Team STL: 8.07, Team BLK: 4.27, Team TO: 11.03",N/A,Recent minutes trending down but key bench piece in lineups,"Minutes proj 17 low vs last5 avg 19.8 (14-27 volatile, 14min=5reb). Recent reb 5,7,8,10,12 (avg8.4, 3/5 under8.5). Season9.5r/21.3m. Low team REB37.9proj favors indiv under. Awaka OREB elite but matchup UtahSt weak def reb risks over. Foul/min risk, role stable bench. Model edge solid but fragile prod lowers trust.",7.56,interpolated_sim,2026-03-22 06:50 PM CDT,https://kenpom.com/player.php?p=53032
Sam Lewis,Virginia,Tennessee,28.0,0.92,"[31, 26, 26, 28, 29]","[2.3, 2, 2, 2.1, 2.2]",F,threes,under,1.3987,1.5,-105,caesars,0.6,1.177,42,,,caesars 1.5 O -127; U -105 | prophetx 1.5 O -137; U -114,"Team REB: 40.93, Team AST: 16.73, Team 3PM: 10.13, Team STL: 6.57, Team BLK: 6.23, Team TO: 10.80",N/A,N/A,"Minutes stable ~26 avg last10 (last5:15-31), high conf ok but one low outlier. Recent 3PM: last5 avg 2.4 (0@14min,1,4,4,3); last3 ACC tourney 11/15 (73%). Season 1.7/4.3 (41%). Hot streak, starter role certain, UVA 3s volume high vs weaker Wright St D. Proj 1.56 underprojects form; under fragile/hot-dependent. Edge untrustworthy.",1.40,interpolated_sim,2026-03-22 05:10 PM CDT,https://kenpom.com/player.php?p=54854
Felix Okpara,Tennessee,Virginia,30.0,0.98,"[28, 32, 31, 27, 29]","[2.5, 2.9, 2.8, 2.4, 2.6]",C,blocks,over,1.5628,1.5,165,fanatics,0.44,1.1739,85,,,fanatics 1.5 O +165; U -225,"Team REB: 42.67, Team AST: 17.20, Team 3PM: 6.67, Team STL: 7.63, Team BLK: 3.43, Team TO: 11.97",N/A,N/A,"Minutes stable at ~29 avg last 5 (29,27,30,32,28), proj 30 solid. Blocks last 5:1,1,2,4,0 avg 1.6 matches 1.56 proj. Season 1.5 BLK leader. Past calf injury resolved; starting vs VA, recent previews confirm role. Team BLK proj 3.52 similar season avg. Variance high (2/5 overs), VA matchup neutral, but recent tourney 1 BLK. Edge reliable.",1.56,interpolated_sim,2026-03-22 05:10 PM CDT,https://kenpom.com/player.php?p=53372
Tarris Reed,Connecticut,UCLA,30.0,0.92,"[30, 27, 23, 29, 35]","[3.3, 3, 2.5, 3.2, 3.8]",C,rebounds,under,10.4229,11.5,-118,splash_sports,0.64,1.1736,78,,,caesars 11.5 O +102; U -135 | fanatics 10.5 O -125; U -105 | fanduel 10.5 O -114; U -114 | sleeper 11.5 O -119; U -137 | splash_sports 11.5 O -118; U -118,"Team REB: 36.37, Team AST: 18.63, Team 3PM: 8.57, Team STL: 7.00, Team BLK: 5.47, Team TO: 10.87",N/A,N/A,"Minutes proj 30 stable (last5 avg 28.8, 23-35 range, no injury news). Recent reb: 27(Furman outlier weak opp),7(StJ),7(GT),14(Xav),10(Marq) - avg13 but 9.5 w/o outlier, szn 8.7-9.8. Proj 10.4 reasonable regression vs UCLA (poor def reb% rank~280). Team REB proj down to 34.5. Unstable prod/fragile edge from outlier lowers score but under trustworthy.",10.42,interpolated_sim,2026-03-22 07:45 PM CDT,https://kenpom.com/player.php?p=53353
Joson Sanon,St. John's,Kansas,18.0,0.92,"[20, 26, 23, 16, 18]","[2, 2.7, 2.4, 1.6, 1.8]",GF,points_rebounds_assists,under,8.4203,9.5,-118,splash_sports,0.63,1.1712,68,,,sleeper 9.5 O -133; U -122 | splash_sports 9.5 O -118; U -118,,N/A,Rotation overlap with Sellers; recent avg ~21 MPG,"Minutes proj at 18 low vs last5 avg 20.6 (16-26 range unstable); post PRA avg ~10.5 volatile (3 vs UConn dud, 18/23 highs). Bench spark role certain w/Sellers overlap, no inj/news. Recent pts 7.4>5.66 proj, PRA9.8 near line9.5. Tough KS matchup favors under but hot 3s/hot streak fragile, lowers score.","5.66,2.28,0.48","interpolated_sim,interpolated_sim,poisson_fallback",2026-03-22 04:15 PM CDT,https://kenpom.com/player.php?p=56211
LeJuan Watts,Texas Tech,Alabama,24.0,0.9,"[25, 19, 18, 27, 25]","[2.2, 1.7, 1.6, 2.4, 2.2]",F,rebounds,under,6.7917,7.5,-115,fanatics,0.63,1.1697,78,,,fanatics 7.5 O -115; U -115 | sleeper 7.5 O -102; U -161,"Team REB: 37.30, Team AST: 16.07, Team 3PM: 11.47, Team STL: 5.93, Team BLK: 3.87, Team TO: 10.90",Reported injury exit in Big 12 tournament semifinal,N/A,"Adversarial review: Injury minor ankle from Big12 tourney; played full 24min,6reb vs Akron post-injury. Last5 reb:6,7,7,2,7 (avg5.8); last10 avg5.3 vs season6.0. Minutes consistent ~24 (matches proj/last5). Starter, leads reb w/Toppin out, but no spike. Team REB proj40>37season, but vs poor-reb Alabama. Proj6.8 under7.5 solid; variance (low2) dings slightly.",6.79,interpolated_sim,2026-03-22 08:45 PM CDT,https://kenpom.com/player.php?p=53283
Tre Donaldson,Miami FL,Purdue,33.0,0.88,"[36, 37, 38, 24, 34]","[1.7, 1.8, 1.8, 1.1, 1.6]",G,points,under,14.7923,16.5,-118,fanduel,0.63,1.1697,78,,,caesars 16.5 O -106; U -125 | fanatics 16.5 O -105; U -125 | fanduel 16.5 O -110; U -118 | prophetx 16.5 O -117; U -133 | splash_sports 16.5 O -118; U -118,"Team REB: 38.20, Team AST: 16.40, Team 3PM: 6.67, Team STL: 8.00, Team BLK: 3.33, Team TO: 11.57",N/A,"High std dev (5.08); recent variability (24-38 min), projecting near avg for tournament","Minutes proj 33 aligns w/ last5 avg 33.8 (24-38 range, foul risk). Recent pts: last5 avg16.2 (17,8@24min,14,25,17); last10 18.1 volatile(8-32). Lead guard role firm, no injuries/news. Team PTS73<<82.5 avg favors under vs Purdue D. Model edge trustworthy despite streak.",14.79,interpolated_sim,2026-03-22 11:10 AM CDT,https://kenpom.com/player.php?p=52408
Ivan Kharchenkov,Arizona,Utah St.,29.0,0.95,"[24, 29, 32, 36, 26]","[1.4, 1.7, 1.8, 2.1, 1.5]",F,points,under,10.2995,11.5,-115,fanatics,0.62,1.1684,68,,,caesars 10.5 O -139; U +105 | fanatics 11.5 O -115; U -115 | fanduel 10.5 O -125; U -104,"Team REB: 43.23, Team AST: 17.23, Team 3PM: 5.87, Team STL: 8.07, Team BLK: 4.27, Team TO: 11.03",N/A,N/A,"Minutes proj solid at 29min (last5 avg 29.4, conf 0.95). Recent pts volatile but last5 avg 12.6 (10,10,17,12,14) >11.5 line/proj 10.3; tourney 14@LIU(26min),12@HOU(36),17@ISU(32). Hot streak questions low proj. No injuries, starter role firm. Utah St def strong (70.5PA/G) may cap, but recent overs fragile edge. Season PPG~10 supports under, but trend hurts.",10.30,interpolated_sim,2026-03-22 06:50 PM CDT,https://kenpom.com/player.php?p=59287
Donovan Atwell,Texas Tech,Alabama,36.0,0.95,"[38, 36, 40, 33, 35]","[2.5, 2.3, 2.6, 2.1, 2.3]",GF,threes,under,3.2367,3.5,-105,fanatics,0.6,1.1676,28,,,fanatics 3.5 O -125; U -105 | sleeper 3.5 O -145; U -114 | splash_sports 3.5 O -118; U -118,"Team REB: 37.30, Team AST: 16.07, Team 3PM: 11.47, Team STL: 5.93, Team BLK: 3.87, Team TO: 10.90",N/A,N/A,"Minutes projection solid (36 proj, last5 avg 36.6, range 33-40). No injuries. Recent 3PM last5: 4(AKR),3(ISU),6(BYU),5(TCU),6(ISU) avg4.8 on 10+ att, 46% shooter. Season record 128 3s. Post-Toppin injury hot streak. Bama coach: 'doesn't miss open shots'. Projection 3.24 stale vs recent; under unlikely.",3.24,interpolated_sim,2026-03-22 08:45 PM CDT,https://kenpom.com/player.php?p=53696
Aiden Sherrell,Alabama,Texas Tech,32.0,0.95,"[33, 27, 23, 31, 30]","[2.8, 2.3, 2, 2.6, 2.6]",C,points_rebounds_assists,over,24.3492,21.5,-118,splash_sports,0.63,1.1674,82,,,sleeper 21.5 O -132; U -125 | splash_sports 21.5 O -118; U -118,"Team REB: 40.73, Team AST: 16.33, Team 3PM: 12.97, Team STL: 6.50, Team BLK: 5.07, Team TO: 10.00",N/A,N/A,"Minutes proj 32 > last5 avg 28.8 (23-33mp range, variance noted). PRA proj 24.3 vs last5 avg 20.6 (14,20,17,21,31; volatile w/ outlier 31 vs Hofstra). Pts proj 14.2 > recent 11.4avg, reb 8.7 aligns w/7.8 last5 boosted by matchup (TTU w/o Toppin ACL). Ast fine. No injury, key role certain, favorable env but fragile hot streak lowers trust slightly.","14.24,8.69,1.42","interpolated_sim,interpolated_sim,interpolated_sim",2026-03-22 08:45 PM CDT,https://kenpom.com/player.php?p=56025
Adlan Elamin,Utah St.,Arizona,26.0,0.88,"[17, 17, 28, 24, 30]","[1.6, 1.6, 2.6, 2.2, 2.8]",FC,rebounds,over,4.9441,3.5,-118,splash_sports,0.63,1.1668,68,,,splash_sports 3.5 O -118; U -118,"Team REB: 34.63, Team AST: 17.70, Team 3PM: 8.83, Team STL: 8.77, Team BLK: 2.97, Team TO: 10.67",N/A,"High variability (std 5.42) but strong recent trend (28,24,30) and heavy usage in top lineups (23%+ share); tournament game supports continued role","Minutes highly variable (std 5.42, 17-30 last5); recent REB 7,2,6,1,1 (avg 3.4, per36 4.4), hits over only in high-min games. Arizona dominates paint/rebounding per previews, suppresses opp boards (team proj REB 35 similar season avg). Freshman wing role secondary; production fragile vs elite frontcourt. Proj 4.94 > recent trend; matchup risk high, lowers edge trust.",4.94,interpolated_sim,2026-03-22 06:50 PM CDT,https://kenpom.com/player.php?p=58058
C.J. Cox,Purdue,Miami FL,25.0,0.9,"[28, 22, 27, 27, 25]","[1.5, 1.2, 1.4, 1.4, 1.3]",G,points,under,7.5468,8.5,-115,fanatics,0.62,1.1667,82,,,caesars 9.5 O +110; U -155 | fanatics 8.5 O -115; U -115 | prophetx 9.5 O +112; U -169 | splash_sports 8.5 O -118; U -118,"Team REB: 35.60, Team AST: 19.67, Team 3PM: 9.40, Team STL: 5.67, Team BLK: 2.67, Team TO: 9.17",N/A,N/A,"Minutes proj 25 validated by last5:25,27,28,22,28 stable, high conf. Recent pts:11(Queens),4(Mich),5(UCLA),12(Neb),5(NW) avg7.4<8.5, supports proj7.5. Volatile (std high) but 3/5 under. No injuries/news. Starter role firm. Miami elite 3pt D limits Cox shooter; Purdue pace similar to avg. Edge holds but volatility dings slightly.",7.55,interpolated_sim,2026-03-22 11:10 AM CDT,https://kenpom.com/player.php?p=56089
Tru Washington,Miami FL,Purdue,27.0,0.98,"[28, 26, 27, 28, 23]","[1.8, 1.6, 1.7, 1.8, 1.4]",F,threes,under,1.2545,1.5,-125,fanatics,0.65,1.1658,58,,,caesars 1.5 O -105; U -127 | fanatics 1.5 O -105; U -125 | prophetx 1.5 O -110; U -141,"Team REB: 38.20, Team AST: 16.40, Team 3PM: 6.67, Team STL: 8.00, Team BLK: 3.33, Team TO: 11.57",N/A,N/A,"Minutes stable at 27 proj (last5:26-28). Recent threes:1,2,2,1,2 (avg1.6>1.25proj), on 3-5PA. Season1.2/3.1PA38%. Hot streak post-personal issue return; big tourney role,X-factor. Missouri opp3P%36.5%(poor def). Proj stale vs recent volume/efficiency; under riskier.",1.25,interpolated_sim,2026-03-22 11:10 AM CDT,https://kenpom.com/player.php?p=54634
Labaron Philon,Alabama,Texas Tech,36.0,0.95,"[28, 34, 29, 34, 36]","[1.5, 1.8, 1.5, 1.8, 1.9]",G,assists,over,5.4564,4.5,-115,fanatics,0.62,1.1635,68,,,fanatics 4.5 O -115; U -115 | sleeper 4.5 O -123; U -133 | splash_sports 4.5 O -118; U -118,"Team REB: 40.73, Team AST: 16.33, Team 3PM: 12.97, Team STL: 6.50, Team BLK: 5.07, Team TO: 10.00",N/A,N/A,"Minutes proj 36 aggressive vs last5 avg 32.2 (28,34,29,34,36) & season 30.5. Assists last5 avg 4.0 (2@28TN,3@34GA,4@29AU,4@34MS,7@36HOF); volatile, mostly under 4.5 before tourney outlier. Per36 ast rate ~4.4 last5. No injuries, key role, but TT guards (Anderson) challenge playmaking. Team AST 14.5proj <16.3avg, lower scoring env. Edge fragile, recent trend hurts.",5.46,interpolated_sim,2026-03-22 08:45 PM CDT,https://kenpom.com/player.php?p=56059
Eric Dailey,UCLA,Connecticut,30.0,0.95,"[22, 24, 34, 34, 32]","[1.7, 1.9, 2.6, 2.6, 2.5]",FC,points,under,10.369,11.5,-114,caesars,0.62,1.1628,68,,,caesars 11.5 O -117; U -114 | fanatics 11.5 O -115; U -115 | fanduel 11.5 O -108; U -120 | prophetx 11.5 O -163; U -155 | sleeper 11.5 O -130; U -127 | splash_sports 11.5 O -118; U -118,"Team REB: 32.30, Team AST: 16.00, Team 3PM: 7.87, Team STL: 6.40, Team BLK: 3.00, Team TO: 9.07",N/A,"Very stable ~30 min average, 32 in UCF; core starter in all lineups","Minutes stable at ~30 avg last 5 (29+), core starter. Points volatile: last 5: 20(UCF),11(PUR),14(MSU),10(RUTG),19(USC) avg 14.8 > proj 10.4. Hot streak w/ Bilodeau out (knee); if returns, usage down? UConn elite D, team proj 68 PTS low vs 77.6 avg supports under, but recent tourney explosion & role uncertainty lowers trust in edge.",10.37,interpolated_sim,2026-03-22 07:45 PM CDT,https://kenpom.com/player.php?p=54675
Zuby Ejiofor,St. John's,Kansas,30.0,0.95,"[23, 24, 33, 33, 27]","[1.9, 2, 2.7, 2.7, 2.2]",C,blocks,under,2.2413,2.5,-115,fanatics,0.62,1.1581,22,,,fanatics 2.5 O -115; U -115 | splash_sports 2.5 O -118; U -118,,N/A,N/A,"Minutes proj 30 stable vs last5 avg28 (23-34 range), no foul/injury issues. But blocks avg 3.8 last5 (4 N Iowa,7 UConn,2 Seton,3 Prov,3 Seton reg), 3.0 last10. Hot streak uncaptured by 2.24 proj (stale). Star role, heavy defensive load in tourney blowouts. Vs ex-team Kansas motivated. Under edge fragile, low trust.",2.24,interpolated_sim,2026-03-22 04:15 PM CDT,https://kenpom.com/player.php?p=53675
LeJuan Watts,Texas Tech,Alabama,24.0,0.9,"[25, 19, 18, 27, 25]","[2.2, 1.7, 1.6, 2.4, 2.2]",F,points_rebounds_assists,under,21.7556,23.5,-118,splash_sports,0.63,1.1565,78,,,sleeper 23.5 O -120; U -137 | splash_sports 23.5 O -118; U -118,"Team REB: 37.30, Team AST: 16.07, Team 3PM: 11.47, Team STL: 5.93, Team BLK: 3.87, Team TO: 10.90",Reported injury exit in Big 12 tournament semifinal,N/A,"Adversarial review: Ankle injury in Big12 semi led to low mins (18-19 in last5), but cleared for Akron (14pts/6reb/~2ast=22PRA, fouled out). Season avg PRA~20 vs line 23.5; proj 21.8 fits despite uptempo (85PTS). Starter role firm w/Toppin out, but foul trouble, lingering injury cap upside. Unstable recent mins/production hurts under trust.","12.63,6.79,2.34","interpolated_sim,interpolated_sim,interpolated_sim",2026-03-22 08:45 PM CDT,https://kenpom.com/player.php?p=53283
Aiden Sherrell,Alabama,Texas Tech,32.0,0.95,"[33, 27, 23, 31, 30]","[2.8, 2.3, 2, 2.6, 2.6]",C,blocks,over,2.2142,1.5,-118,splash_sports,0.63,1.1548,85,,,fanatics 1.5 O -130; U +100 | splash_sports 1.5 O -118; U -118,"Team REB: 40.73, Team AST: 16.33, Team 3PM: 12.97, Team STL: 6.50, Team BLK: 5.07, Team TO: 10.00",N/A,N/A,"Sherrell's season 2.1-2.3 BLK avg in 24min; last10 2.0/27min, last5 2.6/29min crushes 1.5 line. MP proj 32>recent 28.8 but stable starter role, high conf. Volatile (0BLK x2 last10) but recent boom (4,4,3,3,2). Old knee injury cleared; no news vs TT. Foul trouble risk (PF4-5 often). Team BLK proj 4.1<5.07 sl hurts. Solid edge.",2.21,interpolated_sim,2026-03-22 08:45 PM CDT,https://kenpom.com/player.php?p=56025
Rueben Chinyelu,Florida,Iowa,26.0,0.95,"[31, 26, 25, 30, 20]","[3.6, 3.1, 2.9, 3.5, 2.4]",C,points_rebounds_assists,under,21.7571,23.5,-118,splash_sports,0.62,1.1541,82,,,splash_sports 23.5 O -118; U -118,"Team REB: 45.67, Team AST: 16.83, Team 3PM: 7.57, Team STL: 6.67, Team BLK: 5.07, Team TO: 11.73",N/A,N/A,"Minutes stable at 26 proj matching last5 avg 26.4 & season 25; no injuries/news changes. Recent PRA avg 22 last5/21.5 last10 aligns w/ proj 21.8. Reb avg 10.6-10.8 recent vs proj 10.6. Variable PRA (9-34) & past foul trouble risk over, but low team REB/PTS proj vs Iowa small frontcourt favors under. Matchup edge offset by env.","10.54,10.58,0.63","interpolated_sim,interpolated_sim,poisson_fallback",2026-03-22 06:10 PM CDT,https://kenpom.com/player.php?p=54976
Mason Falslev,Utah St.,Arizona,34.0,0.97,"[35, 34, 31, 31, 35]","[2.3, 2.2, 2, 2, 2.3]",F,points_rebounds,over,21.9226,19.5,-113,fanduel,0.61,1.1531,78,,,fanduel 19.5 O -113; U -113,"Team REB: 34.63, Team AST: 17.70, Team 3PM: 8.83, Team STL: 8.77, Team BLK: 2.97, Team TO: 10.67",N/A,N/A,"Minutes stable at 31-35min last 10gs (avg33+), no inj/rot changes, key starter w/MJ Collins. Recent pts+reb last5:29(Vill),20(SDSU),17(Nev),33(UNLV),18(UNM)=23.4avg >21.9proj. Pts volatile(22,16,12,24,15), reb strong(7,4,5,9,3). AZ elite D(#1 def reb%,32-2), low team PTS proj72<82season risks unders via fewer opps/poss. Edge solid but matchup fragility.","14.79,7.13","interpolated_sim,interpolated_sim",2026-03-22 06:50 PM CDT,https://kenpom.com/player.php?p=53101
Christian Anderson,Texas Tech,Alabama,37.0,0.95,"[32, 40, 40, 31, 39]","[1.6, 2, 2, 1.6, 2]",G,rebounds,under,4.4837,4.5,110,fanatics,0.55,1.151,82,,,fanatics 4.5 O -145; U +110,"Team REB: 37.30, Team AST: 16.07, Team 3PM: 11.47, Team STL: 5.93, Team BLK: 3.87, Team TO: 10.90","Groin strain from Big 12 tournament resolved; cleared, full strength, scored 18pts/5ast/4stl in first round vs Akron",Post-injury game confirms full workload capacity despite prior std dev; no limitations reported,"Minutes stable at ~37 proj vs last5 avg 36.6; injury cleared but groin strain may limit explosiveness/rebounding post-1REB exit vs ISU. Recent REB volatile: last5 avg4.0 skewed by 11REB outlier (2/25); last4 avg2.25. Season~3.6 aligns w/3.78 proj under4.5. Akron strong def reb (opp19.2/g low), TT proj team REB down. Solid edge but fragile due to variance/injury.",4.48,interpolated_sim,2026-03-22 08:45 PM CDT,https://kenpom.com/player.php?p=56143
Malachi Moreno,Kentucky,Iowa St.,22.0,0.85,"[28, 12, 32, 21, 20]","[2.7, 1.1, 3, 2, 1.9]",C,turnovers,under,1.3252,1.5,-118,splash_sports,0.62,1.15,42,,,splash_sports 1.5 O -118; U -118,"Team REB: 38.20, Team AST: 16.17, Team 3PM: 8.33, Team STL: 7.10, Team BLK: 4.33, Team TO: 10.73",Minor right leg soreness from SEC Tournament resolved; fully available per coach Pope.,"High recent minutes average (~22) and key role in top lineups support slight upward adjustment, tempered by high std dev, poor SCU performance, and variability.","Adversarial review disproves under 1.5 TO: last 5 games avg 2.0 TO (3 SCU@20min,2@21,1@32,0@12,4@27), 3/5 over line. Unstable mins (12-32 range, high std dev) but TOs persist in high-min games. Recent SCU sloppy passes/TOs highlighted; Iowa St aggressive D threatens more (protect ball key per Moreno). Season 1.3 avg stale vs tourney surge. Fragile production, news erodes edge trust.",1.33,interpolated_sim,2026-03-22 01:45 PM CDT,https://kenpom.com/player.php?p=58397
Braylon Mullins,Connecticut,UCLA,32.0,0.95,"[33, 34, 32, 27, 37]","[3.3, 3.4, 3.2, 2.7, 3.7]",GF,points_rebounds_assists,under,17.0369,18.5,-118,splash_sports,0.62,1.1477,N/A,,,sleeper 18.5 O -114; U -145 | splash_sports 18.5 O -118; U -118,"Team REB: 36.37, Team AST: 18.63, Team 3PM: 8.57, Team STL: 7.00, Team BLK: 5.47, Team TO: 10.87",N/A,N/A,N/A,"11.26,4.14,1.64","interpolated_sim,interpolated_sim,interpolated_sim",2026-03-22 07:45 PM CDT,https://kenpom.com/player.php?p=58096
Eric Dailey,UCLA,Connecticut,30.0,0.95,"[22, 24, 34, 34, 32]","[1.7, 1.9, 2.6, 2.6, 2.5]",FC,threes,under,0.7998,0.5,155,fanatics,0.45,1.146,N/A,,,caesars 1.5 O +191; U -265 | fanatics 0.5 O -250; U +155,"Team REB: 32.30, Team AST: 16.00, Team 3PM: 7.87, Team STL: 6.40, Team BLK: 3.00, Team TO: 9.07",N/A,"Very stable ~30 min average, 32 in UCF; core starter in all lineups",N/A,0.80,poisson_fallback,2026-03-22 07:45 PM CDT,https://kenpom.com/player.php?p=54675
Zuby Ejiofor,St. John's,Kansas,30.0,0.95,"[23, 24, 33, 33, 27]","[1.9, 2, 2.7, 2.7, 2.2]",C,rebounds,under,7.7768,8.5,-118,splash_sports,0.62,1.1413,N/A,,,caesars 7.5 O -152; U +114 | fanatics 8.5 O +105; U -140 | fanduel 7.5 O -138; U +104 | prophetx 7.5 O -192; U -130 | sleeper 8.5 O -109; U -152 | splash_sports 8.5 O -118; U -118,,N/A,N/A,N/A,7.78,interpolated_sim,2026-03-22 04:15 PM CDT,https://kenpom.com/player.php?p=53675
Skyy Clark,UCLA,Connecticut,30.0,0.88,"[34, 31, 33, 31, 20]","[3.1, 2.9, 3.1, 2.9, 1.8]",G,points,under,9.4854,10.5,-118,splash_sports,0.62,1.1398,N/A,,,caesars 10.5 O -105; U -127 | fanatics 10.5 O -110; U -120 | fanduel 10.5 O -102; U -128 | prophetx 10.5 O -135; U -159 | sleeper 10.5 O -120; U -135 | splash_sports 10.5 O -118; U -118,"Team REB: 32.30, Team AST: 16.00, Team 3PM: 7.87, Team STL: 6.40, Team BLK: 3.00, Team TO: 9.07",N/A,"Strong avg ~30, dip to 20 in UCF likely matchup-specific; heavy in lineups (top 8)",N/A,9.49,interpolated_sim,2026-03-22 07:45 PM CDT,https://kenpom.com/player.php?p=52575
Boogie Fland,Florida,Iowa,31.0,0.95,"[29, 33, 35, 34, 25]","[2, 2.3, 2.4, 2.4, 1.8]",G,points_rebounds_assists,under,16.1361,17.5,-118,splash_sports,0.62,1.1389,N/A,,,splash_sports 17.5 O -118; U -118,"Team REB: 45.67, Team AST: 16.83, Team 3PM: 7.57, Team STL: 6.67, Team BLK: 5.07, Team TO: 11.73",N/A,N/A,N/A,"10.95,2.23,2.96","interpolated_sim,interpolated_sim,interpolated_sim",2026-03-22 06:10 PM CDT,https://kenpom.com/player.php?p=56216
Alex Karaban,Connecticut,UCLA,36.0,0.95,"[40, 30, 35, 37, 38]","[2.4, 1.8, 2.1, 2.2, 2.3]",F,threes,under,1.7354,2.5,-188,prophetx,0.74,1.1361,N/A,,,caesars 2.5 O +149; U -205 | fanatics 2.5 O +135; U -210 | prophetx 2.5 O +102; U -188,"Team REB: 36.37, Team AST: 18.63, Team 3PM: 8.57, Team STL: 7.00, Team BLK: 5.47, Team TO: 10.87",N/A,N/A,N/A,1.74,interpolated_sim,2026-03-22 07:45 PM CDT,https://kenpom.com/player.php?p=52265
Malik Reneau,Miami FL,Purdue,32.0,0.94,"[33, 25, 31, 32, 36]","[2.8, 2.1, 2.6, 2.7, 3.1]",C,points,under,17.234,18.5,-113,fanduel,0.6,1.1347,N/A,,,caesars 18.5 O -118; U -113 | fanatics 18.5 O -115; U -115 | fanduel 18.5 O -118; U -113 | prophetx 18.5 O -126; U -123 | splash_sports 18.5 O -118; U -118,"Team REB: 38.20, Team AST: 16.40, Team 3PM: 6.67, Team STL: 8.00, Team BLK: 3.33, Team TO: 11.57",N/A,N/A,N/A,17.23,interpolated_sim,2026-03-22 11:10 AM CDT,https://kenpom.com/player.php?p=52577
Braden Smith,Purdue,Miami FL,35.0,0.95,"[36, 37, 32, 38, 32]","[1.7, 1.8, 1.5, 1.8, 1.5]",G,points_assists,over,25.7567,23.5,-113,fanduel,0.6,1.1332,N/A,,,fanduel 23.5 O -113; U -113,"Team REB: 35.60, Team AST: 19.67, Team 3PM: 9.40, Team STL: 5.67, Team BLK: 2.67, Team TO: 9.17",N/A,N/A,N/A,"17.80,7.95","interpolated_sim,interpolated_sim",2026-03-22 11:10 AM CDT,https://kenpom.com/player.php?p=52901
Mouhamed Dioubate,Kentucky,Iowa St.,23.0,0.95,"[17, 21, 20, 23, 32]","[2.1, 2.6, 2.4, 2.8, 3.9]",FC,points_rebounds_assists,under,15.2933,16.5,-118,splash_sports,0.61,1.1312,N/A,,,sleeper 16.5 O -137; U -120 | splash_sports 16.5 O -118; U -118,"Team REB: 38.20, Team AST: 16.17, Team 3PM: 8.33, Team STL: 7.10, Team BLK: 4.33, Team TO: 10.73",N/A,Recent tournament (32 min vs Santa Clara) and last 7 avg ~22 min support slight upward adjustment.,N/A,"8.26,6.11,0.92","interpolated_sim,interpolated_sim,poisson_fallback",2026-03-22 01:45 PM CDT,https://kenpom.com/player.php?p=55283
Malik Reneau,Miami FL,Purdue,32.0,0.94,"[33, 25, 31, 32, 36]","[2.8, 2.1, 2.6, 2.7, 3.1]",C,points_rebounds,under,24.5265,25.5,-104,fanduel,0.58,1.1308,N/A,,,fanduel 25.5 O -122; U -104,"Team REB: 38.20, Team AST: 16.40, Team 3PM: 6.67, Team STL: 8.00, Team BLK: 3.33, Team TO: 11.57",N/A,N/A,N/A,"17.23,7.29","interpolated_sim,interpolated_sim",2026-03-22 11:10 AM CDT,https://kenpom.com/player.php?p=52577
Braylon Mullins,Connecticut,UCLA,32.0,0.95,"[33, 34, 32, 27, 37]","[3.3, 3.4, 3.2, 2.7, 3.7]",GF,points,under,11.2612,12.5,-124,caesars,0.63,1.129,N/A,,,caesars 12.5 O -107; U -124 | fanatics 12.5 O +100; U -130 | fanduel 11.5 O -122; U -106 | prophetx 12.5 O -155; U -161 | sleeper 11.5 O -143; U -115 | splash_sports 11.5 O -118; U -118,"Team REB: 36.37, Team AST: 18.63, Team 3PM: 8.57, Team STL: 7.00, Team BLK: 5.47, Team TO: 10.87",N/A,N/A,N/A,11.26,interpolated_sim,2026-03-22 07:45 PM CDT,https://kenpom.com/player.php?p=58096
Alex Condon,Florida,Iowa,29.0,0.95,"[27, 28, 36, 31, 25]","[2.4, 2.5, 3.2, 2.8, 2.2]",C,rebounds,under,6.2437,6.5,-108,fanduel,0.59,1.128,N/A,,,caesars 6.5 O -112; U -120 | fanatics 6.5 O -105; U -125 | fanduel 6.5 O -122; U -108 | prophetx 6.5 O -151; U -165 | splash_sports 6.5 O -118; U -118,"Team REB: 45.67, Team AST: 16.83, Team 3PM: 7.57, Team STL: 6.67, Team BLK: 5.07, Team TO: 11.73",N/A,N/A,N/A,6.24,interpolated_sim,2026-03-22 06:10 PM CDT,https://kenpom.com/player.php?p=54391
Jacari White,Virginia,Tennessee,20.0,0.9,"[18, 21, 15, 10, 24]","[1.2, 1.4, 1, 0.6, 1.6]",GF,points_rebounds_assists,under,11.5248,12.5,-118,splash_sports,0.61,1.1276,N/A,,,splash_sports 12.5 O -118; U -118,"Team REB: 40.93, Team AST: 16.73, Team 3PM: 10.13, Team STL: 6.57, Team BLK: 6.23, Team TO: 10.80",Recovered from December wrist fracture; exploded for 26 pts in 24 min vs Wright State,"Recent NCAA Tournament performance (24 min, 26 pts) and coach comments affirming key role post-ACC final reduce uncertainty",N/A,"7.71,2.58,1.24","interpolated_sim,interpolated_sim,interpolated_sim",2026-03-22 05:10 PM CDT,https://kenpom.com/player.php?p=53155
Tavion Banks,Iowa,Florida,27.0,0.95,"[27, 26, 34, 19, 25]","[3.4, 3.2, 4.2, 2.4, 3.1]",FC,points,over,10.9147,9.5,-106,fanduel,0.58,1.1249,N/A,,,caesars 9.5 O -113; U -120 | fanatics 9.5 O -115; U -115 | fanduel 9.5 O -106; U -122 | prophetx 9.5 O -119; U -130 | splash_sports 9.5 O -118; U -118,"Team REB: 29.83, Team AST: 15.14, Team 3PM: 7.83, Team STL: 7.07, Team BLK: 2.10, Team TO: 9.48",N/A,N/A,N/A,10.91,interpolated_sim,2026-03-22 06:10 PM CDT,https://kenpom.com/player.php?p=56548
C.J. Cox,Purdue,Miami FL,25.0,0.9,"[28, 22, 27, 27, 25]","[1.5, 1.2, 1.4, 1.4, 1.3]",G,points_rebounds_assists,under,11.5492,12.5,-118,splash_sports,0.61,1.1234,N/A,,,splash_sports 12.5 O -118; U -118,"Team REB: 35.60, Team AST: 19.67, Team 3PM: 9.40, Team STL: 5.67, Team BLK: 2.67, Team TO: 9.17",N/A,N/A,N/A,"7.55,2.83,1.18","interpolated_sim,interpolated_sim,interpolated_sim",2026-03-22 11:10 AM CDT,https://kenpom.com/player.php?p=56089
Alex Condon,Florida,Iowa,29.0,0.95,"[27, 28, 36, 31, 25]","[2.4, 2.5, 3.2, 2.8, 2.2]",C,points_rebounds,under,19.1287,20.5,-118,fanduel,0.61,1.1233,N/A,,,fanduel 20.5 O -108; U -118,"Team REB: 45.67, Team AST: 16.83, Team 3PM: 7.57, Team STL: 6.67, Team BLK: 5.07, Team TO: 11.73",N/A,N/A,N/A,"12.88,6.24","interpolated_sim,interpolated_sim",2026-03-22 06:10 PM CDT,https://kenpom.com/player.php?p=54391
J.P. Estrella,Tennessee,Virginia,25.0,0.88,"[27, 23, 16, 20, 29]","[3.2, 2.7, 1.9, 2.4, 3.4]",C,rebounds,over,7.3176,6.5,114,fanduel,0.52,1.1231,N/A,,,caesars 6.5 O +112; U -150 | fanatics 6.5 O +110; U -145 | fanduel 6.5 O +114; U -152 | prophetx 6.5 O +105; U -163,"Team REB: 42.67, Team AST: 17.20, Team 3PM: 6.67, Team STL: 7.63, Team BLK: 3.43, Team TO: 11.97",History of left foot surgery/soreness (Feb 2026 managed),Recent full minutes despite history,N/A,7.32,interpolated_sim,2026-03-22 05:10 PM CDT,https://kenpom.com/player.php?p=54830
Karson Templin,Utah St.,Arizona,18.0,0.9,"[23, 18, 14, 14, 24]","[3.4, 2.7, 2.1, 2.1, 3.5]",C,points_rebounds_assists,under,12.5699,13.5,-118,splash_sports,0.6,1.1162,N/A,,,splash_sports 13.5 O -118; U -118,"Team REB: 34.63, Team AST: 17.70, Team 3PM: 8.83, Team STL: 8.77, Team BLK: 2.97, Team TO: 10.67",N/A,N/A,N/A,"7.30,4.64,0.64","interpolated_sim,interpolated_sim,poisson_fallback",2026-03-22 06:50 PM CDT,https://kenpom.com/player.php?p=54924
Shelton Henderson,Miami FL,Purdue,35.0,0.98,"[36, 33, 31, 32, 37]","[2.4, 2.2, 2.1, 2.2, 2.5]",F,points_rebounds_assists,over,20.6106,18.5,-118,splash_sports,0.6,1.1147,N/A,,,splash_sports 18.5 O -118; U -118,"Team REB: 38.20, Team AST: 16.40, Team 3PM: 6.67, Team STL: 8.00, Team BLK: 3.33, Team TO: 11.57",N/A,N/A,N/A,"13.02,5.49,2.10","interpolated_sim,interpolated_sim,interpolated_sim",2026-03-22 11:10 AM CDT,https://kenpom.com/player.php?p=58422
Alex Karaban,Connecticut,UCLA,36.0,0.95,"[40, 30, 35, 37, 38]","[2.4, 1.8, 2.1, 2.2, 2.3]",F,points_rebounds_assists,under,20.2102,21.5,-118,splash_sports,0.6,1.1144,N/A,,,sleeper 21.5 O -123; U -133 | splash_sports 21.5 O -118; U -118,"Team REB: 36.37, Team AST: 18.63, Team 3PM: 8.57, Team STL: 7.00, Team BLK: 5.47, Team TO: 10.87",N/A,N/A,N/A,"12.29,5.75,2.17","interpolated_sim,interpolated_sim,interpolated_sim",2026-03-22 07:45 PM CDT,https://kenpom.com/player.php?p=52265
Dillon Mitchell,St. John's,Kansas,34.0,0.85,"[37, 14, 36, 38, 32]","[2.3, 0.9, 2.2, 2.4, 2]",FC,rebounds,over,8.9754,7.5,-118,splash_sports,0.6,1.1098,N/A,,,caesars 7.5 O -130; U -103 | fanatics 7.5 O -125; U -105 | prophetx 7.5 O -124; U -145 | sleeper 7.5 O -154; U -108 | splash_sports 7.5 O -118; U -118,,N/A,"Recent tournament minutes consistently high (32 vs UNI, 36 vs Seton Hall semi, 39 vs UConn final) after outlier 14-min Big East quarterfinal; coach Pitino highlights 'played all those minutes' and praises consistency post-meeting.",N/A,8.98,interpolated_sim,2026-03-22 04:15 PM CDT,https://kenpom.com/player.php?p=53280
Amari Allen,Alabama,Texas Tech,31.0,0.95,"[26, 21, 24, 25, 32]","[2.7, 2.2, 2.5, 2.6, 3.3]",FC,points_rebounds_assists,over,23.6796,21.5,-118,splash_sports,0.6,1.1067,N/A,,,sleeper 21.5 O -133; U -123 | splash_sports 21.5 O -118; U -118,"Team REB: 40.73, Team AST: 16.33, Team 3PM: 12.97, Team STL: 6.50, Team BLK: 5.07, Team TO: 10.00",N/A,N/A,N/A,"12.81,7.74,3.13","interpolated_sim,interpolated_sim,interpolated_sim",2026-03-22 08:45 PM CDT,https://kenpom.com/player.php?p=57933
Zuby Ejiofor,St. John's,Kansas,30.0,0.95,"[23, 24, 33, 33, 27]","[1.9, 2, 2.7, 2.7, 2.2]",C,points_rebounds,under,23.3601,24.5,-113,fanduel,0.59,1.1064,N/A,,,fanduel 24.5 O -113; U -113,,N/A,N/A,N/A,"15.58,7.78","interpolated_sim,interpolated_sim",2026-03-22 04:15 PM CDT,https://kenpom.com/player.php?p=53675
Alex Condon,Florida,Iowa,29.0,0.95,"[27, 28, 36, 31, 25]","[2.4, 2.5, 3.2, 2.8, 2.2]",C,blocks,under,1.0256,1.5,-190,fanatics,0.72,1.1054,N/A,,,fanatics 1.5 O +145; U -190,"Team REB: 45.67, Team AST: 16.83, Team 3PM: 7.57, Team STL: 6.67, Team BLK: 5.07, Team TO: 11.73",N/A,N/A,N/A,1.03,interpolated_sim,2026-03-22 06:10 PM CDT,https://kenpom.com/player.php?p=54391
Mouhamed Dioubate,Kentucky,Iowa St.,23.0,0.95,"[17, 21, 20, 23, 32]","[2.1, 2.6, 2.4, 2.8, 3.9]",FC,rebounds,under,6.1105,6.5,-118,splash_sports,0.6,1.1048,N/A,,,sleeper 6.5 O -128; U -128 | splash_sports 6.5 O -118; U -118,"Team REB: 38.20, Team AST: 16.17, Team 3PM: 8.33, Team STL: 7.10, Team BLK: 4.33, Team TO: 10.73",N/A,Recent tournament (32 min vs Santa Clara) and last 7 avg ~22 min support slight upward adjustment.,N/A,6.11,interpolated_sim,2026-03-22 01:45 PM CDT,https://kenpom.com/player.php?p=55283
Jaden Bradley,Arizona,Utah St.,32.0,0.88,"[35, 31, 31, 34, 23]","[2.2, 1.9, 1.9, 2.1, 1.4]",G,points,over,14.2891,12.5,-115,fanatics,0.59,1.1036,N/A,,,caesars 12.5 O -124; U -108 | fanatics 12.5 O -115; U -115 | fanduel 12.5 O -130; U +100 | prophetx 12.5 O -137; U -114 | splash_sports 12.5 O -118; U -118,"Team REB: 43.23, Team AST: 17.23, Team 3PM: 5.87, Team STL: 8.07, Team BLK: 4.27, Team TO: 11.03",Tweaked left wrist/finger in Big 12 final but returned to game and practicing normally,Healthy now but slight uncertainty post-injury; blowout limited last game's minutes,N/A,14.29,interpolated_sim,2026-03-22 06:50 PM CDT,https://kenpom.com/player.php?p=52396
Darryn Peterson,Kansas,St. John's,36.0,0.92,"[35, 29, 37, 28, 37]","[1.9, 1.6, 2, 1.5, 2]",GF,rebounds,over,5.1107,4.5,108,fanduel,0.53,1.1035,N/A,,,caesars 4.5 O -105; U -129 | fanatics 4.5 O -115; U -115 | fanduel 4.5 O +108; U -144 | prophetx 4.5 O -106; U -147 | sleeper 4.5 O -109; U -152 | splash_sports 4.5 O -118; U -118,"Team REB: 38.63, Team AST: 14.40, Team 3PM: 7.37, Team STL: 5.50, Team BLK: 5.87, Team TO: 10.73","History of cramping, hamstring, ankle issues but cleared for NCAA Tournament and played fully in first round","Consistent 30+ min load recently (avg 33), no recent absences",N/A,5.11,interpolated_sim,2026-03-22 04:15 PM CDT,https://kenpom.com/player.php?p=58391
Oziyah Sellers,St. John's,Kansas,29.0,0.95,"[32, 32, 16, 19, 25]","[2.2, 2.2, 1.1, 1.3, 1.8]",GF,threes,under,1.5039,1.5,-110,caesars,0.58,1.1032,N/A,,,caesars 1.5 O -121; U -110 | fanatics 1.5 O -120; U -110 | prophetx 1.5 O -124; U -111,,Minor hip tweak in Big East semifinal (Mar 13) but returned and played full role since,"Recent minutes: 32 (vs Providence), 25 (vs UNI); averaging 29.6 MPG pre-tournament; top lineup player & coach praise (Pitino: 'lock NBA player')",N/A,1.50,interpolated_sim,2026-03-22 04:15 PM CDT,https://kenpom.com/player.php?p=53085
Flory Bidunga,Kansas,St. John's,32.0,0.95,"[37, 26, 27, 31, 30]","[2.7, 1.9, 2, 2.2, 2.2]",C,blocks,over,2.5932,1.5,-180,fanatics,0.71,1.1026,N/A,,,fanatics 1.5 O -180; U +140,"Team REB: 38.63, Team AST: 14.40, Team 3PM: 7.37, Team STL: 5.50, Team BLK: 5.87, Team TO: 10.73",N/A,N/A,N/A,2.59,interpolated_sim,2026-03-22 04:15 PM CDT,https://kenpom.com/player.php?p=56053
Bryce Hopkins,St. John's,Kansas,34.0,0.95,"[32, 27, 34, 39, 35]","[1.8, 1.5, 1.9, 2.1, 1.9]",FC,points_rebounds,over,21.7684,19.5,-122,fanduel,0.61,1.1021,N/A,,,fanduel 19.5 O -122; U -104,,N/A,N/A,N/A,"14.10,7.67","interpolated_sim,interpolated_sim",2026-03-22 04:15 PM CDT,https://kenpom.com/player.php?p=51699
Drake Allen,Utah St.,Arizona,33.0,0.95,"[37, 30, 31, 30, 33]","[3.5, 2.8, 2.9, 2.8, 3.1]",G,points_rebounds_assists,over,20.4129,18.5,-118,splash_sports,0.6,1.1016,N/A,,,splash_sports 18.5 O -118; U -118,"Team REB: 34.63, Team AST: 17.70, Team 3PM: 8.83, Team STL: 8.77, Team BLK: 2.97, Team TO: 10.67",N/A,N/A,N/A,"11.06,4.38,4.98","interpolated_sim,interpolated_sim,interpolated_sim",2026-03-22 06:50 PM CDT,https://kenpom.com/player.php?p=53191
Rueben Chinyelu,Florida,Iowa,26.0,0.95,"[31, 26, 25, 30, 20]","[3.6, 3.1, 2.9, 3.5, 2.4]",C,rebounds,under,10.5844,10.5,105,fanatics,0.54,1.1005,N/A,,,caesars 10.5 O -134; U +101 | fanatics 10.5 O -140; U +105 | fanduel 10.5 O -132; U +100 | prophetx 10.5 O -186; U -137 | splash_sports 10.5 O -118; U -118,"Team REB: 45.67, Team AST: 16.83, Team 3PM: 7.57, Team STL: 6.67, Team BLK: 5.07, Team TO: 11.73",N/A,N/A,N/A,10.58,interpolated_sim,2026-03-22 06:10 PM CDT,https://kenpom.com/player.php?p=54976
Oscar Cluff,Purdue,Miami FL,26.0,0.9,"[30, 34, 28, 25, 22]","[3.4, 3.8, 3.2, 2.8, 2.5]",C,rebounds,under,8.6741,8.5,106,caesars,0.53,1.1003,N/A,,,caesars 8.5 O -141; U +106 | fanatics 8.5 O -140; U +105 | splash_sports 8.5 O -118; U -118,"Team REB: 35.60, Team AST: 19.67, Team 3PM: 9.40, Team STL: 5.67, Team BLK: 2.67, Team TO: 9.17",N/A,N/A,N/A,8.67,interpolated_sim,2026-03-22 11:10 AM CDT,https://kenpom.com/player.php?p=55519
Bryce Hopkins,St. John's,Kansas,34.0,0.95,"[32, 27, 34, 39, 35]","[1.8, 1.5, 1.9, 2.1, 1.9]",FC,points_rebounds_assists,over,23.6192,21.5,-118,splash_sports,0.6,1.1002,N/A,,,sleeper 21.5 O -132; U -125 | splash_sports 21.5 O -118; U -118,,N/A,N/A,N/A,"14.10,7.67,1.85","interpolated_sim,interpolated_sim,interpolated_sim",2026-03-22 04:15 PM CDT,https://kenpom.com/player.php?p=51699
Solo Ball,Connecticut,UCLA,25.0,0.92,"[24, 25, 17, 29, 25]","[1.5, 1.6, 1.1, 1.8, 1.6]",GF,assists,under,1.239,1.5,-147,sleeper,0.65,1.1002,N/A,,,sleeper 1.5 O -111; U -147,"Team REB: 36.37, Team AST: 18.63, Team 3PM: 8.57, Team STL: 7.00, Team BLK: 5.47, Team TO: 10.87",N/A,N/A,N/A,1.24,interpolated_sim,2026-03-22 07:45 PM CDT,https://kenpom.com/player.php?p=54875
Tre Donaldson,Miami FL,Purdue,33.0,0.88,"[36, 37, 38, 24, 34]","[1.7, 1.8, 1.8, 1.1, 1.6]",G,points_rebounds_assists,under,23.2312,24.5,-118,splash_sports,0.59,1.0983,N/A,,,splash_sports 24.5 O -118; U -118,"Team REB: 38.20, Team AST: 16.40, Team 3PM: 6.67, Team STL: 8.00, Team BLK: 3.33, Team TO: 11.57",N/A,"High std dev (5.08); recent variability (24-38 min), projecting near avg for tournament",N/A,"14.79,3.51,4.92","interpolated_sim,interpolated_sim,interpolated_sim",2026-03-22 11:10 AM CDT,https://kenpom.com/player.php?p=52408
Bishop Boswell,Tennessee,Virginia,28.0,0.95,"[29, 29, 31, 21, 21]","[3.2, 3.2, 3.4, 2.3, 2.3]",F,points,over,6.8754,5.5,-118,splash_sports,0.59,1.0977,N/A,,,splash_sports 5.5 O -118; U -118,"Team REB: 42.67, Team AST: 17.20, Team 3PM: 6.67, Team STL: 7.63, Team BLK: 3.43, Team TO: 11.97",N/A,N/A,N/A,6.88,interpolated_sim,2026-03-22 05:10 PM CDT,https://kenpom.com/player.php?p=56085
Bennett Stirtz,Iowa,Florida,40.0,1.0,"[40, 45, 39, 39, 40]","[2.2, 2.5, 2.1, 2.1, 2.2]",G,rebounds,under,3.353,3.5,-115,fanatics,0.59,1.0974,N/A,,,fanatics 3.5 O -115; U -115,"Team REB: 29.83, Team AST: 15.14, Team 3PM: 7.83, Team STL: 7.07, Team BLK: 2.10, Team TO: 9.48",N/A,N/A,N/A,3.35,interpolated_sim,2026-03-22 06:10 PM CDT,https://kenpom.com/player.php?p=56549
Eric Dailey,UCLA,Connecticut,30.0,0.95,"[22, 24, 34, 34, 32]","[1.7, 1.9, 2.6, 2.6, 2.5]",FC,rebounds,over,7.3941,6.5,100,fanduel,0.55,1.0944,N/A,,,caesars 6.5 O -103; U -130 | fanatics 6.5 O +100; U -130 | fanduel 6.5 O +100; U -132 | prophetx 6.5 O -141; U -176 | sleeper 6.5 O -114; U -145 | splash_sports 6.5 O -118; U -118,"Team REB: 32.30, Team AST: 16.00, Team 3PM: 7.87, Team STL: 6.40, Team BLK: 3.00, Team TO: 9.07",N/A,"Very stable ~30 min average, 32 in UCF; core starter in all lineups",N/A,7.39,interpolated_sim,2026-03-22 07:45 PM CDT,https://kenpom.com/player.php?p=54675
Cooper Koch,Iowa,Florida,35.0,0.95,"[21, 39, 38, 27, 38]","[1.5, 2.7, 2.7, 1.9, 2.7]",F,points,under,8.6126,9.5,-128,prophetx,0.61,1.094,N/A,,,caesars 9.5 O -102; U -130 | fanatics 9.5 O +100; U -130 | prophetx 9.5 O +108; U -128 | splash_sports 8.5 O -118; U -118,"Team REB: 29.83, Team AST: 15.14, Team 3PM: 7.83, Team STL: 7.07, Team BLK: 2.10, Team TO: 9.48",N/A,N/A,N/A,8.61,interpolated_sim,2026-03-22 06:10 PM CDT,https://kenpom.com/player.php?p=56179
Tobe Awaka,Arizona,Utah St.,17.0,0.9,"[20, 20, 27, 14, 18]","[2.6, 2.6, 3.5, 1.8, 2.3]",FC,points,under,7.9225,8.5,-118,splash_sports,0.59,1.0939,N/A,,,splash_sports 8.5 O -118; U -118,"Team REB: 43.23, Team AST: 17.23, Team 3PM: 5.87, Team STL: 8.07, Team BLK: 4.27, Team TO: 11.03",N/A,Recent minutes trending down but key bench piece in lineups,N/A,7.92,interpolated_sim,2026-03-22 06:50 PM CDT,https://kenpom.com/player.php?p=53032
Tarris Reed,Connecticut,UCLA,30.0,0.92,"[30, 27, 23, 29, 35]","[3.3, 3, 2.5, 3.2, 3.8]",C,points,under,14.9558,15.5,-108,caesars,0.57,1.0936,N/A,,,caesars 15.5 O -124; U -108 | fanatics 15.5 O -115; U -115 | fanduel 15.5 O -114; U -114 | prophetx 15.5 O -167; U -151 | sleeper 15.5 O -133; U -123 | splash_sports 15.5 O -118; U -118,"Team REB: 36.37, Team AST: 18.63, Team 3PM: 8.57, Team STL: 7.00, Team BLK: 5.47, Team TO: 10.87",N/A,N/A,N/A,14.96,interpolated_sim,2026-03-22 07:45 PM CDT,https://kenpom.com/player.php?p=53353
Tarris Reed,Connecticut,UCLA,30.0,0.92,"[30, 27, 23, 29, 35]","[3.3, 3, 2.5, 3.2, 3.8]",C,points_rebounds,under,25.3787,26.5,-115,fanduel,0.58,1.0931,N/A,,,fanduel 26.5 O -111; U -115,"Team REB: 36.37, Team AST: 18.63, Team 3PM: 8.57, Team STL: 7.00, Team BLK: 5.47, Team TO: 10.87",N/A,N/A,N/A,"14.96,10.42","interpolated_sim,interpolated_sim",2026-03-22 07:45 PM CDT,https://kenpom.com/player.php?p=53353
Ja'Kobi Gillespie,Tennessee,Virginia,37.0,0.98,"[34, 37, 36, 38, 36]","[2.3, 2.5, 2.4, 2.6, 2.4]",G,points_rebounds_assists,under,25.2686,26.5,-118,splash_sports,0.59,1.0879,N/A,,,splash_sports 26.5 O -118; U -118,"Team REB: 42.67, Team AST: 17.20, Team 3PM: 6.67, Team STL: 7.63, Team BLK: 3.43, Team TO: 11.97",N/A,N/A,N/A,"17.59,2.85,4.83","interpolated_sim,interpolated_sim,interpolated_sim",2026-03-22 05:10 PM CDT,https://kenpom.com/player.php?p=52406
Tre White,Kansas,St. John's,33.0,0.9,"[37, 30, 38, 21, 32]","[2.2, 1.8, 2.3, 1.3, 1.9]",FC,turnovers,over,1.9723,1.5,-118,splash_sports,0.59,1.0879,N/A,,,splash_sports 1.5 O -118; U -118,"Team REB: 38.63, Team AST: 14.40, Team 3PM: 7.37, Team STL: 5.50, Team BLK: 5.87, Team TO: 10.73",N/A,"Key rotation player in top lineups, strong first-round performance; avg ~31 min despite std dev 6.09",N/A,1.97,interpolated_sim,2026-03-22 04:15 PM CDT,https://kenpom.com/player.php?p=53086
Bishop Boswell,Tennessee,Virginia,28.0,0.95,"[29, 29, 31, 21, 21]","[3.2, 3.2, 3.4, 2.3, 2.3]",F,rebounds,over,4.5196,3.5,-118,splash_sports,0.59,1.0862,N/A,,,splash_sports 3.5 O -118; U -118,"Team REB: 42.67, Team AST: 17.20, Team 3PM: 6.67, Team STL: 7.63, Team BLK: 3.43, Team TO: 11.97",N/A,N/A,N/A,4.52,interpolated_sim,2026-03-22 05:10 PM CDT,https://kenpom.com/player.php?p=56085
Brayden Burries,Arizona,Utah St.,30.0,0.95,"[33, 33, 19, 33, 28]","[2.3, 2.3, 1.3, 2.3, 2]",F,threes,under,1.8073,2.5,-209,caesars,0.73,1.0794,N/A,,,caesars 2.5 O +154; U -209 | fanatics 2.5 O +135; U -210 | prophetx 2.5 O +153; U -250,"Team REB: 43.23, Team AST: 17.23, Team 3PM: 5.87, Team STL: 8.07, Team BLK: 4.27, Team TO: 11.03",N/A,N/A,N/A,1.81,interpolated_sim,2026-03-22 06:50 PM CDT,https://kenpom.com/player.php?p=59285
Ja'Kobi Gillespie,Tennessee,Virginia,37.0,0.98,"[34, 37, 36, 38, 36]","[2.3, 2.5, 2.4, 2.6, 2.4]",G,points,under,17.5892,18.5,-118,splash_sports,0.58,1.0776,N/A,,,caesars 18.5 O -106; U -127 | fanatics 18.5 O -110; U -120 | fanduel 18.5 O +100; U -130 | prophetx 18.5 O -145; U -126 | splash_sports 18.5 O -118; U -118,"Team REB: 42.67, Team AST: 17.20, Team 3PM: 6.67, Team STL: 7.63, Team BLK: 3.43, Team TO: 11.97",N/A,N/A,N/A,17.59,interpolated_sim,2026-03-22 05:10 PM CDT,https://kenpom.com/player.php?p=52406
Skyy Clark,UCLA,Connecticut,30.0,0.88,"[34, 31, 33, 31, 20]","[3.1, 2.9, 3.1, 2.9, 1.8]",G,threes,under,1.735,1.5,115,fanatics,0.5,1.0771,N/A,,,caesars 1.5 O -152; U +114 | fanatics 1.5 O -150; U +115 | prophetx 1.5 O -209; U -124 | sleeper 1.5 O -164; U +100,"Team REB: 32.30, Team AST: 16.00, Team 3PM: 7.87, Team STL: 6.40, Team BLK: 3.00, Team TO: 9.07",N/A,"Strong avg ~30, dip to 20 in UCF likely matchup-specific; heavy in lineups (top 8)",N/A,1.73,interpolated_sim,2026-03-22 07:45 PM CDT,https://kenpom.com/player.php?p=52575
Ja'Kobi Gillespie,Tennessee,Virginia,37.0,0.98,"[34, 37, 36, 38, 36]","[2.3, 2.5, 2.4, 2.6, 2.4]",G,assists,under,4.8299,5.5,-148,caesars,0.64,1.0769,N/A,,,caesars 5.5 O +111; U -148 | fanatics 5.5 O +115; U -150 | prophetx 5.5 O -20000; U -20000,"Team REB: 42.67, Team AST: 17.20, Team 3PM: 6.67, Team STL: 7.63, Team BLK: 3.43, Team TO: 11.97",N/A,N/A,N/A,4.83,interpolated_sim,2026-03-22 05:10 PM CDT,https://kenpom.com/player.php?p=52406
Dante Allen,Miami FL,Purdue,26.0,0.96,"[23, 24, 26, 29, 26]","[1.2, 1.3, 1.4, 1.5, 1.4]",GF,points_rebounds_assists,over,11.8862,10.5,-118,splash_sports,0.58,1.0749,N/A,,,splash_sports 10.5 O -118; U -118,"Team REB: 38.20, Team AST: 16.40, Team 3PM: 6.67, Team STL: 8.00, Team BLK: 3.33, Team TO: 11.57",N/A,N/A,N/A,"6.53,3.17,2.19","interpolated_sim,interpolated_sim,interpolated_sim",2026-03-22 11:10 AM CDT,https://kenpom.com/player.php?p=58420
Ivan Kharchenkov,Arizona,Utah St.,29.0,0.95,"[24, 29, 32, 36, 26]","[1.4, 1.7, 1.8, 2.1, 1.5]",F,turnovers,under,1.4403,1.5,-118,splash_sports,0.58,1.0749,N/A,,,splash_sports 1.5 O -118; U -118,"Team REB: 43.23, Team AST: 17.23, Team 3PM: 5.87, Team STL: 8.07, Team BLK: 4.27, Team TO: 11.03",N/A,N/A,N/A,1.44,interpolated_sim,2026-03-22 06:50 PM CDT,https://kenpom.com/player.php?p=59287
Alex Condon,Florida,Iowa,29.0,0.95,"[27, 28, 36, 31, 25]","[2.4, 2.5, 3.2, 2.8, 2.2]",C,points,under,12.885,13.5,-114,caesars,0.57,1.0748,N/A,,,caesars 13.5 O -117; U -114 | fanatics 13.5 O -115; U -115 | fanduel 13.5 O -110; U -118 | prophetx 13.5 O -155; U -157 | splash_sports 13.5 O -118; U -118,"Team REB: 45.67, Team AST: 16.83, Team 3PM: 7.57, Team STL: 6.67, Team BLK: 5.07, Team TO: 11.73",N/A,N/A,N/A,12.88,interpolated_sim,2026-03-22 06:10 PM CDT,https://kenpom.com/player.php?p=54391
Latrell Wrightsell,Alabama,Texas Tech,32.0,0.95,"[30, 24, 26, 23, 29]","[2.2, 1.8, 2, 1.7, 2.2]",G,points,under,12.8994,13.5,-115,fanatics,0.57,1.0724,N/A,,,fanatics 13.5 O -115; U -115 | sleeper 13.5 O -128; U -128 | splash_sports 13.5 O -118; U -118,"Team REB: 40.73, Team AST: 16.33, Team 3PM: 12.97, Team STL: 6.50, Team BLK: 5.07, Team TO: 10.00",N/A,N/A,N/A,12.90,interpolated_sim,2026-03-22 08:45 PM CDT,https://kenpom.com/player.php?p=49500
Shelton Henderson,Miami FL,Purdue,35.0,0.98,"[36, 33, 31, 32, 37]","[2.4, 2.2, 2.1, 2.2, 2.5]",F,rebounds,over,5.494,4.5,-118,splash_sports,0.58,1.0724,N/A,,,splash_sports 4.5 O -118; U -118,"Team REB: 38.20, Team AST: 16.40, Team 3PM: 6.67, Team STL: 8.00, Team BLK: 3.33, Team TO: 11.57",N/A,N/A,N/A,5.49,interpolated_sim,2026-03-22 11:10 AM CDT,https://kenpom.com/player.php?p=58422
Tre White,Kansas,St. John's,33.0,0.9,"[37, 30, 38, 21, 32]","[2.2, 1.8, 2.3, 1.3, 1.9]",FC,points,over,12.4089,11.5,100,fanatics,0.54,1.0719,N/A,,,caesars 11.5 O -107; U -125 | fanatics 11.5 O +100; U -130 | fanduel 11.5 O -104; U -125 | prophetx 11.5 O -116; U -135 | sleeper 11.5 O -123; U -133 | splash_sports 11.5 O -118; U -118,"Team REB: 38.63, Team AST: 14.40, Team 3PM: 7.37, Team STL: 5.50, Team BLK: 5.87, Team TO: 10.73",N/A,"Key rotation player in top lineups, strong first-round performance; avg ~31 min despite std dev 6.09",N/A,12.41,interpolated_sim,2026-03-22 04:15 PM CDT,https://kenpom.com/player.php?p=53086
Braden Smith,Purdue,Miami FL,35.0,0.95,"[36, 37, 32, 38, 32]","[1.7, 1.8, 1.5, 1.8, 1.5]",G,threes,over,2.1462,1.5,-130,fanatics,0.61,1.0717,N/A,,,caesars 1.5 O -137; U +103 | fanatics 1.5 O -130; U +100 | prophetx 1.5 O -151; U -104,"Team REB: 35.60, Team AST: 19.67, Team 3PM: 9.40, Team STL: 5.67, Team BLK: 2.67, Team TO: 9.17",N/A,N/A,N/A,2.15,interpolated_sim,2026-03-22 11:10 AM CDT,https://kenpom.com/player.php?p=52901
Brayden Burries,Arizona,Utah St.,30.0,0.95,"[33, 33, 19, 33, 28]","[2.3, 2.3, 1.3, 2.3, 2]",F,rebounds,under,4.4056,4.5,-115,fanatics,0.57,1.0714,N/A,,,fanatics 4.5 O -115; U -115 | splash_sports 4.5 O -118; U -118,"Team REB: 43.23, Team AST: 17.23, Team 3PM: 5.87, Team STL: 8.07, Team BLK: 4.27, Team TO: 11.03",N/A,N/A,N/A,4.41,interpolated_sim,2026-03-22 06:50 PM CDT,https://kenpom.com/player.php?p=59285
Bryce Hopkins,St. John's,Kansas,34.0,0.95,"[32, 27, 34, 39, 35]","[1.8, 1.5, 1.9, 2.1, 1.9]",FC,points,over,14.1027,12.5,-118,splash_sports,0.58,1.0711,N/A,,,caesars 12.5 O -134; U +100 | fanatics 13.5 O -105; U -125 | fanduel 12.5 O -125; U -104 | prophetx 13.5 O -108; U -121 | sleeper 12.5 O -141; U -116 | splash_sports 12.5 O -118; U -118,,N/A,N/A,N/A,14.10,interpolated_sim,2026-03-22 04:15 PM CDT,https://kenpom.com/player.php?p=51699
J.P. Estrella,Tennessee,Virginia,25.0,0.88,"[27, 23, 16, 20, 29]","[3.2, 2.7, 1.9, 2.4, 3.4]",C,points,under,11.3453,11.5,-104,fanduel,0.55,1.071,N/A,,,caesars 11.5 O -124; U -108 | fanatics 11.5 O -115; U -115 | fanduel 11.5 O -125; U -104 | prophetx 11.5 O -114; U -116 | splash_sports 11.5 O -118; U -118,"Team REB: 42.67, Team AST: 17.20, Team 3PM: 6.67, Team STL: 7.63, Team BLK: 3.43, Team TO: 11.97",History of left foot surgery/soreness (Feb 2026 managed),Recent full minutes despite history,N/A,11.35,interpolated_sim,2026-03-22 05:10 PM CDT,https://kenpom.com/player.php?p=54830
Oscar Cluff,Purdue,Miami FL,26.0,0.9,"[30, 34, 28, 25, 22]","[3.4, 3.8, 3.2, 2.8, 2.5]",C,points,under,11.5418,12.5,-130,fanatics,0.6,1.0699,N/A,,,caesars 11.5 O -130; U -103 | fanatics 12.5 O +100; U -130 | fanduel 11.5 O -125; U -104 | prophetx 11.5 O -137; U -113 | splash_sports 11.5 O -118; U -118,"Team REB: 35.60, Team AST: 19.67, Team 3PM: 9.40, Team STL: 5.67, Team BLK: 2.67, Team TO: 9.17",N/A,N/A,N/A,11.54,interpolated_sim,2026-03-22 11:10 AM CDT,https://kenpom.com/player.php?p=55519
Dylan Darling,St. John's,Kansas,30.0,0.9,"[36, 25, 29, 23, 33]","[4, 2.8, 3.2, 2.5, 3.6]",G,points_rebounds_assists,over,15.9855,14.5,-118,splash_sports,0.58,1.066,N/A,,,sleeper 14.5 O -133; U -123 | splash_sports 14.5 O -118; U -118,,N/A,N/A,N/A,"9.34,3.74,2.90","interpolated_sim,interpolated_sim,interpolated_sim",2026-03-22 04:15 PM CDT,https://kenpom.com/player.php?p=53127
Bryce Hopkins,St. John's,Kansas,34.0,0.95,"[32, 27, 34, 39, 35]","[1.8, 1.5, 1.9, 2.1, 1.9]",FC,rebounds,over,7.6657,6.5,-118,splash_sports,0.58,1.0641,N/A,,,caesars 7.5 O +125; U -170 | fanatics 6.5 O -145; U +110 | fanduel 6.5 O -122; U -108 | prophetx 6.5 O -167; U -147 | sleeper 6.5 O -152; U -109 | splash_sports 6.5 O -118; U -118,,N/A,N/A,N/A,7.67,interpolated_sim,2026-03-22 04:15 PM CDT,https://kenpom.com/player.php?p=51699
Xaivian Lee,Florida,Iowa,30.0,0.95,"[25, 31, 31, 30, 23]","[1.7, 2.1, 2.1, 2, 1.6]",G,rebounds,under,3.4094,3.5,-118,splash_sports,0.58,1.0634,N/A,,,splash_sports 3.5 O -118; U -118,"Team REB: 45.67, Team AST: 16.83, Team 3PM: 7.57, Team STL: 6.67, Team BLK: 5.07, Team TO: 11.73",N/A,N/A,N/A,3.41,interpolated_sim,2026-03-22 06:10 PM CDT,https://kenpom.com/player.php?p=53977
Mouhamed Dioubate,Kentucky,Iowa St.,23.0,0.95,"[17, 21, 20, 23, 32]","[2.1, 2.6, 2.4, 2.8, 3.9]",FC,points,under,8.2641,9.5,-156,sleeper,0.65,1.0609,N/A,,,sleeper 9.5 O -106; U -156,"Team REB: 38.20, Team AST: 16.17, Team 3PM: 8.33, Team STL: 7.10, Team BLK: 4.33, Team TO: 10.73",N/A,Recent tournament (32 min vs Santa Clara) and last 7 avg ~22 min support slight upward adjustment.,N/A,8.26,interpolated_sim,2026-03-22 01:45 PM CDT,https://kenpom.com/player.php?p=55283
Melvin Council,Kansas,St. John's,37.0,0.95,"[39, 31, 40, 35, 31]","[1.8, 1.4, 1.8, 1.6, 1.4]",G,assists,over,4.7361,4.5,110,sleeper,0.5,1.0586,N/A,,,sleeper 4.5 O +110; U -185,"Team REB: 38.63, Team AST: 14.40, Team 3PM: 7.37, Team STL: 5.50, Team BLK: 5.87, Team TO: 10.73",N/A,N/A,N/A,4.74,interpolated_sim,2026-03-22 04:15 PM CDT,https://kenpom.com/player.php?p=55518
Omer Mayer,Purdue,Miami FL,15.0,0.92,"[13, 16, 16, 12, 16]","[0.8, 1, 1, 0.8, 1]",GF,points,under,5.2701,5.5,-118,splash_sports,0.57,1.0573,N/A,,,splash_sports 5.5 O -118; U -118,"Team REB: 35.60, Team AST: 19.67, Team 3PM: 9.40, Team STL: 5.67, Team BLK: 2.67, Team TO: 9.17",N/A,N/A,N/A,5.27,interpolated_sim,2026-03-22 11:10 AM CDT,https://kenpom.com/player.php?p=57937
Denzel Aberdeen,Kentucky,Iowa St.,37.0,0.98,"[36, 37, 34, 35, 38]","[2.2, 2.3, 2.1, 2.2, 2.4]",G,rebounds,over,3.1805,2.5,-118,splash_sports,0.57,1.0547,N/A,,,sleeper 2.5 O -128; U -128 | splash_sports 2.5 O -118; U -118,"Team REB: 38.20, Team AST: 16.17, Team 3PM: 8.33, Team STL: 7.10, Team BLK: 4.33, Team TO: 10.73",N/A,N/A,N/A,3.18,interpolated_sim,2026-03-22 01:45 PM CDT,https://kenpom.com/player.php?p=52525
Christian Anderson,Texas Tech,Alabama,37.0,0.95,"[32, 40, 40, 31, 39]","[1.6, 2, 2, 1.6, 2]",G,assists,under,7.3818,7.5,-108,sleeper,0.55,1.0524,N/A,,,fanatics 7.5 O +100; U -130 | sleeper 7.5 O -152; U -108 | splash_sports 7.5 O -118; U -118,"Team REB: 37.30, Team AST: 16.07, Team 3PM: 11.47, Team STL: 5.93, Team BLK: 3.87, Team TO: 10.90","Groin strain from Big 12 tournament resolved; cleared, full strength, scored 18pts/5ast/4stl in first round vs Akron",Post-injury game confirms full workload capacity despite prior std dev; no limitations reported,N/A,7.38,interpolated_sim,2026-03-22 08:45 PM CDT,https://kenpom.com/player.php?p=56143
Milan Momcilovic,Iowa St.,Kentucky,36.0,0.95,"[36, 31, 31, 36, 35]","[1.9, 1.6, 1.6, 1.9, 1.8]",F,points,under,15.8193,16.5,-118,splash_sports,0.57,1.0515,N/A,,,sleeper 16.5 O -132; U -125 | splash_sports 16.5 O -118; U -118,"Team REB: 35.60, Team AST: 17.40, Team 3PM: 8.83, Team STL: 8.77, Team BLK: 2.87, Team TO: 10.37",N/A,N/A,N/A,15.82,interpolated_sim,2026-03-22 01:45 PM CDT,https://kenpom.com/player.php?p=54466
Trent Perry,UCLA,Connecticut,36.0,0.96,"[29, 34, 30, 40, 37]","[1.6, 1.9, 1.6, 2.2, 2]",GF,rebounds,over,4.2273,3.5,-111,sleeper,0.55,1.0502,N/A,,,sleeper 3.5 O -111; U -147 | splash_sports 3.5 O -118; U -118,"Team REB: 32.30, Team AST: 16.00, Team 3PM: 7.87, Team STL: 6.40, Team BLK: 3.00, Team TO: 9.07",N/A,"Extremely stable 34-40 range, 37 in UCF; core in all lineups",N/A,4.23,interpolated_sim,2026-03-22 07:45 PM CDT,https://kenpom.com/player.php?p=56393
Latrell Wrightsell,Alabama,Texas Tech,32.0,0.95,"[30, 24, 26, 23, 29]","[2.2, 1.8, 2, 1.7, 2.2]",G,points_rebounds_assists,under,18.8206,19.5,-118,splash_sports,0.57,1.05,N/A,,,sleeper 19.5 O -135; U -120 | splash_sports 19.5 O -118; U -118,"Team REB: 40.73, Team AST: 16.33, Team 3PM: 12.97, Team STL: 6.50, Team BLK: 5.07, Team TO: 10.00",N/A,N/A,N/A,"12.90,3.72,2.20","interpolated_sim,interpolated_sim,interpolated_sim",2026-03-22 08:45 PM CDT,https://kenpom.com/player.php?p=49500
Motiejus Krivas,Arizona,Utah St.,25.0,0.98,"[25, 23, 27, 25, 22]","[2.7, 2.5, 2.9, 2.7, 2.4]",C,rebounds,under,8.0492,7.5,110,fanatics,0.5,1.0499,N/A,,,caesars 7.5 O -141; U +106 | fanatics 7.5 O -145; U +110 | fanduel 8.5 O +116; U -154 | prophetx 8.5 O -123; U -209 | splash_sports 7.5 O -118; U -118,"Team REB: 43.23, Team AST: 17.23, Team 3PM: 5.87, Team STL: 8.07, Team BLK: 4.27, Team TO: 11.03",N/A,N/A,N/A,8.05,interpolated_sim,2026-03-22 06:50 PM CDT,https://kenpom.com/player.php?p=55294
Thomas Haugh,Florida,Iowa,30.0,0.9,"[0, 37, 35, 35, 23]","[0, 2.6, 2.4, 2.4, 1.6]",FC,threes,under,1.4247,1.5,-132,caesars,0.6,1.0499,N/A,,,caesars 1.5 O -102; U -132 | fanatics 1.5 O +105; U -140 | prophetx 1.5 O -106; U -147,"Team REB: 45.67, Team AST: 16.83, Team 3PM: 7.57, Team STL: 6.67, Team BLK: 5.07, Team TO: 11.73",Past ankle injury early March; full minutes since return,"High stdDev (13.91) due to prior absence, but stable high usage recently (23-37); key in top lineups",N/A,1.42,interpolated_sim,2026-03-22 06:10 PM CDT,https://kenpom.com/player.php?p=54392
Malik Reneau,Miami FL,Purdue,32.0,0.94,"[33, 25, 31, 32, 36]","[2.8, 2.1, 2.6, 2.7, 3.1]",C,points_rebounds_assists,under,26.6557,27.5,-118,splash_sports,0.57,1.0487,N/A,,,splash_sports 27.5 O -118; U -118,"Team REB: 38.20, Team AST: 16.40, Team 3PM: 6.67, Team STL: 8.00, Team BLK: 3.33, Team TO: 11.57",N/A,N/A,N/A,"17.23,7.29,2.13","interpolated_sim,interpolated_sim,interpolated_sim",2026-03-22 11:10 AM CDT,https://kenpom.com/player.php?p=52577
Skyy Clark,UCLA,Connecticut,30.0,0.88,"[34, 31, 33, 31, 20]","[3.1, 2.9, 3.1, 2.9, 1.8]",G,points_rebounds_assists,under,14.0039,14.5,-118,splash_sports,0.57,1.0487,N/A,,,sleeper 14.5 O -128; U -128 | splash_sports 14.5 O -118; U -118,"Team REB: 32.30, Team AST: 16.00, Team 3PM: 7.87, Team STL: 6.40, Team BLK: 3.00, Team TO: 9.07",N/A,"Strong avg ~30, dip to 20 in UCF likely matchup-specific; heavy in lineups (top 8)",N/A,"9.49,2.81,1.71","interpolated_sim,interpolated_sim,interpolated_sim",2026-03-22 07:45 PM CDT,https://kenpom.com/player.php?p=52575
Amari Allen,Alabama,Texas Tech,31.0,0.95,"[26, 21, 24, 25, 32]","[2.7, 2.2, 2.5, 2.6, 3.3]",FC,points,over,12.8091,11.5,-115,fanatics,0.56,1.0477,N/A,,,fanatics 11.5 O -115; U -115 | sleeper 11.5 O -133; U -123 | splash_sports 11.5 O -118; U -118,"Team REB: 40.73, Team AST: 16.33, Team 3PM: 12.97, Team STL: 6.50, Team BLK: 5.07, Team TO: 10.00",N/A,N/A,N/A,12.81,interpolated_sim,2026-03-22 08:45 PM CDT,https://kenpom.com/player.php?p=57933
Dylan Darling,St. John's,Kansas,30.0,0.9,"[36, 25, 29, 23, 33]","[4, 2.8, 3.2, 2.5, 3.6]",G,points,over,9.3439,8.5,-104,fanduel,0.53,1.0466,N/A,,,caesars 8.5 O -114; U -117 | fanatics 8.5 O -115; U -115 | fanduel 8.5 O -104; U -125 | prophetx 8.5 O -157; U -130 | sleeper 8.5 O -123; U -132 | splash_sports 8.5 O -118; U -118,,N/A,N/A,N/A,9.34,interpolated_sim,2026-03-22 04:15 PM CDT,https://kenpom.com/player.php?p=53127
Xaivian Lee,Florida,Iowa,30.0,0.95,"[25, 31, 31, 30, 23]","[1.7, 2.1, 2.1, 2, 1.6]",G,threes,over,1.7767,1.5,105,fanatics,0.51,1.0457,N/A,,,caesars 1.5 O +103; U -137 | fanatics 1.5 O +105; U -140 | prophetx 1.5 O -103; U -151,"Team REB: 45.67, Team AST: 16.83, Team 3PM: 7.57, Team STL: 6.67, Team BLK: 5.07, Team TO: 11.73",N/A,N/A,N/A,1.78,interpolated_sim,2026-03-22 06:10 PM CDT,https://kenpom.com/player.php?p=53977
Alex Karaban,Connecticut,UCLA,36.0,0.95,"[40, 30, 35, 37, 38]","[2.4, 1.8, 2.1, 2.2, 2.3]",F,points,under,12.288,12.5,-110,fanatics,0.55,1.0449,N/A,,,caesars 12.5 O -115; U -115 | fanatics 12.5 O -120; U -110 | fanduel 12.5 O -110; U -118 | prophetx 12.5 O -159; U -157 | sleeper 12.5 O -133; U -123 | splash_sports 12.5 O -118; U -118,"Team REB: 36.37, Team AST: 18.63, Team 3PM: 8.57, Team STL: 7.00, Team BLK: 5.47, Team TO: 10.87",N/A,N/A,N/A,12.29,interpolated_sim,2026-03-22 07:45 PM CDT,https://kenpom.com/player.php?p=52265
Collin Chandler,Kentucky,Iowa St.,34.0,0.9,"[35, 30, 33, 28, 42]","[2.8, 2.4, 2.6, 2.2, 3.4]",GF,turnovers,under,1.4927,1.5,-118,splash_sports,0.56,1.0435,N/A,,,splash_sports 1.5 O -118; U -118,"Team REB: 38.20, Team AST: 16.17, Team 3PM: 8.33, Team STL: 7.10, Team BLK: 4.33, Team TO: 10.73",N/A,N/A,N/A,1.49,interpolated_sim,2026-03-22 01:45 PM CDT,https://kenpom.com/player.php?p=56073
Oziyah Sellers,St. John's,Kansas,29.0,0.95,"[32, 32, 16, 19, 25]","[2.2, 2.2, 1.1, 1.3, 1.8]",GF,points_rebounds_assists,under,13.1008,13.5,-118,splash_sports,0.56,1.0419,N/A,,,sleeper 13.5 O -119; U -139 | splash_sports 13.5 O -118; U -118,,Minor hip tweak in Big East semifinal (Mar 13) but returned and played full role since,"Recent minutes: 32 (vs Providence), 25 (vs UNI); averaging 29.6 MPG pre-tournament; top lineup player & coach praise (Pitino: 'lock NBA player')",N/A,"8.78,2.98,1.34","interpolated_sim,interpolated_sim,interpolated_sim",2026-03-22 04:15 PM CDT,https://kenpom.com/player.php?p=53085
Eric Dailey,UCLA,Connecticut,30.0,0.95,"[22, 24, 34, 34, 32]","[1.7, 1.9, 2.6, 2.6, 2.5]",FC,points_rebounds_assists,under,18.9263,19.5,-118,splash_sports,0.56,1.0409,N/A,,,sleeper 19.5 O -132; U -123 | splash_sports 19.5 O -118; U -118,"Team REB: 32.30, Team AST: 16.00, Team 3PM: 7.87, Team STL: 6.40, Team BLK: 3.00, Team TO: 9.07",N/A,"Very stable ~30 min average, 32 in UCF; core starter in all lineups",N/A,"10.37,7.39,1.16","interpolated_sim,interpolated_sim,interpolated_sim",2026-03-22 07:45 PM CDT,https://kenpom.com/player.php?p=54675
Thijs De Ridder,Virginia,Tennessee,29.0,0.98,"[26, 28, 28, 29, 29]","[2.2, 2.4, 2.4, 2.5, 2.5]",C,threes,under,0.8358,0.5,140,fanatics,0.43,1.0404,N/A,,,fanatics 0.5 O -225; U +140,"Team REB: 40.93, Team AST: 16.73, Team 3PM: 10.13, Team STL: 6.57, Team BLK: 6.23, Team TO: 10.80",N/A,N/A,N/A,0.84,poisson_fallback,2026-03-22 05:10 PM CDT,https://kenpom.com/player.php?p=59438
MJ Collins,Utah St.,Arizona,35.0,0.92,"[29, 34, 31, 38, 35]","[1.4, 1.6, 1.5, 1.8, 1.7]",GF,points,under,15.1205,15.5,-115,fanatics,0.56,1.0399,N/A,,,fanatics 15.5 O -115; U -115 | fanduel 15.5 O -110; U -118,"Team REB: 34.63, Team AST: 17.70, Team 3PM: 8.83, Team STL: 8.77, Team BLK: 2.97, Team TO: 10.67",N/A,N/A,N/A,15.12,interpolated_sim,2026-03-22 06:50 PM CDT,https://kenpom.com/player.php?p=53130
Labaron Philon,Alabama,Texas Tech,36.0,0.95,"[28, 34, 29, 34, 36]","[1.5, 1.8, 1.5, 1.8, 1.9]",G,rebounds,under,3.9623,3.5,115,fanatics,0.48,1.039,N/A,,,fanatics 3.5 O -150; U +115 | sleeper 3.5 O -167; U +101,"Team REB: 40.73, Team AST: 16.33, Team 3PM: 12.97, Team STL: 6.50, Team BLK: 5.07, Team TO: 10.00",N/A,N/A,N/A,3.96,interpolated_sim,2026-03-22 08:45 PM CDT,https://kenpom.com/player.php?p=56059
Rueben Chinyelu,Florida,Iowa,26.0,0.95,"[31, 26, 25, 30, 20]","[3.6, 3.1, 2.9, 3.5, 2.4]",C,points_rebounds,under,21.1278,21.5,-113,fanduel,0.55,1.0376,N/A,,,fanduel 21.5 O -113; U -113,"Team REB: 45.67, Team AST: 16.83, Team 3PM: 7.57, Team STL: 6.67, Team BLK: 5.07, Team TO: 11.73",N/A,N/A,N/A,"10.54,10.58","interpolated_sim,interpolated_sim",2026-03-22 06:10 PM CDT,https://kenpom.com/player.php?p=54976
Josiah Moseley,Texas Tech,Alabama,22.0,0.9,"[21, 22, 15, 18, 25]","[1.9, 2, 1.4, 1.6, 2.2]",FC,points,under,9.2308,9.5,-118,splash_sports,0.56,1.0362,N/A,,,sleeper 9.5 O -119; U -137 | splash_sports 9.5 O -118; U -118,"Team REB: 37.30, Team AST: 16.07, Team 3PM: 11.47, Team STL: 5.93, Team BLK: 3.87, Team TO: 10.90",N/A,N/A,N/A,9.23,interpolated_sim,2026-03-22 08:45 PM CDT,https://kenpom.com/player.php?p=56172
Brayden Burries,Arizona,Utah St.,30.0,0.95,"[33, 33, 19, 33, 28]","[2.3, 2.3, 1.3, 2.3, 2]",F,turnovers,under,1.5029,1.5,-118,splash_sports,0.56,1.036,N/A,,,splash_sports 1.5 O -118; U -118,"Team REB: 43.23, Team AST: 17.23, Team 3PM: 5.87, Team STL: 8.07, Team BLK: 4.27, Team TO: 11.03",N/A,N/A,N/A,1.50,interpolated_sim,2026-03-22 06:50 PM CDT,https://kenpom.com/player.php?p=59285
Darryn Peterson,Kansas,St. John's,36.0,0.92,"[35, 29, 37, 28, 37]","[1.9, 1.6, 2, 1.5, 2]",GF,threes,under,2.5311,2.5,-115,fanatics,0.55,1.0359,N/A,,,caesars 2.5 O -110; U -122 | fanatics 2.5 O -115; U -115 | prophetx 2.5 O -110; U -141,"Team REB: 38.63, Team AST: 14.40, Team 3PM: 7.37, Team STL: 5.50, Team BLK: 5.87, Team TO: 10.73","History of cramping, hamstring, ankle issues but cleared for NCAA Tournament and played fully in first round","Consistent 30+ min load recently (avg 33), no recent absences",N/A,2.53,interpolated_sim,2026-03-22 04:15 PM CDT,https://kenpom.com/player.php?p=58391
Otega Oweh,Kentucky,Iowa St.,38.0,0.95,"[38, 39, 35, 39, 43]","[3, 3.1, 2.8, 3.1, 3.4]",GF,rebounds,under,5.67,5.5,-105,fanatics,0.53,1.0345,N/A,,,fanatics 5.5 O -125; U -105 | sleeper 5.5 O -156; U -105 | splash_sports 5.5 O -118; U -118,"Team REB: 38.20, Team AST: 16.17, Team 3PM: 8.33, Team STL: 7.10, Team BLK: 4.33, Team TO: 10.73",N/A,N/A,N/A,5.67,interpolated_sim,2026-03-22 01:45 PM CDT,https://kenpom.com/player.php?p=52919
Rueben Chinyelu,Florida,Iowa,26.0,0.95,"[31, 26, 25, 30, 20]","[3.6, 3.1, 2.9, 3.5, 2.4]",C,points,under,10.5434,10.5,-105,fanatics,0.53,1.0337,N/A,,,caesars 10.5 O -124; U -108 | fanatics 10.5 O -125; U -105 | fanduel 10.5 O -104; U -125 | prophetx 10.5 O -110; U -173 | splash_sports 10.5 O -118; U -118,"Team REB: 45.67, Team AST: 16.83, Team 3PM: 7.57, Team STL: 6.67, Team BLK: 5.07, Team TO: 11.73",N/A,N/A,N/A,10.54,interpolated_sim,2026-03-22 06:10 PM CDT,https://kenpom.com/player.php?p=54976
Christian Anderson,Texas Tech,Alabama,37.0,0.95,"[32, 40, 40, 31, 39]","[1.6, 2, 2, 1.6, 2]",G,points,over,23.1791,21.5,-120,fanatics,0.56,1.032,N/A,,,fanatics 21.5 O -120; U -110 | sleeper 22.5 O -114; U -145 | splash_sports 22.5 O -118; U -118,"Team REB: 37.30, Team AST: 16.07, Team 3PM: 11.47, Team STL: 5.93, Team BLK: 3.87, Team TO: 10.90","Groin strain from Big 12 tournament resolved; cleared, full strength, scored 18pts/5ast/4stl in first round vs Akron",Post-injury game confirms full workload capacity despite prior std dev; no limitations reported,N/A,23.18,interpolated_sim,2026-03-22 08:45 PM CDT,https://kenpom.com/player.php?p=56143
Alvaro Folgueiras,Iowa,Florida,22.0,0.95,"[22, 30, 18, 23, 20]","[2.1, 2.9, 1.8, 2.2, 2]",C,points_rebounds_assists,over,15.7764,14.5,-118,splash_sports,0.56,1.0315,N/A,,,splash_sports 14.5 O -118; U -118,"Team REB: 29.83, Team AST: 15.14, Team 3PM: 7.83, Team STL: 7.07, Team BLK: 2.10, Team TO: 9.48",N/A,N/A,N/A,"8.78,4.75,2.24","interpolated_sim,interpolated_sim,interpolated_sim",2026-03-22 06:10 PM CDT,https://kenpom.com/player.php?p=54747
Latrell Wrightsell,Alabama,Texas Tech,32.0,0.95,"[30, 24, 26, 23, 29]","[2.2, 1.8, 2, 1.7, 2.2]",G,threes,under,2.491,2.5,-118,splash_sports,0.56,1.0304,N/A,,,fanatics 2.5 O +120; U -165 | sleeper 2.5 O -122; U -135 | splash_sports 2.5 O -118; U -118,"Team REB: 40.73, Team AST: 16.33, Team 3PM: 12.97, Team STL: 6.50, Team BLK: 5.07, Team TO: 10.00",N/A,N/A,N/A,2.49,interpolated_sim,2026-03-22 08:45 PM CDT,https://kenpom.com/player.php?p=49500
Tamin Lipsey,Iowa St.,Kentucky,33.0,0.9,"[34, 30, 31, 30, 17]","[2, 1.8, 1.9, 1.8, 1]",G,steals,over,2.252,1.5,-175,fanatics,0.66,1.03,N/A,,,fanatics 1.5 O -175; U +135,"Team REB: 35.60, Team AST: 17.40, Team 3PM: 8.83, Team STL: 8.77, Team BLK: 2.87, Team TO: 10.37",N/A,"17 min in blowout last game, prior groin tweak resolved per coach, fully healthy",N/A,2.25,interpolated_sim,2026-03-22 01:45 PM CDT,https://kenpom.com/player.php?p=52597
Adlan Elamin,Utah St.,Arizona,26.0,0.88,"[17, 17, 28, 24, 30]","[1.6, 1.6, 2.6, 2.2, 2.8]",FC,points,under,7.3421,7.5,-118,splash_sports,0.56,1.0278,N/A,,,splash_sports 7.5 O -118; U -118,"Team REB: 34.63, Team AST: 17.70, Team 3PM: 8.83, Team STL: 8.77, Team BLK: 2.97, Team TO: 10.67",N/A,"High variability (std 5.42) but strong recent trend (28,24,30) and heavy usage in top lineups (23%+ share); tournament game supports continued role",N/A,7.34,interpolated_sim,2026-03-22 06:50 PM CDT,https://kenpom.com/player.php?p=58058
Tre Donaldson,Miami FL,Purdue,33.0,0.88,"[36, 37, 38, 24, 34]","[1.7, 1.8, 1.8, 1.1, 1.6]",G,rebounds,under,3.5146,3.5,-118,splash_sports,0.56,1.0272,N/A,,,splash_sports 3.5 O -118; U -118,"Team REB: 38.20, Team AST: 16.40, Team 3PM: 6.67, Team STL: 8.00, Team BLK: 3.33, Team TO: 11.57",N/A,"High std dev (5.08); recent variability (24-38 min), projecting near avg for tournament",N/A,3.51,interpolated_sim,2026-03-22 11:10 AM CDT,https://kenpom.com/player.php?p=52408
Tre Donaldson,Miami FL,Purdue,33.0,0.88,"[36, 37, 38, 24, 34]","[1.7, 1.8, 1.8, 1.1, 1.6]",G,threes,under,1.951,2.5,-205,caesars,0.69,1.0268,N/A,,,caesars 2.5 O +150; U -205 | fanatics 1.5 O -190; U +130 | prophetx 2.5 O +143; U -230,"Team REB: 38.20, Team AST: 16.40, Team 3PM: 6.67, Team STL: 8.00, Team BLK: 3.33, Team TO: 11.57",N/A,"High std dev (5.08); recent variability (24-38 min), projecting near avg for tournament",N/A,1.95,interpolated_sim,2026-03-22 11:10 AM CDT,https://kenpom.com/player.php?p=52408
Sam Lewis,Virginia,Tennessee,28.0,0.92,"[31, 26, 26, 28, 29]","[2.3, 2, 2, 2.1, 2.2]",F,rebounds,under,3.9992,3.5,112,caesars,0.48,1.0266,N/A,,,caesars 3.5 O -150; U +112 | prophetx 3.5 O -145; U -124,"Team REB: 40.93, Team AST: 16.73, Team 3PM: 10.13, Team STL: 6.57, Team BLK: 6.23, Team TO: 10.80",N/A,N/A,N/A,4.00,interpolated_sim,2026-03-22 05:10 PM CDT,https://kenpom.com/player.php?p=54854
Karson Templin,Utah St.,Arizona,18.0,0.9,"[23, 18, 14, 14, 24]","[3.4, 2.7, 2.1, 2.1, 3.5]",C,rebounds,under,4.6365,4.5,-118,splash_sports,0.56,1.0263,N/A,,,splash_sports 4.5 O -118; U -118,"Team REB: 34.63, Team AST: 17.70, Team 3PM: 8.83, Team STL: 8.77, Team BLK: 2.97, Team TO: 10.67",N/A,N/A,N/A,4.64,interpolated_sim,2026-03-22 06:50 PM CDT,https://kenpom.com/player.php?p=54924
Thijs De Ridder,Virginia,Tennessee,29.0,0.98,"[26, 28, 28, 29, 29]","[2.2, 2.4, 2.4, 2.5, 2.5]",C,points,under,13.1522,13.5,-118,splash_sports,0.56,1.0259,N/A,,,caesars 13.5 O -110; U -121 | fanatics 13.5 O -110; U -120 | fanduel 13.5 O -104; U -125 | prophetx 13.5 O -118; U -132 | splash_sports 13.5 O -118; U -118,"Team REB: 40.93, Team AST: 16.73, Team 3PM: 10.13, Team STL: 6.57, Team BLK: 6.23, Team TO: 10.80",N/A,N/A,N/A,13.15,interpolated_sim,2026-03-22 05:10 PM CDT,https://kenpom.com/player.php?p=59438
Ja'Kobi Gillespie,Tennessee,Virginia,37.0,0.98,"[34, 37, 36, 38, 36]","[2.3, 2.5, 2.4, 2.6, 2.4]",G,steals,under,1.8945,1.5,135,fanatics,0.44,1.0251,N/A,,,fanatics 1.5 O -175; U +135,"Team REB: 42.67, Team AST: 17.20, Team 3PM: 6.67, Team STL: 7.63, Team BLK: 3.43, Team TO: 11.97",N/A,N/A,N/A,1.89,interpolated_sim,2026-03-22 05:10 PM CDT,https://kenpom.com/player.php?p=52406
Blake Buchanan,Iowa St.,Kentucky,26.0,0.95,"[22, 25, 24, 25, 26]","[2.1, 2.4, 2.3, 2.4, 2.5]",C,rebounds,over,7.584,6.5,-118,splash_sports,0.55,1.0242,N/A,,,sleeper 6.5 O -128; U -128 | splash_sports 6.5 O -118; U -118,"Team REB: 35.60, Team AST: 17.40, Team 3PM: 8.83, Team STL: 8.77, Team BLK: 2.87, Team TO: 10.37",N/A,N/A,N/A,7.58,interpolated_sim,2026-03-22 01:45 PM CDT,https://kenpom.com/player.php?p=54958
Eric Dailey,UCLA,Connecticut,30.0,0.95,"[22, 24, 34, 34, 32]","[1.7, 1.9, 2.6, 2.6, 2.5]",FC,points_rebounds,under,17.7631,18.5,-128,fanduel,0.58,1.0242,N/A,,,fanduel 18.5 O +100; U -128,"Team REB: 32.30, Team AST: 16.00, Team 3PM: 7.87, Team STL: 6.40, Team BLK: 3.00, Team TO: 9.07",N/A,"Very stable ~30 min average, 32 in UCF; core starter in all lineups",N/A,"10.37,7.39","interpolated_sim,interpolated_sim",2026-03-22 07:45 PM CDT,https://kenpom.com/player.php?p=54675
Denzel Aberdeen,Kentucky,Iowa St.,37.0,0.98,"[36, 37, 34, 35, 38]","[2.2, 2.3, 2.1, 2.2, 2.4]",G,points,over,13.7823,12.5,-120,fanatics,0.56,1.0231,N/A,,,fanatics 12.5 O -120; U -110 | sleeper 13.5 O -127; U -130 | splash_sports 13.5 O -118; U -118,"Team REB: 38.20, Team AST: 16.17, Team 3PM: 8.33, Team STL: 7.10, Team BLK: 4.33, Team TO: 10.73",N/A,N/A,N/A,13.78,interpolated_sim,2026-03-22 01:45 PM CDT,https://kenpom.com/player.php?p=52525
Dante Allen,Miami FL,Purdue,26.0,0.96,"[23, 24, 26, 29, 26]","[1.2, 1.3, 1.4, 1.5, 1.4]",GF,rebounds,over,3.1682,2.5,-118,splash_sports,0.55,1.0218,N/A,,,splash_sports 2.5 O -118; U -118,"Team REB: 38.20, Team AST: 16.40, Team 3PM: 6.67, Team STL: 8.00, Team BLK: 3.33, Team TO: 11.57",N/A,N/A,N/A,3.17,interpolated_sim,2026-03-22 11:10 AM CDT,https://kenpom.com/player.php?p=58420
Bennett Stirtz,Iowa,Florida,40.0,1.0,"[40, 45, 39, 39, 40]","[2.2, 2.5, 2.1, 2.1, 2.2]",G,points,over,19.2815,17.5,-128,fanduel,0.57,1.0194,N/A,,,caesars 18.5 O -114; U -117 | fanatics 18.5 O -115; U -115 | fanduel 17.5 O -128; U -102 | splash_sports 18.5 O -118; U -118,"Team REB: 29.83, Team AST: 15.14, Team 3PM: 7.83, Team STL: 7.07, Team BLK: 2.10, Team TO: 9.48",N/A,N/A,N/A,19.28,interpolated_sim,2026-03-22 06:10 PM CDT,https://kenpom.com/player.php?p=56549
Flory Bidunga,Kansas,St. John's,32.0,0.95,"[37, 26, 27, 31, 30]","[2.7, 1.9, 2, 2.2, 2.2]",C,points,under,11.6459,11.5,-108,fanduel,0.53,1.0163,N/A,,,caesars 11.5 O -122; U -109 | fanatics 11.5 O -110; U -120 | fanduel 11.5 O -120; U -108 | prophetx 11.5 O -132; U -118 | sleeper 11.5 O -132; U -125 | splash_sports 11.5 O -118; U -118,"Team REB: 38.63, Team AST: 14.40, Team 3PM: 7.37, Team STL: 5.50, Team BLK: 5.87, Team TO: 10.73",N/A,N/A,N/A,11.65,interpolated_sim,2026-03-22 04:15 PM CDT,https://kenpom.com/player.php?p=56053
Tre White,Kansas,St. John's,33.0,0.9,"[37, 30, 38, 21, 32]","[2.2, 1.8, 2.3, 1.3, 1.9]",FC,threes,under,1.5061,1.5,-130,caesars,0.57,1.0123,N/A,,,caesars 1.5 O -103; U -130 | fanatics 1.5 O +100; U -130 | prophetx 1.5 O +105; U -139,"Team REB: 38.63, Team AST: 14.40, Team 3PM: 7.37, Team STL: 5.50, Team BLK: 5.87, Team TO: 10.73",N/A,"Key rotation player in top lineups, strong first-round performance; avg ~31 min despite std dev 6.09",N/A,1.51,interpolated_sim,2026-03-22 04:15 PM CDT,https://kenpom.com/player.php?p=53086
Labaron Philon,Alabama,Texas Tech,36.0,0.95,"[28, 34, 29, 34, 36]","[1.5, 1.8, 1.5, 1.8, 1.9]",G,points_rebounds_assists,under,32.9459,33.5,-118,splash_sports,0.55,1.0114,N/A,,,sleeper 33.5 O -133; U -123 | splash_sports 33.5 O -118; U -118,"Team REB: 40.73, Team AST: 16.33, Team 3PM: 12.97, Team STL: 6.50, Team BLK: 5.07, Team TO: 10.00",N/A,N/A,N/A,"23.53,3.96,5.46","interpolated_sim,interpolated_sim,interpolated_sim",2026-03-22 08:45 PM CDT,https://kenpom.com/player.php?p=56059
Motiejus Krivas,Arizona,Utah St.,25.0,0.98,"[25, 23, 27, 25, 22]","[2.7, 2.5, 2.9, 2.7, 2.4]",C,points,over,10.5023,9.5,-118,splash_sports,0.55,1.011,N/A,,,caesars 9.5 O -124; U -107 | fanatics 9.5 O -130; U +100 | fanduel 9.5 O -125; U -104 | prophetx 9.5 O -135; U -116 | splash_sports 9.5 O -118; U -118,"Team REB: 43.23, Team AST: 17.23, Team 3PM: 5.87, Team STL: 8.07, Team BLK: 4.27, Team TO: 11.03",N/A,N/A,N/A,10.50,interpolated_sim,2026-03-22 06:50 PM CDT,https://kenpom.com/player.php?p=55294
Xaivian Lee,Florida,Iowa,30.0,0.95,"[25, 31, 31, 30, 23]","[1.7, 2.1, 2.1, 2, 1.6]",G,points,over,11.5499,10.5,-118,fanduel,0.55,1.0108,N/A,,,caesars 10.5 O -130; U -103 | fanatics 11.5 O +100; U -130 | fanduel 10.5 O -118; U -110 | splash_sports 10.5 O -118; U -118,"Team REB: 45.67, Team AST: 16.83, Team 3PM: 7.57, Team STL: 6.67, Team BLK: 5.07, Team TO: 11.73",N/A,N/A,N/A,11.55,interpolated_sim,2026-03-22 06:10 PM CDT,https://kenpom.com/player.php?p=53977
Blake Buchanan,Iowa St.,Kentucky,26.0,0.95,"[22, 25, 24, 25, 26]","[2.1, 2.4, 2.3, 2.4, 2.5]",C,points_rebounds_assists,over,19.6108,18.5,-115,sleeper,0.54,1.0099,N/A,,,sleeper 18.5 O -115; U -143 | splash_sports 18.5 O -118; U -118,"Team REB: 35.60, Team AST: 17.40, Team 3PM: 8.83, Team STL: 8.77, Team BLK: 2.87, Team TO: 10.37",N/A,N/A,N/A,"10.07,7.58,1.96","interpolated_sim,interpolated_sim,interpolated_sim",2026-03-22 01:45 PM CDT,https://kenpom.com/player.php?p=54958
MJ Collins,Utah St.,Arizona,35.0,0.92,"[29, 34, 31, 38, 35]","[1.4, 1.6, 1.5, 1.8, 1.7]",GF,threes,under,2.0517,2.5,-190,fanatics,0.66,1.0097,N/A,,,fanatics 2.5 O +130; U -190,"Team REB: 34.63, Team AST: 17.70, Team 3PM: 8.83, Team STL: 8.77, Team BLK: 2.97, Team TO: 10.67",N/A,N/A,N/A,2.05,interpolated_sim,2026-03-22 06:50 PM CDT,https://kenpom.com/player.php?p=53130
Jaden Bradley,Arizona,Utah St.,32.0,0.88,"[35, 31, 31, 34, 23]","[2.2, 1.9, 1.9, 2.1, 1.4]",G,points_rebounds_assists,under,22.117,22.5,-118,splash_sports,0.55,1.0076,N/A,,,splash_sports 22.5 O -118; U -118,"Team REB: 43.23, Team AST: 17.23, Team 3PM: 5.87, Team STL: 8.07, Team BLK: 4.27, Team TO: 11.03",Tweaked left wrist/finger in Big 12 final but returned to game and practicing normally,Healthy now but slight uncertainty post-injury; blowout limited last game's minutes,N/A,"14.29,3.56,4.26","interpolated_sim,interpolated_sim,interpolated_sim",2026-03-22 06:50 PM CDT,https://kenpom.com/player.php?p=52396
Tavion Banks,Iowa,Florida,27.0,0.95,"[27, 26, 34, 19, 25]","[3.4, 3.2, 4.2, 2.4, 3.1]",FC,threes,over,0.5287,0.5,145,caesars,0.41,1.0061,N/A,,,caesars 0.5 O +145; U NA,"Team REB: 29.83, Team AST: 15.14, Team 3PM: 7.83, Team STL: 7.07, Team BLK: 2.10, Team TO: 9.48",N/A,N/A,N/A,0.53,poisson_fallback,2026-03-22 06:10 PM CDT,https://kenpom.com/player.php?p=56548
Tamin Lipsey,Iowa St.,Kentucky,33.0,0.9,"[34, 30, 31, 30, 17]","[2, 1.8, 1.9, 1.8, 1]",G,assists,under,5.4764,5.5,-118,splash_sports,0.54,1.0041,N/A,,,sleeper 5.5 O -133; U -123 | splash_sports 5.5 O -118; U -118,"Team REB: 35.60, Team AST: 17.40, Team 3PM: 8.83, Team STL: 8.77, Team BLK: 2.87, Team TO: 10.37",N/A,"17 min in blowout last game, prior groin tweak resolved per coach, fully healthy",N/A,5.48,interpolated_sim,2026-03-22 01:45 PM CDT,https://kenpom.com/player.php?p=52597
Boogie Fland,Florida,Iowa,31.0,0.95,"[29, 33, 35, 34, 25]","[2, 2.3, 2.4, 2.4, 1.8]",G,threes,under,0.9125,0.5,150,fanatics,0.4,1.0038,N/A,,,caesars 0.5 O -190; U NA | fanatics 0.5 O -240; U +150,"Team REB: 45.67, Team AST: 16.83, Team 3PM: 7.57, Team STL: 6.67, Team BLK: 5.07, Team TO: 11.73",N/A,N/A,N/A,0.91,poisson_fallback,2026-03-22 06:10 PM CDT,https://kenpom.com/player.php?p=56216
Trent Perry,UCLA,Connecticut,36.0,0.96,"[29, 34, 30, 40, 37]","[1.6, 1.9, 1.6, 2.2, 2]",GF,threes,under,1.4866,1.5,-139,caesars,0.58,1.0024,N/A,,,caesars 1.5 O +105; U -139 | fanatics 1.5 O +110; U -145 | prophetx 1.5 O -103; U -184 | sleeper 1.5 O +101; U -169,"Team REB: 32.30, Team AST: 16.00, Team 3PM: 7.87, Team STL: 6.40, Team BLK: 3.00, Team TO: 9.07",N/A,"Extremely stable 34-40 range, 37 in UCF; core in all lineups",N/A,1.49,interpolated_sim,2026-03-22 07:45 PM CDT,https://kenpom.com/player.php?p=56393
Cooper Koch,Iowa,Florida,35.0,0.95,"[21, 39, 38, 27, 38]","[1.5, 2.7, 2.7, 1.9, 2.7]",F,threes,over,1.8812,1.5,-118,splash_sports,0.54,1.002,N/A,,,caesars 1.5 O -134; U +100 | fanatics 1.5 O -130; U +100 | prophetx 1.5 O -173; U -139 | splash_sports 1.5 O -118; U -118,"Team REB: 29.83, Team AST: 15.14, Team 3PM: 7.83, Team STL: 7.07, Team BLK: 2.10, Team TO: 9.48",N/A,N/A,N/A,1.88,interpolated_sim,2026-03-22 06:10 PM CDT,https://kenpom.com/player.php?p=56179
Cam Manyawu,Iowa,Florida,22.0,0.95,"[28, 15, 26, 22, 23]","[3.5, 1.9, 3.2, 2.8, 2.9]",C,points,under,7.7487,7.5,-108,caesars,0.52,1.0012,N/A,,,caesars 7.5 O -124; U -108 | fanatics 7.5 O -120; U -110 | prophetx 7.5 O -165; U -111 | splash_sports 7.5 O -118; U -118,"Team REB: 29.83, Team AST: 15.14, Team 3PM: 7.83, Team STL: 7.07, Team BLK: 2.10, Team TO: 9.48",N/A,N/A,N/A,7.75,interpolated_sim,2026-03-22 06:10 PM CDT,https://kenpom.com/player.php?p=54984
Tamin Lipsey,Iowa St.,Kentucky,33.0,0.9,"[34, 30, 31, 30, 17]","[2, 1.8, 1.9, 1.8, 1]",G,turnovers,over,1.843,1.5,-118,splash_sports,0.54,1.0009,N/A,,,splash_sports 1.5 O -118; U -118,"Team REB: 35.60, Team AST: 17.40, Team 3PM: 8.83, Team STL: 8.77, Team BLK: 2.87, Team TO: 10.37",N/A,"17 min in blowout last game, prior groin tweak resolved per coach, fully healthy",N/A,1.84,interpolated_sim,2026-03-22 01:45 PM CDT,https://kenpom.com/player.php?p=52597
Flory Bidunga,Kansas,St. John's,32.0,0.95,"[37, 26, 27, 31, 30]","[2.7, 1.9, 2, 2.2, 2.2]",C,points_rebounds,under,20.7502,20.5,-106,fanduel,0.51,1.0006,N/A,,,fanduel 20.5 O -120; U -106,"Team REB: 38.63, Team AST: 14.40, Team 3PM: 7.37, Team STL: 5.50, Team BLK: 5.87, Team TO: 10.73",N/A,N/A,N/A,"11.65,9.10","interpolated_sim,interpolated_sim",2026-03-22 04:15 PM CDT,https://kenpom.com/player.php?p=56053
Mason Falslev,Utah St.,Arizona,34.0,0.97,"[35, 34, 31, 31, 35]","[2.3, 2.2, 2, 2, 2.3]",F,threes,over,1.2819,1.5,177,caesars,0.36,1.0006,N/A,,,caesars 1.5 O +177; U -245 | fanatics 1.5 O +160; U -275 | prophetx 1.5 O +165; U -270,"Team REB: 34.63, Team AST: 17.70, Team 3PM: 8.83, Team STL: 8.77, Team BLK: 2.97, Team TO: 10.67",N/A,N/A,N/A,1.28,interpolated_sim,2026-03-22 06:50 PM CDT,https://kenpom.com/player.php?p=53101
Drake Allen,Utah St.,Arizona,33.0,0.95,"[37, 30, 31, 30, 33]","[3.5, 2.8, 2.9, 2.8, 3.1]",G,assists,over,4.9756,4.5,-118,splash_sports,0.54,1.0004,N/A,,,splash_sports 4.5 O -118; U -118,"Team REB: 34.63, Team AST: 17.70, Team 3PM: 8.83, Team STL: 8.77, Team BLK: 2.97, Team TO: 10.67",N/A,N/A,N/A,4.98,interpolated_sim,2026-03-22 06:50 PM CDT,https://kenpom.com/player.php?p=53191
Nate Ament,Tennessee,Virginia,20.0,0.82,"[0, 0, 32, 30, 19]","[0, 0, 1.9, 1.8, 1.1]",C,turnovers,under,1.5613,1.5,-118,splash_sports,0.54,0.9983,N/A,,,splash_sports 1.5 O -118; U -118,"Team REB: 42.67, Team AST: 17.20, Team 3PM: 6.67, Team STL: 7.63, Team BLK: 3.43, Team TO: 11.97",High right ankle sprain; minor knee soreness; limited to 18min (5 in 2H scoreless) in first-round tournament win due to leg soreness; expects to play vs Virginia but pain tolerance issues persist per coach,Adjusted down slightly to reflect recent tournament limitation despite expectation to play through; balanced with prior high usage,N/A,1.56,interpolated_sim,2026-03-22 05:10 PM CDT,https://kenpom.com/player.php?p=58152
Collin Chandler,Kentucky,Iowa St.,34.0,0.9,"[35, 30, 33, 28, 42]","[2.8, 2.4, 2.6, 2.2, 3.4]",GF,steals,over,1.2765,1.5,175,fanatics,0.36,0.9975,N/A,,,fanatics 1.5 O +175; U -240,"Team REB: 38.20, Team AST: 16.17, Team 3PM: 8.33, Team STL: 7.10, Team BLK: 4.33, Team TO: 10.73",N/A,N/A,N/A,1.28,interpolated_sim,2026-03-22 01:45 PM CDT,https://kenpom.com/player.php?p=56073
Melvin Council,Kansas,St. John's,37.0,0.95,"[39, 31, 40, 35, 31]","[1.8, 1.4, 1.8, 1.6, 1.4]",G,rebounds,under,5.0486,4.5,115,fanatics,0.46,0.9961,N/A,,,caesars 5.5 O +126; U -170 | fanatics 4.5 O -150; U +115 | fanduel 4.5 O -136; U +102 | prophetx 5.5 O -116; U -219 | sleeper 4.5 O -156; U -105 | splash_sports 4.5 O -118; U -118,"Team REB: 38.63, Team AST: 14.40, Team 3PM: 7.37, Team STL: 5.50, Team BLK: 5.87, Team TO: 10.73",N/A,N/A,N/A,5.05,interpolated_sim,2026-03-22 04:15 PM CDT,https://kenpom.com/player.php?p=55518
Koa Peat,Arizona,Utah St.,29.0,0.92,"[35, 29, 26, 27, 28]","[2.8, 2.3, 2.1, 2.2, 2.2]",FC,rebounds,under,5.7099,5.5,-115,fanatics,0.53,0.9959,N/A,,,caesars 5.5 O -112; U -120 | fanatics 5.5 O -115; U -115 | fanduel 5.5 O -106; U -125 | prophetx 5.5 O -155; U -161 | splash_sports 5.5 O -118; U -118,"Team REB: 43.23, Team AST: 17.23, Team 3PM: 5.87, Team STL: 8.07, Team BLK: 4.27, Team TO: 11.03",Recovered from February leg injury; full minutes in first round,No recent issues; consistent high usage,N/A,5.71,interpolated_sim,2026-03-22 06:50 PM CDT,https://kenpom.com/player.php?p=59288
Dylan Darling,St. John's,Kansas,30.0,0.9,"[36, 25, 29, 23, 33]","[4, 2.8, 3.2, 2.5, 3.6]",G,threes,over,1.3206,0.5,-235,caesars,0.7,0.9955,N/A,,,caesars 0.5 O -235; U NA,,N/A,N/A,N/A,1.32,interpolated_sim,2026-03-22 04:15 PM CDT,https://kenpom.com/player.php?p=53127
Thijs De Ridder,Virginia,Tennessee,29.0,0.98,"[26, 28, 28, 29, 29]","[2.2, 2.4, 2.4, 2.5, 2.5]",C,points_rebounds,under,19.6847,19.5,-108,fanduel,0.52,0.9954,N/A,,,fanduel 19.5 O -118; U -108,"Team REB: 40.93, Team AST: 16.73, Team 3PM: 10.13, Team STL: 6.57, Team BLK: 6.23, Team TO: 10.80",N/A,N/A,N/A,"13.15,6.53","interpolated_sim,interpolated_sim",2026-03-22 05:10 PM CDT,https://kenpom.com/player.php?p=59438
Denzel Aberdeen,Kentucky,Iowa St.,37.0,0.98,"[36, 37, 34, 35, 38]","[2.2, 2.3, 2.1, 2.2, 2.4]",G,points_rebounds_assists,over,20.5387,19.5,-118,splash_sports,0.54,0.9937,N/A,,,sleeper 19.5 O -132; U -125 | splash_sports 19.5 O -118; U -118,"Team REB: 38.20, Team AST: 16.17, Team 3PM: 8.33, Team STL: 7.10, Team BLK: 4.33, Team TO: 10.73",N/A,N/A,N/A,"13.78,3.18,3.58","interpolated_sim,interpolated_sim,interpolated_sim",2026-03-22 01:45 PM CDT,https://kenpom.com/player.php?p=52525
Amari Allen,Alabama,Texas Tech,31.0,0.95,"[26, 21, 24, 25, 32]","[2.7, 2.2, 2.5, 2.6, 3.3]",FC,threes,over,1.5761,1.5,120,fanatics,0.45,0.9927,N/A,,,fanatics 1.5 O +120; U -165,"Team REB: 40.73, Team AST: 16.33, Team 3PM: 12.97, Team STL: 6.50, Team BLK: 5.07, Team TO: 10.00",N/A,N/A,N/A,1.58,interpolated_sim,2026-03-22 08:45 PM CDT,https://kenpom.com/player.php?p=57933
Melvin Council,Kansas,St. John's,37.0,0.95,"[39, 31, 40, 35, 31]","[1.8, 1.4, 1.8, 1.6, 1.4]",G,threes,under,1.1191,1.5,-240,caesars,0.7,0.9927,N/A,,,caesars 1.5 O +175; U -240 | fanatics 1.5 O +155; U -250,"Team REB: 38.63, Team AST: 14.40, Team 3PM: 7.37, Team STL: 5.50, Team BLK: 5.87, Team TO: 10.73",N/A,N/A,N/A,1.12,interpolated_sim,2026-03-22 04:15 PM CDT,https://kenpom.com/player.php?p=55518
Braylon Mullins,Connecticut,UCLA,32.0,0.95,"[33, 34, 32, 27, 37]","[3.3, 3.4, 3.2, 2.7, 3.7]",GF,rebounds,over,4.1352,3.5,-118,splash_sports,0.54,0.9903,N/A,,,sleeper 3.5 O -128; U -128 | splash_sports 3.5 O -118; U -118,"Team REB: 36.37, Team AST: 18.63, Team 3PM: 8.57, Team STL: 7.00, Team BLK: 5.47, Team TO: 10.87",N/A,N/A,N/A,4.14,interpolated_sim,2026-03-22 07:45 PM CDT,https://kenpom.com/player.php?p=58096
Koa Peat,Arizona,Utah St.,29.0,0.92,"[35, 29, 26, 27, 28]","[2.8, 2.3, 2.1, 2.2, 2.2]",FC,points_rebounds_assists,over,22.5521,21.5,-118,splash_sports,0.54,0.9897,N/A,,,splash_sports 21.5 O -118; U -118,"Team REB: 43.23, Team AST: 17.23, Team 3PM: 5.87, Team STL: 8.07, Team BLK: 4.27, Team TO: 11.03",Recovered from February leg injury; full minutes in first round,No recent issues; consistent high usage,N/A,"14.14,5.71,2.71","interpolated_sim,interpolated_sim,interpolated_sim",2026-03-22 06:50 PM CDT,https://kenpom.com/player.php?p=59288
Ja'Kobi Gillespie,Tennessee,Virginia,37.0,0.98,"[34, 37, 36, 38, 36]","[2.3, 2.5, 2.4, 2.6, 2.4]",G,threes,over,2.8421,2.5,-114,caesars,0.53,0.9867,N/A,,,caesars 2.5 O -114; U -117 | fanatics 2.5 O -115; U -115 | prophetx 2.5 O -165; U -159,"Team REB: 42.67, Team AST: 17.20, Team 3PM: 6.67, Team STL: 7.63, Team BLK: 3.43, Team TO: 11.97",N/A,N/A,N/A,2.84,interpolated_sim,2026-03-22 05:10 PM CDT,https://kenpom.com/player.php?p=52406
Thijs De Ridder,Virginia,Tennessee,29.0,0.98,"[26, 28, 28, 29, 29]","[2.2, 2.4, 2.4, 2.5, 2.5]",C,rebounds,under,6.5324,5.5,120,caesars,0.45,0.9864,N/A,,,caesars 5.5 O -159; U +120 | fanatics 5.5 O -150; U +115 | fanduel 6.5 O +104; U -138 | prophetx 6.5 O +105; U -165,"Team REB: 40.93, Team AST: 16.73, Team 3PM: 10.13, Team STL: 6.57, Team BLK: 6.23, Team TO: 10.80",N/A,N/A,N/A,6.53,interpolated_sim,2026-03-22 05:10 PM CDT,https://kenpom.com/player.php?p=59438
Braden Smith,Purdue,Miami FL,35.0,0.95,"[36, 37, 32, 38, 32]","[1.7, 1.8, 1.5, 1.8, 1.5]",G,points_rebounds_assists,over,29.5455,28.5,-118,splash_sports,0.53,0.9854,N/A,,,splash_sports 28.5 O -118; U -118,"Team REB: 35.60, Team AST: 19.67, Team 3PM: 9.40, Team STL: 5.67, Team BLK: 2.67, Team TO: 9.17",N/A,N/A,N/A,"17.80,3.79,7.95","interpolated_sim,interpolated_sim,interpolated_sim",2026-03-22 11:10 AM CDT,https://kenpom.com/player.php?p=52901
Adlan Elamin,Utah St.,Arizona,26.0,0.88,"[17, 17, 28, 24, 30]","[1.6, 1.6, 2.6, 2.2, 2.8]",FC,points_rebounds_assists,over,13.3807,12.5,-118,splash_sports,0.53,0.9841,N/A,,,splash_sports 12.5 O -118; U -118,"Team REB: 34.63, Team AST: 17.70, Team 3PM: 8.83, Team STL: 8.77, Team BLK: 2.97, Team TO: 10.67",N/A,"High variability (std 5.42) but strong recent trend (28,24,30) and heavy usage in top lineups (23%+ share); tournament game supports continued role",N/A,"7.34,4.94,1.09","interpolated_sim,interpolated_sim,interpolated_sim",2026-03-22 06:50 PM CDT,https://kenpom.com/player.php?p=58058
Donovan Atwell,Texas Tech,Alabama,36.0,0.95,"[38, 36, 40, 33, 35]","[2.5, 2.3, 2.6, 2.1, 2.3]",GF,rebounds,under,4.3244,4.5,-150,fanatics,0.59,0.984,N/A,,,fanatics 4.5 O +115; U -150 | sleeper 4.5 O +106; U -175,"Team REB: 37.30, Team AST: 16.07, Team 3PM: 11.47, Team STL: 5.93, Team BLK: 3.87, Team TO: 10.90",N/A,N/A,N/A,4.32,interpolated_sim,2026-03-22 08:45 PM CDT,https://kenpom.com/player.php?p=53696
Cooper Koch,Iowa,Florida,35.0,0.95,"[21, 39, 38, 27, 38]","[1.5, 2.7, 2.7, 1.9, 2.7]",F,points_rebounds_assists,over,14.3813,13.5,-118,splash_sports,0.53,0.9817,N/A,,,splash_sports 13.5 O -118; U -118,"Team REB: 29.83, Team AST: 15.14, Team 3PM: 7.83, Team STL: 7.07, Team BLK: 2.10, Team TO: 9.48",N/A,N/A,N/A,"8.61,4.55,1.22","interpolated_sim,interpolated_sim,interpolated_sim",2026-03-22 06:10 PM CDT,https://kenpom.com/player.php?p=56179
Malik Reneau,Miami FL,Purdue,32.0,0.94,"[33, 25, 31, 32, 36]","[2.8, 2.1, 2.6, 2.7, 3.1]",C,turnovers,over,2.8499,2.5,-118,splash_sports,0.53,0.9797,N/A,,,splash_sports 2.5 O -118; U -118,"Team REB: 38.20, Team AST: 16.40, Team 3PM: 6.67, Team STL: 8.00, Team BLK: 3.33, Team TO: 11.57",N/A,N/A,N/A,2.85,interpolated_sim,2026-03-22 11:10 AM CDT,https://kenpom.com/player.php?p=52577
Motiejus Krivas,Arizona,Utah St.,25.0,0.98,"[25, 23, 27, 25, 22]","[2.7, 2.5, 2.9, 2.7, 2.4]",C,points_rebounds_assists,over,19.4761,18.5,-118,splash_sports,0.53,0.9796,N/A,,,splash_sports 18.5 O -118; U -118,"Team REB: 43.23, Team AST: 17.23, Team 3PM: 5.87, Team STL: 8.07, Team BLK: 4.27, Team TO: 11.03",N/A,N/A,N/A,"10.50,8.05,0.92","interpolated_sim,interpolated_sim,poisson_fallback",2026-03-22 06:50 PM CDT,https://kenpom.com/player.php?p=55294
Kael Combs,Iowa,Florida,28.0,0.95,"[20, 43, 25, 20, 30]","[1.2, 2.7, 1.6, 1.2, 1.9]",GF,turnovers,under,1.6083,1.5,-118,splash_sports,0.53,0.9795,N/A,,,splash_sports 1.5 O -118; U -118,"Team REB: 29.83, Team AST: 15.14, Team 3PM: 7.83, Team STL: 7.07, Team BLK: 2.10, Team TO: 9.48",N/A,N/A,N/A,1.61,interpolated_sim,2026-03-22 06:10 PM CDT,https://kenpom.com/player.php?p=54986
Trent Perry,UCLA,Connecticut,36.0,0.96,"[29, 34, 30, 40, 37]","[1.6, 1.9, 1.6, 2.2, 2]",GF,points_rebounds_assists,over,20.4055,19.5,-118,splash_sports,0.53,0.979,N/A,,,sleeper 19.5 O -135; U -120 | splash_sports 19.5 O -118; U -118,"Team REB: 32.30, Team AST: 16.00, Team 3PM: 7.87, Team STL: 6.40, Team BLK: 3.00, Team TO: 9.07",N/A,"Extremely stable 34-40 range, 37 in UCF; core in all lineups",N/A,"13.58,4.23,2.60","interpolated_sim,interpolated_sim,interpolated_sim",2026-03-22 07:45 PM CDT,https://kenpom.com/player.php?p=56393
Malik Reneau,Miami FL,Purdue,32.0,0.94,"[33, 25, 31, 32, 36]","[2.8, 2.1, 2.6, 2.7, 3.1]",C,rebounds,under,7.2924,6.5,105,fanatics,0.48,0.9782,N/A,,,caesars 6.5 O -130; U -103 | fanatics 6.5 O -140; U +105 | fanduel 6.5 O -138; U +104 | prophetx 6.5 O -137; U -114 | splash_sports 6.5 O -118; U -118,"Team REB: 38.20, Team AST: 16.40, Team 3PM: 6.67, Team STL: 8.00, Team BLK: 3.33, Team TO: 11.57",N/A,N/A,N/A,7.29,interpolated_sim,2026-03-22 11:10 AM CDT,https://kenpom.com/player.php?p=52577
Bryce Hopkins,St. John's,Kansas,34.0,0.95,"[32, 27, 34, 39, 35]","[1.8, 1.5, 1.9, 2.1, 1.9]",FC,threes,under,0.94,0.5,150,fanatics,0.39,0.9766,N/A,,,caesars 0.5 O -218; U -280 | fanatics 0.5 O -240; U +150 | prophetx 1.5 O -20000; U -20000,,N/A,N/A,N/A,0.94,poisson_fallback,2026-03-22 04:15 PM CDT,https://kenpom.com/player.php?p=51699
Koa Peat,Arizona,Utah St.,29.0,0.92,"[35, 29, 26, 27, 28]","[2.8, 2.3, 2.1, 2.2, 2.2]",FC,points,over,14.1352,13.5,-110,fanatics,0.51,0.9741,N/A,,,caesars 13.5 O -115; U -115 | fanatics 13.5 O -110; U -120 | fanduel 13.5 O -120; U -108 | prophetx 13.5 O -129; U -120 | splash_sports 13.5 O -118; U -118,"Team REB: 43.23, Team AST: 17.23, Team 3PM: 5.87, Team STL: 8.07, Team BLK: 4.27, Team TO: 11.03",Recovered from February leg injury; full minutes in first round,No recent issues; consistent high usage,N/A,14.14,interpolated_sim,2026-03-22 06:50 PM CDT,https://kenpom.com/player.php?p=59288
Ivan Kharchenkov,Arizona,Utah St.,29.0,0.95,"[24, 29, 32, 36, 26]","[1.4, 1.7, 1.8, 2.1, 1.5]",F,threes,under,1.0705,0.5,155,fanatics,0.38,0.9736,N/A,,,caesars 1.5 O -218; U -280 | fanatics 0.5 O -250; U +155 | prophetx 1.5 O +196; U -337,"Team REB: 43.23, Team AST: 17.23, Team 3PM: 5.87, Team STL: 8.07, Team BLK: 4.27, Team TO: 11.03",N/A,N/A,N/A,1.07,interpolated_sim,2026-03-22 06:50 PM CDT,https://kenpom.com/player.php?p=59287
Boogie Fland,Florida,Iowa,31.0,0.95,"[29, 33, 35, 34, 25]","[2, 2.3, 2.4, 2.4, 1.8]",G,turnovers,under,1.6177,1.5,-118,splash_sports,0.53,0.9718,N/A,,,splash_sports 1.5 O -118; U -118,"Team REB: 45.67, Team AST: 16.83, Team 3PM: 7.57, Team STL: 6.67, Team BLK: 5.07, Team TO: 11.73",N/A,N/A,N/A,1.62,interpolated_sim,2026-03-22 06:10 PM CDT,https://kenpom.com/player.php?p=56216
Boogie Fland,Florida,Iowa,31.0,0.95,"[29, 33, 35, 34, 25]","[2, 2.3, 2.4, 2.4, 1.8]",G,points,under,10.9516,10.5,-105,fanatics,0.5,0.9706,N/A,,,caesars 10.5 O -121; U -110 | fanatics 10.5 O -125; U -105 | fanduel 10.5 O -122; U -106 | prophetx 10.5 O -130; U -119 | splash_sports 10.5 O -118; U -118,"Team REB: 45.67, Team AST: 16.83, Team 3PM: 7.57, Team STL: 6.67, Team BLK: 5.07, Team TO: 11.73",N/A,N/A,N/A,10.95,interpolated_sim,2026-03-22 06:10 PM CDT,https://kenpom.com/player.php?p=56216
Rueben Chinyelu,Florida,Iowa,26.0,0.95,"[31, 26, 25, 30, 20]","[3.6, 3.1, 2.9, 3.5, 2.4]",C,turnovers,under,1.6137,1.5,-118,splash_sports,0.53,0.9701,N/A,,,splash_sports 1.5 O -118; U -118,"Team REB: 45.67, Team AST: 16.83, Team 3PM: 7.57, Team STL: 6.67, Team BLK: 5.07, Team TO: 11.73",N/A,N/A,N/A,1.61,interpolated_sim,2026-03-22 06:10 PM CDT,https://kenpom.com/player.php?p=54976
Trent Perry,UCLA,Connecticut,36.0,0.96,"[29, 34, 30, 40, 37]","[1.6, 1.9, 1.6, 2.2, 2]",GF,points,under,13.5815,13.5,-118,splash_sports,0.53,0.9701,N/A,,,caesars 12.5 O -130; U -103 | fanatics 12.5 O -130; U +100 | fanduel 12.5 O -130; U +100 | prophetx 12.5 O -163; U -131 | sleeper 13.5 O -114; U -145 | splash_sports 13.5 O -118; U -118,"Team REB: 32.30, Team AST: 16.00, Team 3PM: 7.87, Team STL: 6.40, Team BLK: 3.00, Team TO: 9.07",N/A,"Extremely stable 34-40 range, 37 in UCF; core in all lineups",N/A,13.58,interpolated_sim,2026-03-22 07:45 PM CDT,https://kenpom.com/player.php?p=56393
Aiden Sherrell,Alabama,Texas Tech,32.0,0.95,"[33, 27, 23, 31, 30]","[2.8, 2.3, 2, 2.6, 2.6]",C,points,over,14.2385,13.5,-118,splash_sports,0.52,0.9687,N/A,,,fanatics 13.5 O -120; U -110 | sleeper 13.5 O -128; U -128 | splash_sports 13.5 O -118; U -118,"Team REB: 40.73, Team AST: 16.33, Team 3PM: 12.97, Team STL: 6.50, Team BLK: 5.07, Team TO: 10.00",N/A,N/A,N/A,14.24,interpolated_sim,2026-03-22 08:45 PM CDT,https://kenpom.com/player.php?p=56025
Kael Combs,Iowa,Florida,28.0,0.95,"[20, 43, 25, 20, 30]","[1.2, 2.7, 1.6, 1.2, 1.9]",GF,points_rebounds_assists,over,12.1901,11.5,-118,splash_sports,0.52,0.9676,N/A,,,splash_sports 11.5 O -118; U -118,"Team REB: 29.83, Team AST: 15.14, Team 3PM: 7.83, Team STL: 7.07, Team BLK: 2.10, Team TO: 9.48",N/A,N/A,N/A,"6.82,3.28,2.09","interpolated_sim,interpolated_sim,interpolated_sim",2026-03-22 06:10 PM CDT,https://kenpom.com/player.php?p=54986
Trey Kaufman-Renn,Purdue,Miami FL,28.0,0.9,"[29, 30, 26, 28, 25]","[2.3, 2.4, 2.1, 2.2, 2]",C,rebounds,over,9.0826,8.5,-108,fanduel,0.5,0.9662,N/A,,,caesars 8.5 O -118; U -113 | fanatics 8.5 O -115; U -115 | fanduel 8.5 O -108; U -122 | prophetx 8.5 O -163; U -151 | splash_sports 8.5 O -118; U -118,"Team REB: 35.60, Team AST: 19.67, Team 3PM: 9.40, Team STL: 5.67, Team BLK: 2.67, Team TO: 9.17",Shoulder scare in Big Ten final but fully progressed and available,N/A,N/A,9.08,interpolated_sim,2026-03-22 11:10 AM CDT,https://kenpom.com/player.php?p=51194
Alex Karaban,Connecticut,UCLA,36.0,0.95,"[40, 30, 35, 37, 38]","[2.4, 1.8, 2.1, 2.2, 2.3]",F,rebounds,under,5.7549,5.5,-118,splash_sports,0.52,0.9661,N/A,,,sleeper 5.5 O -120; U -137 | splash_sports 5.5 O -118; U -118,"Team REB: 36.37, Team AST: 18.63, Team 3PM: 8.57, Team STL: 7.00, Team BLK: 5.47, Team TO: 10.87",N/A,N/A,N/A,5.75,interpolated_sim,2026-03-22 07:45 PM CDT,https://kenpom.com/player.php?p=52265
Milan Momcilovic,Iowa St.,Kentucky,36.0,0.95,"[36, 31, 31, 36, 35]","[1.9, 1.6, 1.6, 1.9, 1.8]",F,points_rebounds_assists,under,21.5349,21.5,-118,splash_sports,0.52,0.9655,N/A,,,sleeper 21.5 O -133; U -123 | splash_sports 21.5 O -118; U -118,"Team REB: 35.60, Team AST: 17.40, Team 3PM: 8.83, Team STL: 8.77, Team BLK: 2.87, Team TO: 10.37",N/A,N/A,N/A,"15.82,4.48,1.23","interpolated_sim,interpolated_sim,interpolated_sim",2026-03-22 01:45 PM CDT,https://kenpom.com/player.php?p=54466
Mason Falslev,Utah St.,Arizona,34.0,0.97,"[35, 34, 31, 31, 35]","[2.3, 2.2, 2, 2, 2.3]",F,points,under,14.7926,14.5,-114,caesars,0.51,0.9647,N/A,,,caesars 14.5 O -117; U -114 | fanatics 14.5 O -115; U -115 | fanduel 14.5 O -108; U -120 | prophetx 14.5 O -121; U -129 | splash_sports 14.5 O -118; U -118,"Team REB: 34.63, Team AST: 17.70, Team 3PM: 8.83, Team STL: 8.77, Team BLK: 2.97, Team TO: 10.67",N/A,N/A,N/A,14.79,interpolated_sim,2026-03-22 06:50 PM CDT,https://kenpom.com/player.php?p=53101
Drake Allen,Utah St.,Arizona,33.0,0.95,"[37, 30, 31, 30, 33]","[3.5, 2.8, 2.9, 2.8, 3.1]",G,threes,over,1.1362,0.5,-197,caesars,0.64,0.9625,N/A,,,caesars 0.5 O -197; U NA,"Team REB: 34.63, Team AST: 17.70, Team 3PM: 8.83, Team STL: 8.77, Team BLK: 2.97, Team TO: 10.67",N/A,N/A,N/A,1.14,interpolated_sim,2026-03-22 06:50 PM CDT,https://kenpom.com/player.php?p=53191
Bennett Stirtz,Iowa,Florida,40.0,1.0,"[40, 45, 39, 39, 40]","[2.2, 2.5, 2.1, 2.1, 2.2]",G,points_rebounds_assists,under,26.5533,26.5,-118,splash_sports,0.52,0.9618,N/A,,,splash_sports 26.5 O -118; U -118,"Team REB: 29.83, Team AST: 15.14, Team 3PM: 7.83, Team STL: 7.07, Team BLK: 2.10, Team TO: 9.48",N/A,N/A,N/A,"19.28,3.35,3.92","interpolated_sim,interpolated_sim,interpolated_sim",2026-03-22 06:10 PM CDT,https://kenpom.com/player.php?p=56549
Denzel Aberdeen,Kentucky,Iowa St.,37.0,0.98,"[36, 37, 34, 35, 38]","[2.2, 2.3, 2.1, 2.2, 2.4]",G,turnovers,over,1.7722,1.5,-118,splash_sports,0.52,0.9616,N/A,,,splash_sports 1.5 O -118; U -118,"Team REB: 38.20, Team AST: 16.17, Team 3PM: 8.33, Team STL: 7.10, Team BLK: 4.33, Team TO: 10.73",N/A,N/A,N/A,1.77,interpolated_sim,2026-03-22 01:45 PM CDT,https://kenpom.com/player.php?p=52525
Mason Falslev,Utah St.,Arizona,34.0,0.97,"[35, 34, 31, 31, 35]","[2.3, 2.2, 2, 2, 2.3]",F,points_rebounds_assists,under,24.5933,24.5,-118,splash_sports,0.52,0.9616,N/A,,,splash_sports 24.5 O -118; U -118,"Team REB: 34.63, Team AST: 17.70, Team 3PM: 8.83, Team STL: 8.77, Team BLK: 2.97, Team TO: 10.67",N/A,N/A,N/A,"14.79,7.13,2.67","interpolated_sim,interpolated_sim,interpolated_sim",2026-03-22 06:50 PM CDT,https://kenpom.com/player.php?p=53101
Shelton Henderson,Miami FL,Purdue,35.0,0.98,"[36, 33, 31, 32, 37]","[2.4, 2.2, 2.1, 2.2, 2.5]",F,points,over,13.0168,12.5,-112,caesars,0.51,0.9616,N/A,,,caesars 12.5 O -112; U -120 | fanatics 12.5 O -115; U -115 | fanduel 12.5 O -114; U -114 | prophetx 12.5 O -116; U -133 | splash_sports 12.5 O -118; U -118,"Team REB: 38.20, Team AST: 16.40, Team 3PM: 6.67, Team STL: 8.00, Team BLK: 3.33, Team TO: 11.57",N/A,N/A,N/A,13.02,interpolated_sim,2026-03-22 11:10 AM CDT,https://kenpom.com/player.php?p=58422
Denzel Aberdeen,Kentucky,Iowa St.,37.0,0.98,"[36, 37, 34, 35, 38]","[2.2, 2.3, 2.1, 2.2, 2.4]",G,threes,under,1.9414,1.5,115,fanatics,0.45,0.9612,N/A,,,fanatics 1.5 O -150; U +115,"Team REB: 38.20, Team AST: 16.17, Team 3PM: 8.33, Team STL: 7.10, Team BLK: 4.33, Team TO: 10.73",N/A,N/A,N/A,1.94,interpolated_sim,2026-03-22 01:45 PM CDT,https://kenpom.com/player.php?p=52525
Brayden Burries,Arizona,Utah St.,30.0,0.95,"[33, 33, 19, 33, 28]","[2.3, 2.3, 1.3, 2.3, 2]",F,steals,under,1.3417,1.5,-180,fanatics,0.62,0.9606,N/A,,,fanatics 1.5 O +140; U -180,"Team REB: 43.23, Team AST: 17.23, Team 3PM: 5.87, Team STL: 8.07, Team BLK: 4.27, Team TO: 11.03",N/A,N/A,N/A,1.34,interpolated_sim,2026-03-22 06:50 PM CDT,https://kenpom.com/player.php?p=59285
Motiejus Krivas,Arizona,Utah St.,25.0,0.98,"[25, 23, 27, 25, 22]","[2.7, 2.5, 2.9, 2.7, 2.4]",C,points_rebounds,under,18.5516,18.5,-122,fanduel,0.53,0.9597,N/A,,,fanduel 18.5 O -104; U -122,"Team REB: 43.23, Team AST: 17.23, Team 3PM: 5.87, Team STL: 8.07, Team BLK: 4.27, Team TO: 11.03",N/A,N/A,N/A,"10.50,8.05","interpolated_sim,interpolated_sim",2026-03-22 06:50 PM CDT,https://kenpom.com/player.php?p=55294
Donovan Dent,UCLA,Connecticut,36.0,0.92,"[34, 39, 38, 10, 40]","[1.7, 2, 1.9, 0.5, 2]",G,points_rebounds_assists,under,24.5774,24.5,-118,splash_sports,0.52,0.9585,N/A,,,sleeper 24.5 O -123; U -133 | splash_sports 24.5 O -118; U -118,"Team REB: 32.30, Team AST: 16.00, Team 3PM: 7.87, Team STL: 6.40, Team BLK: 3.00, Team TO: 9.07",Recovered from prior calf strain; full participation in UCF game (40 min),"High recent usage (38-40 min), key PG in all top lineups, sustainable in close tournament game",N/A,"15.11,3.62,5.85","interpolated_sim,interpolated_sim,interpolated_sim",2026-03-22 07:45 PM CDT,https://kenpom.com/player.php?p=52830
Kael Combs,Iowa,Florida,28.0,0.95,"[20, 43, 25, 20, 30]","[1.2, 2.7, 1.6, 1.2, 1.9]",GF,points,under,6.8224,6.5,-115,fanatics,0.51,0.9579,N/A,,,caesars 6.5 O -115; U -117 | fanatics 6.5 O -115; U -115 | prophetx 6.5 O -153; U -161 | splash_sports 6.5 O -118; U -118,"Team REB: 29.83, Team AST: 15.14, Team 3PM: 7.83, Team STL: 7.07, Team BLK: 2.10, Team TO: 9.48",N/A,N/A,N/A,6.82,interpolated_sim,2026-03-22 06:10 PM CDT,https://kenpom.com/player.php?p=54986
Oziyah Sellers,St. John's,Kansas,29.0,0.95,"[32, 32, 16, 19, 25]","[2.2, 2.2, 1.1, 1.3, 1.8]",GF,rebounds,over,2.9789,2.5,-118,splash_sports,0.52,0.9576,N/A,,,sleeper 2.5 O -149; U -110 | splash_sports 2.5 O -118; U -118,,Minor hip tweak in Big East semifinal (Mar 13) but returned and played full role since,"Recent minutes: 32 (vs Providence), 25 (vs UNI); averaging 29.6 MPG pre-tournament; top lineup player & coach praise (Pitino: 'lock NBA player')",N/A,2.98,interpolated_sim,2026-03-22 04:15 PM CDT,https://kenpom.com/player.php?p=53085
Flory Bidunga,Kansas,St. John's,32.0,0.95,"[37, 26, 27, 31, 30]","[2.7, 1.9, 2, 2.2, 2.2]",C,rebounds,under,9.1044,8.5,-108,fanduel,0.5,0.9553,N/A,,,caesars 8.5 O -117; U -115 | fanatics 8.5 O -115; U -115 | fanduel 8.5 O -122; U -108 | prophetx 8.5 O -155; U -159 | sleeper 8.5 O -135; U -120 | splash_sports 8.5 O -118; U -118,"Team REB: 38.63, Team AST: 14.40, Team 3PM: 7.37, Team STL: 5.50, Team BLK: 5.87, Team TO: 10.73",N/A,N/A,N/A,9.10,interpolated_sim,2026-03-22 04:15 PM CDT,https://kenpom.com/player.php?p=56053
Josiah Moseley,Texas Tech,Alabama,22.0,0.9,"[21, 22, 15, 18, 25]","[1.9, 2, 1.4, 1.6, 2.2]",FC,blocks,under,1.2268,1.5,-225,fanatics,0.66,0.955,N/A,,,fanatics 1.5 O +165; U -225,"Team REB: 37.30, Team AST: 16.07, Team 3PM: 11.47, Team STL: 5.93, Team BLK: 3.87, Team TO: 10.90",N/A,N/A,N/A,1.23,interpolated_sim,2026-03-22 08:45 PM CDT,https://kenpom.com/player.php?p=56172
J.P. Estrella,Tennessee,Virginia,25.0,0.88,"[27, 23, 16, 20, 29]","[3.2, 2.7, 1.9, 2.4, 3.4]",C,points_rebounds,under,18.6629,18.5,-120,fanduel,0.52,0.9542,N/A,,,fanduel 18.5 O -108; U -120,"Team REB: 42.67, Team AST: 17.20, Team 3PM: 6.67, Team STL: 7.63, Team BLK: 3.43, Team TO: 11.97",History of left foot surgery/soreness (Feb 2026 managed),Recent full minutes despite history,N/A,"11.35,7.32","interpolated_sim,interpolated_sim",2026-03-22 05:10 PM CDT,https://kenpom.com/player.php?p=54830
Cam Manyawu,Iowa,Florida,22.0,0.95,"[28, 15, 26, 22, 23]","[3.5, 1.9, 3.2, 2.8, 2.9]",C,points_rebounds_assists,over,15.2102,14.5,-118,splash_sports,0.52,0.9533,N/A,,,splash_sports 14.5 O -118; U -118,"Team REB: 29.83, Team AST: 15.14, Team 3PM: 7.83, Team STL: 7.07, Team BLK: 2.10, Team TO: 9.48",N/A,N/A,N/A,"7.75,6.37,1.09","interpolated_sim,interpolated_sim,interpolated_sim",2026-03-22 06:10 PM CDT,https://kenpom.com/player.php?p=54984
Bennett Stirtz,Iowa,Florida,40.0,1.0,"[40, 45, 39, 39, 40]","[2.2, 2.5, 2.1, 2.1, 2.2]",G,threes,under,2.4213,2.5,-150,fanatics,0.57,0.953,N/A,,,caesars 2.5 O +114; U -152 | fanatics 2.5 O +115; U -150 | prophetx 2.5 O +109; U -171,"Team REB: 29.83, Team AST: 15.14, Team 3PM: 7.83, Team STL: 7.07, Team BLK: 2.10, Team TO: 9.48",N/A,N/A,N/A,2.42,interpolated_sim,2026-03-22 06:10 PM CDT,https://kenpom.com/player.php?p=56549
Xaivian Lee,Florida,Iowa,30.0,0.95,"[25, 31, 31, 30, 23]","[1.7, 2.1, 2.1, 2, 1.6]",G,steals,under,1.1628,1.5,-250,fanatics,0.68,0.9512,N/A,,,fanatics 1.5 O +185; U -250,"Team REB: 45.67, Team AST: 16.83, Team 3PM: 7.57, Team STL: 6.67, Team BLK: 5.07, Team TO: 11.73",N/A,N/A,N/A,1.16,interpolated_sim,2026-03-22 06:10 PM CDT,https://kenpom.com/player.php?p=53977
Flory Bidunga,Kansas,St. John's,32.0,0.95,"[37, 26, 27, 31, 30]","[2.7, 1.9, 2, 2.2, 2.2]",C,turnovers,under,1.6501,1.5,-118,splash_sports,0.51,0.9505,N/A,,,splash_sports 1.5 O -118; U -118,"Team REB: 38.63, Team AST: 14.40, Team 3PM: 7.37, Team STL: 5.50, Team BLK: 5.87, Team TO: 10.73",N/A,N/A,N/A,1.65,interpolated_sim,2026-03-22 04:15 PM CDT,https://kenpom.com/player.php?p=56053
Jaden Bradley,Arizona,Utah St.,32.0,0.88,"[35, 31, 31, 34, 23]","[2.2, 1.9, 1.9, 2.1, 1.4]",G,points_assists,under,18.554,18.5,-122,fanduel,0.52,0.9495,N/A,,,fanduel 18.5 O -104; U -122,"Team REB: 43.23, Team AST: 17.23, Team 3PM: 5.87, Team STL: 8.07, Team BLK: 4.27, Team TO: 11.03",Tweaked left wrist/finger in Big 12 final but returned to game and practicing normally,Healthy now but slight uncertainty post-injury; blowout limited last game's minutes,N/A,"14.29,4.26","interpolated_sim,interpolated_sim",2026-03-22 06:50 PM CDT,https://kenpom.com/player.php?p=52396
Malik Reneau,Miami FL,Purdue,32.0,0.94,"[33, 25, 31, 32, 36]","[2.8, 2.1, 2.6, 2.7, 3.1]",C,threes,under,0.8849,0.5,130,fanatics,0.41,0.9494,N/A,,,fanatics 0.5 O -190; U +130,"Team REB: 38.20, Team AST: 16.40, Team 3PM: 6.67, Team STL: 8.00, Team BLK: 3.33, Team TO: 11.57",N/A,N/A,N/A,0.88,poisson_fallback,2026-03-22 11:10 AM CDT,https://kenpom.com/player.php?p=52577
Trent Perry,UCLA,Connecticut,36.0,0.96,"[29, 34, 30, 40, 37]","[1.6, 1.9, 1.6, 2.2, 2]",GF,turnovers,over,1.7572,1.5,-118,splash_sports,0.51,0.9485,N/A,,,splash_sports 1.5 O -118; U -118,"Team REB: 32.30, Team AST: 16.00, Team 3PM: 7.87, Team STL: 6.40, Team BLK: 3.00, Team TO: 9.07",N/A,"Extremely stable 34-40 range, 37 in UCF; core in all lineups",N/A,1.76,interpolated_sim,2026-03-22 07:45 PM CDT,https://kenpom.com/player.php?p=56393
Alvaro Folgueiras,Iowa,Florida,22.0,0.95,"[22, 30, 18, 23, 20]","[2.1, 2.9, 1.8, 2.2, 2]",C,points,under,8.7836,8.5,-118,splash_sports,0.51,0.9481,N/A,,,splash_sports 8.5 O -118; U -118,"Team REB: 29.83, Team AST: 15.14, Team 3PM: 7.83, Team STL: 7.07, Team BLK: 2.10, Team TO: 9.48",N/A,N/A,N/A,8.78,interpolated_sim,2026-03-22 06:10 PM CDT,https://kenpom.com/player.php?p=54747
Koa Peat,Arizona,Utah St.,29.0,0.92,"[35, 29, 26, 27, 28]","[2.8, 2.3, 2.1, 2.2, 2.2]",FC,points_rebounds,under,19.8452,19.5,-115,fanduel,0.51,0.947,N/A,,,fanduel 19.5 O -111; U -115,"Team REB: 43.23, Team AST: 17.23, Team 3PM: 5.87, Team STL: 8.07, Team BLK: 4.27, Team TO: 11.03",Recovered from February leg injury; full minutes in first round,No recent issues; consistent high usage,N/A,"14.14,5.71","interpolated_sim,interpolated_sim",2026-03-22 06:50 PM CDT,https://kenpom.com/player.php?p=59288
J.P. Estrella,Tennessee,Virginia,25.0,0.88,"[27, 23, 16, 20, 29]","[3.2, 2.7, 1.9, 2.4, 3.4]",C,points_rebounds_assists,under,19.7853,19.5,-118,splash_sports,0.51,0.9463,N/A,,,splash_sports 19.5 O -118; U -118,"Team REB: 42.67, Team AST: 17.20, Team 3PM: 6.67, Team STL: 7.63, Team BLK: 3.43, Team TO: 11.97",History of left foot surgery/soreness (Feb 2026 managed),Recent full minutes despite history,N/A,"11.35,7.32,1.12","interpolated_sim,interpolated_sim,interpolated_sim",2026-03-22 05:10 PM CDT,https://kenpom.com/player.php?p=54830
Collin Chandler,Kentucky,Iowa St.,34.0,0.9,"[35, 30, 33, 28, 42]","[2.8, 2.4, 2.6, 2.2, 3.4]",GF,threes,under,2.32,2.5,-175,fanatics,0.6,0.9448,N/A,,,fanatics 2.5 O +125; U -175,"Team REB: 38.20, Team AST: 16.17, Team 3PM: 8.33, Team STL: 7.10, Team BLK: 4.33, Team TO: 10.73",N/A,N/A,N/A,2.32,interpolated_sim,2026-03-22 01:45 PM CDT,https://kenpom.com/player.php?p=56073
Blake Buchanan,Iowa St.,Kentucky,26.0,0.95,"[22, 25, 24, 25, 26]","[2.1, 2.4, 2.3, 2.4, 2.5]",C,points,over,10.0709,9.5,-118,splash_sports,0.51,0.9407,N/A,,,sleeper 9.5 O -128; U -128 | splash_sports 9.5 O -118; U -118,"Team REB: 35.60, Team AST: 17.40, Team 3PM: 8.83, Team STL: 8.77, Team BLK: 2.87, Team TO: 10.37",N/A,N/A,N/A,10.07,interpolated_sim,2026-03-22 01:45 PM CDT,https://kenpom.com/player.php?p=54958
Malachi Moreno,Kentucky,Iowa St.,22.0,0.85,"[28, 12, 32, 21, 20]","[2.7, 1.1, 3, 2, 1.9]",C,assists,under,1.4786,1.5,-156,sleeper,0.57,0.9397,N/A,,,sleeper 1.5 O -105; U -156,"Team REB: 38.20, Team AST: 16.17, Team 3PM: 8.33, Team STL: 7.10, Team BLK: 4.33, Team TO: 10.73",Minor right leg soreness from SEC Tournament resolved; fully available per coach Pope.,"High recent minutes average (~22) and key role in top lineups support slight upward adjustment, tempered by high std dev, poor SCU performance, and variability.",N/A,1.48,interpolated_sim,2026-03-22 01:45 PM CDT,https://kenpom.com/player.php?p=58397
Flory Bidunga,Kansas,St. John's,32.0,0.95,"[37, 26, 27, 31, 30]","[2.7, 1.9, 2, 2.2, 2.2]",C,points_rebounds_assists,over,22.1341,21.5,-118,splash_sports,0.51,0.9383,N/A,,,sleeper 21.5 O -123; U -133 | splash_sports 21.5 O -118; U -118,"Team REB: 38.63, Team AST: 14.40, Team 3PM: 7.37, Team STL: 5.50, Team BLK: 5.87, Team TO: 10.73",N/A,N/A,N/A,"11.65,9.10,1.38","interpolated_sim,interpolated_sim,interpolated_sim",2026-03-22 04:15 PM CDT,https://kenpom.com/player.php?p=56053
Braden Smith,Purdue,Miami FL,35.0,0.95,"[36, 37, 32, 38, 32]","[1.7, 1.8, 1.5, 1.8, 1.5]",G,rebounds,under,3.7888,3.5,-118,splash_sports,0.51,0.9377,N/A,,,splash_sports 3.5 O -118; U -118,"Team REB: 35.60, Team AST: 19.67, Team 3PM: 9.40, Team STL: 5.67, Team BLK: 2.67, Team TO: 9.17",N/A,N/A,N/A,3.79,interpolated_sim,2026-03-22 11:10 AM CDT,https://kenpom.com/player.php?p=52901
Thijs De Ridder,Virginia,Tennessee,29.0,0.98,"[26, 28, 28, 29, 29]","[2.2, 2.4, 2.4, 2.5, 2.5]",C,points_rebounds_assists,over,21.0457,20.5,-118,splash_sports,0.51,0.9331,N/A,,,splash_sports 20.5 O -118; U -118,"Team REB: 40.93, Team AST: 16.73, Team 3PM: 10.13, Team STL: 6.57, Team BLK: 6.23, Team TO: 10.80",N/A,N/A,N/A,"13.15,6.53,1.36","interpolated_sim,interpolated_sim,interpolated_sim",2026-03-22 05:10 PM CDT,https://kenpom.com/player.php?p=59438
Christian Anderson,Texas Tech,Alabama,37.0,0.95,"[32, 40, 40, 31, 39]","[1.6, 2, 2, 1.6, 2]",G,points_rebounds_assists,over,35.0446,34.5,-118,splash_sports,0.5,0.9327,N/A,,,sleeper 34.5 O -125; U -132 | splash_sports 34.5 O -118; U -118,"Team REB: 37.30, Team AST: 16.07, Team 3PM: 11.47, Team STL: 5.93, Team BLK: 3.87, Team TO: 10.90","Groin strain from Big 12 tournament resolved; cleared, full strength, scored 18pts/5ast/4stl in first round vs Akron",Post-injury game confirms full workload capacity despite prior std dev; no limitations reported,N/A,"23.18,4.48,7.38","interpolated_sim,interpolated_sim,interpolated_sim",2026-03-22 08:45 PM CDT,https://kenpom.com/player.php?p=56143
Xaivian Lee,Florida,Iowa,30.0,0.95,"[25, 31, 31, 30, 23]","[1.7, 2.1, 2.1, 2, 1.6]",G,points_rebounds_assists,under,18.8211,18.5,-118,splash_sports,0.5,0.9323,N/A,,,splash_sports 18.5 O -118; U -118,"Team REB: 45.67, Team AST: 16.83, Team 3PM: 7.57, Team STL: 6.67, Team BLK: 5.07, Team TO: 11.73",N/A,N/A,N/A,"11.55,3.41,3.86","interpolated_sim,interpolated_sim,interpolated_sim",2026-03-22 06:10 PM CDT,https://kenpom.com/player.php?p=53977
Anthony Dell'Orso,Arizona,Utah St.,21.0,0.95,"[16, 17, 30, 22, 22]","[0.9, 0.9, 1.6, 1.2, 1.2]",GF,points,under,7.9012,7.5,-118,splash_sports,0.5,0.9317,N/A,,,splash_sports 7.5 O -118; U -118,"Team REB: 43.23, Team AST: 17.23, Team 3PM: 5.87, Team STL: 8.07, Team BLK: 4.27, Team TO: 11.03",N/A,N/A,N/A,7.90,interpolated_sim,2026-03-22 06:50 PM CDT,https://kenpom.com/player.php?p=52478
Bishop Boswell,Tennessee,Virginia,28.0,0.95,"[29, 29, 31, 21, 21]","[3.2, 3.2, 3.4, 2.3, 2.3]",F,turnovers,under,1.6848,1.5,-118,splash_sports,0.5,0.9285,N/A,,,splash_sports 1.5 O -118; U -118,"Team REB: 42.67, Team AST: 17.20, Team 3PM: 6.67, Team STL: 7.63, Team BLK: 3.43, Team TO: 11.97",N/A,N/A,N/A,1.68,interpolated_sim,2026-03-22 05:10 PM CDT,https://kenpom.com/player.php?p=56085
Oscar Cluff,Purdue,Miami FL,26.0,0.9,"[30, 34, 28, 25, 22]","[3.4, 3.8, 3.2, 2.8, 2.5]",C,points_rebounds_assists,over,22.0085,21.5,-118,splash_sports,0.5,0.927,N/A,,,splash_sports 21.5 O -118; U -118,"Team REB: 35.60, Team AST: 19.67, Team 3PM: 9.40, Team STL: 5.67, Team BLK: 2.67, Team TO: 9.17",N/A,N/A,N/A,"11.54,8.67,1.79","interpolated_sim,interpolated_sim,interpolated_sim",2026-03-22 11:10 AM CDT,https://kenpom.com/player.php?p=55519
Labaron Philon,Alabama,Texas Tech,36.0,0.95,"[28, 34, 29, 34, 36]","[1.5, 1.8, 1.5, 1.8, 1.9]",G,threes,under,2.3043,2.5,-190,fanatics,0.6,0.9175,N/A,,,fanatics 2.5 O +130; U -190,"Team REB: 40.73, Team AST: 16.33, Team 3PM: 12.97, Team STL: 6.50, Team BLK: 5.07, Team TO: 10.00",N/A,N/A,N/A,2.30,interpolated_sim,2026-03-22 08:45 PM CDT,https://kenpom.com/player.php?p=56059
Milan Momcilovic,Iowa St.,Kentucky,36.0,0.95,"[36, 31, 31, 36, 35]","[1.9, 1.6, 1.6, 1.9, 1.8]",F,rebounds,under,4.4835,4.5,-172,sleeper,0.56,0.8916,N/A,,,sleeper 4.5 O +103; U -172,"Team REB: 35.60, Team AST: 17.40, Team 3PM: 8.83, Team STL: 8.77, Team BLK: 2.87, Team TO: 10.37",N/A,N/A,N/A,4.48,interpolated_sim,2026-03-22 01:45 PM CDT,https://kenpom.com/player.php?p=54466
Zuby Ejiofor,St. John's,Kansas,30.0,0.95,"[23, 24, 33, 33, 27]","[1.9, 2, 2.7, 2.7, 2.2]",C,threes,over,0.5503,0.5,-143,caesars,0.42,0.7191,N/A,,,caesars 0.5 O -143; U NA,,N/A,N/A,N/A,0.55,poisson_fallback,2026-03-22 04:15 PM CDT,https://kenpom.com/player.php?p=53675
